{
  "metric": "test_mcc",
  "stats": {
    "NS": {
      "n": 5,
      "mean": 0.23052,
      "ci95": [
        0.21424215574960861,
        0.2467978442503914
      ]
    },
    "SS": {
      "n": 5,
      "mean": 0.34219999999999995,
      "ci95": [
        0.3181611773000423,
        0.3662388226999576
      ]
    }
  }
}