{
  "metric": "balanced_accuracy",
  "stats": {
    "NS": {
      "n": 5,
      "mean": 0.61516,
      "ci95": [
        0.6070333001433547,
        0.6232866998566454
      ]
    },
    "SS": {
      "n": 5,
      "mean": 0.66964,
      "ci95": [
        0.6571147565229254,
        0.6821652434770746
      ]
    }
  }
}