{
  "metric": "loss",
  "n_SS": 5,
  "n_NS": 5,
  "mean_SS": 0.6335999999999999,
  "mean_NS": 1.18214,
  "t_test_pvalue": 1.9146802848956406e-09,
  "stars": "****"
}