{
  "metric": "balanced_precision",
  "stats": {
    "NS": {
      "n": 5,
      "mean": 0.61538,
      "ci95": [
        0.6072590219899325,
        0.6235009780100675
      ]
    },
    "SS": {
      "n": 5,
      "mean": 0.67256,
      "ci95": [
        0.661024171943029,
        0.6840958280569711
      ]
    }
  }
}