{
  "metric": "balanced_pr_auc",
  "n_SS": 5,
  "n_NS": 5,
  "mean_SS": 0.7306000000000001,
  "mean_NS": 0.59534,
  "t_test_pvalue": 3.1043344617442184e-06,
  "stars": "****"
}