{
  "metric": "valid_best_mcc",
  "stats": {
    "NS": {
      "n": 5,
      "mean": 0.71116,
      "ci95": [
        0.6909015628796297,
        0.7314184371203704
      ]
    },
    "SS": {
      "n": 5,
      "mean": 0.39476000000000006,
      "ci95": [
        0.3832983396246443,
        0.4062216603753558
      ]
    }
  }
}