{
  "metric": "balanced_mcc",
  "n_SS": 5,
  "n_NS": 5,
  "mean_SS": 0.34219999999999995,
  "mean_NS": 0.23052,
  "t_test_pvalue": 6.671957084136233e-05,
  "stars": "****"
}