{
  "metric": "balanced_pr_auc",
  "stats": {
    "NS": {
      "n": 5,
      "mean": 0.59534,
      "ci95": [
        0.5803857523037766,
        0.6102942476962233
      ]
    },
    "SS": {
      "n": 5,
      "mean": 0.7306000000000001,
      "ci95": [
        0.712869527564106,
        0.7483304724358942
      ]
    }
  }
}