{
  "metric": "balanced_threshold",
  "stats": {
    "NS": {
      "n": 5,
      "mean": 0.9023519873619079,
      "ci95": [
        0.8899168554202814,
        0.9147871193035344
      ]
    },
    "SS": {
      "n": 5,
      "mean": 0.5007135987281799,
      "ci95": [
        0.46469677316849034,
        0.5367304242878694
      ]
    }
  }
}