{
  "metric": "balanced_f1",
  "stats": {
    "NS": {
      "n": 5,
      "mean": 0.61494,
      "ci95": [
        0.6068312831495977,
        0.6230487168504024
      ]
    },
    "SS": {
      "n": 5,
      "mean": 0.66814,
      "ci95": [
        0.6549291638054209,
        0.681350836194579
      ]
    }
  }
}