{
  "metric": "loss",
  "stats": {
    "NS": {
      "n": 5,
      "mean": 1.18214,
      "ci95": [
        1.1468104576740654,
        1.2174695423259345
      ]
    },
    "SS": {
      "n": 5,
      "mean": 0.6335999999999999,
      "ci95": [
        0.6244055315759963,
        0.6427944684240036
      ]
    }
  }
}