{
  "metric": "balanced_roc_auc",
  "stats": {
    "NS": {
      "n": 5,
      "mean": 0.62618,
      "ci95": [
        0.6149665729484692,
        0.6373934270515307
      ]
    },
    "SS": {
      "n": 5,
      "mean": 0.70614,
      "ci95": [
        0.68577517555784,
        0.72650482444216
      ]
    }
  }
}