stat,value
chi2,277.38210036729635
p_value,2.277318689419037e-30
dof,58.0
num_organisms,30.0
