stat,value
chi2,160.7305935175227
p_value,1.5491359216785228e-12
dof,54.0
num_organisms,28.0
