stat,value
chi2,161.55570027806203
p_value,2.4086526926619326e-20
dof,29.0
js_divergence,0.003108860015886959
kl_pos_to_neg,0.014695684307799021
