stat,value
chi2,66.0537831971034
p_value,0.9258007923150288
dof,84.0
num_organisms,43.0
