stat,value
chi2,99.12602000143926
p_value,0.008196475418822978
dof,68.0
num_organisms,35.0
