stat,value
chi2,1233.962770633908
p_value,3.0338388867404386e-231
dof,42.0
js_divergence,0.002000625123467108
kl_pos_to_neg,0.014003887941919672
