"Step","biogrid_exp_match_seed314 - train/loss","biogrid_exp_match_seed314 - train/loss__MIN","biogrid_exp_match_seed314 - train/loss__MAX","biogrid_exp_nomatch_seed314 - train/loss","biogrid_exp_nomatch_seed314 - train/loss__MIN","biogrid_exp_nomatch_seed314 - train/loss__MAX","biogrid_exp_match_seed550 - train/loss","biogrid_exp_match_seed550 - train/loss__MIN","biogrid_exp_match_seed550 - train/loss__MAX","biogrid_exp_nomatch_seed550 - train/loss","biogrid_exp_nomatch_seed550 - train/loss__MIN","biogrid_exp_nomatch_seed550 - train/loss__MAX","biogrid_exp_match_seed576 - train/loss","biogrid_exp_match_seed576 - train/loss__MIN","biogrid_exp_match_seed576 - train/loss__MAX","biogrid_exp_nomatch_seed576 - train/loss","biogrid_exp_nomatch_seed576 - train/loss__MIN","biogrid_exp_nomatch_seed576 - train/loss__MAX","biogrid_exp_match_seed842 - train/loss","biogrid_exp_match_seed842 - train/loss__MIN","biogrid_exp_match_seed842 - train/loss__MAX","biogrid_exp_match_seed669 - train/loss","biogrid_exp_match_seed669 - train/loss__MIN","biogrid_exp_match_seed669 - train/loss__MAX","biogrid_exp_nomatch_seed842 - train/loss","biogrid_exp_nomatch_seed842 - train/loss__MIN","biogrid_exp_nomatch_seed842 - train/loss__MAX","biogrid_exp_nomatch_seed669 - train/loss","biogrid_exp_nomatch_seed669 - train/loss__MIN","biogrid_exp_nomatch_seed669 - train/loss__MAX"
"100","0.6776396745443344","0.6776396745443344","0.6776396745443344","0.6546431678533554","0.6546431678533554","0.6546431678533554","0.6730998730659485","0.6730998730659485","0.6730998730659485","0.6512464749813079","0.6512464749813079","0.6512464749813079","0.6904846382141113","0.6904846382141113","0.6904846382141113","0.6800283485651016","0.6800283485651016","0.6800283485651016","0.6799235928058625","0.6799235928058625","0.6799235928058625","0.6799175369739533","0.6799175369739533","0.6799175369739533","0.6600885385274887","0.6600885385274887","0.6600885385274887","0.6486690652370453","0.6486690652370453","0.6486690652370453"
"200","0.6521197658777237","0.6521197658777237","0.6521197658777237","0.5760700613260269","0.5760700613260269","0.5760700613260269","0.6536110413074493","0.6536110413074493","0.6536110413074493","0.5409421780705452","0.5409421780705452","0.5409421780705452","0.650629820227623","0.650629820227623","0.650629820227623","0.5490274915099144","0.5490274915099144","0.5490274915099144","0.6502035635709763","0.6502035635709763","0.6502035635709763","0.6535834127664566","0.6535834127664566","0.6535834127664566","0.5776209613680839","0.5776209613680839","0.5776209613680839","0.5425342357158661","0.5425342357158661","0.5425342357158661"
"300","0.6502229100465775","0.6502229100465775","0.6502229100465775","0.5239246982336044","0.5239246982336044","0.5239246982336044","0.6475594830513001","0.6475594830513001","0.6475594830513001","0.5097499099373818","0.5097499099373818","0.5097499099373818","0.6475825977325439","0.6475825977325439","0.6475825977325439","0.5070665711164475","0.5070665711164475","0.5070665711164475","0.6436336892843246","0.6436336892843246","0.6436336892843246","0.6473560589551925","0.6473560589551925","0.6473560589551925","0.5208211117982864","0.5208211117982864","0.5208211117982864","0.5115102982521057","0.5115102982521057","0.5115102982521057"
"400","0.6435573863983154","0.6435573863983154","0.6435573863983154","0.4965051618218422","0.4965051618218422","0.4965051618218422","0.6436897569894791","0.6436897569894791","0.6436897569894791","0.5117321798205375","0.5117321798205375","0.5117321798205375","0.6459490662813187","0.6459490662813187","0.6459490662813187","0.4948619568347931","0.4948619568347931","0.4948619568347931","0.6459039562940597","0.6459039562940597","0.6459039562940597","0.6447743028402328","0.6447743028402328","0.6447743028402328","0.5035403054952622","0.5035403054952622","0.5035403054952622","0.49760585129261015","0.49760585129261015","0.49760585129261015"
"500","0.6453313905000687","0.6453313905000687","0.6453313905000687","0.4961444297432899","0.4961444297432899","0.4961444297432899","0.642516148686409","0.642516148686409","0.642516148686409","0.5010677605867386","0.5010677605867386","0.5010677605867386","0.6462369763851166","0.6462369763851166","0.6462369763851166","0.4936833807826042","0.4936833807826042","0.4936833807826042","0.6407511520385742","0.6407511520385742","0.6407511520385742","0.6397137641906738","0.6397137641906738","0.6397137641906738","0.49396503388881685","0.49396503388881685","0.49396503388881685","0.5003440552949905","0.5003440552949905","0.5003440552949905"
"600","0.6417276251316071","0.6417276251316071","0.6417276251316071","0.49545590549707413","0.49545590549707413","0.49545590549707413","0.6401650542020798","0.6401650542020798","0.6401650542020798","0.48953466683626173","0.48953466683626173","0.48953466683626173","0.6368898421525955","0.6368898421525955","0.6368898421525955","0.4949174189567566","0.4949174189567566","0.4949174189567566","0.641574844121933","0.641574844121933","0.641574844121933","0.6408923047780991","0.6408923047780991","0.6408923047780991","0.5001688769459725","0.5001688769459725","0.5001688769459725","0.49572323620319364","0.49572323620319364","0.49572323620319364"
"700","0.642303062081337","0.642303062081337","0.642303062081337","0.49367191284894946","0.49367191284894946","0.49367191284894946","0.6377528405189514","0.6377528405189514","0.6377528405189514","0.4866793829202652","0.4866793829202652","0.4866793829202652","0.6415203458070755","0.6415203458070755","0.6415203458070755","0.48569987177848817","0.48569987177848817","0.48569987177848817","0.6412349587678909","0.6412349587678909","0.6412349587678909","0.6382188665866851","0.6382188665866851","0.6382188665866851","0.48495947510004045","0.48495947510004045","0.48495947510004045","0.4883698108792305","0.4883698108792305","0.4883698108792305"
"800","0.636362320780754","0.636362320780754","0.636362320780754","0.4829175755381584","0.4829175755381584","0.4829175755381584","0.6432817697525024","0.6432817697525024","0.6432817697525024","0.4868682599067688","0.4868682599067688","0.4868682599067688","0.6356574207544327","0.6356574207544327","0.6356574207544327","0.4912612321972847","0.4912612321972847","0.4912612321972847","0.6352193194627762","0.6352193194627762","0.6352193194627762","0.635783217549324","0.635783217549324","0.635783217549324","0.4887084156274796","0.4887084156274796","0.4887084156274796","0.4795809170603752","0.4795809170603752","0.4795809170603752"
"900","0.63534314930439","0.63534314930439","0.63534314930439","0.48191055327653887","0.48191055327653887","0.48191055327653887","0.6369448345899582","0.6369448345899582","0.6369448345899582","0.48649726808071136","0.48649726808071136","0.48649726808071136","0.6338012540340423","0.6338012540340423","0.6338012540340423","0.4870122513175011","0.4870122513175011","0.4870122513175011","0.638245125412941","0.638245125412941","0.638245125412941","0.6358022248744964","0.6358022248744964","0.6358022248744964","0.4905496633052826","0.4905496633052826","0.4905496633052826","0.48186622977256777","0.48186622977256777","0.48186622977256777"
"1000","0.6400055807828903","0.6400055807828903","0.6400055807828903","0.48249237924814226","0.48249237924814226","0.48249237924814226","0.6332294851541519","0.6332294851541519","0.6332294851541519","0.4855384293198586","0.4855384293198586","0.4855384293198586","0.6351123642921448","0.6351123642921448","0.6351123642921448","0.48028075575828555","0.48028075575828555","0.48028075575828555","0.6433996909856796","0.6433996909856796","0.6433996909856796","0.6350274026393891","0.6350274026393891","0.6350274026393891","0.4826038792729378","0.4826038792729378","0.4826038792729378","0.485790094435215","0.485790094435215","0.485790094435215"
"1100","0.6388677555322647","0.6388677555322647","0.6388677555322647","0.4761467388272285","0.4761467388272285","0.4761467388272285","0.6395428878068924","0.6395428878068924","0.6395428878068924","0.4766725564002991","0.4766725564002991","0.4766725564002991","0.6353289091587067","0.6353289091587067","0.6353289091587067","0.4815566024184227","0.4815566024184227","0.4815566024184227","0.6347335940599441","0.6347335940599441","0.6347335940599441","0.6340356081724167","0.6340356081724167","0.6340356081724167","0.48140948832035063","0.48140948832035063","0.48140948832035063","0.4826932352781296","0.4826932352781296","0.4826932352781296"
"1200","0.6351610839366912","0.6351610839366912","0.6351610839366912","0.4769058594107628","0.4769058594107628","0.4769058594107628","0.6350316822528839","0.6350316822528839","0.6350316822528839","0.4826062136888504","0.4826062136888504","0.4826062136888504","0.6369109922647476","0.6369109922647476","0.6369109922647476","0.4830983734130859","0.4830983734130859","0.4830983734130859","0.6360522288084031","0.6360522288084031","0.6360522288084031","0.633440403342247","0.633440403342247","0.633440403342247","0.47330169528722765","0.47330169528722765","0.47330169528722765","0.471135687828064","0.471135687828064","0.471135687828064"
"1300","0.6288172149658203","0.6288172149658203","0.6288172149658203","0.47586704850196837","0.47586704850196837","0.47586704850196837","0.6342441743612289","0.6342441743612289","0.6342441743612289","0.4719891941547394","0.4719891941547394","0.4719891941547394","0.6329170989990235","0.6329170989990235","0.6329170989990235","0.47019377917051314","0.47019377917051314","0.47019377917051314","0.6336749118566513","0.6336749118566513","0.6336749118566513","0.6333610886335372","0.6333610886335372","0.6333610886335372","0.47570701330900195","0.47570701330900195","0.47570701330900195","0.4834167855978012","0.4834167855978012","0.4834167855978012"
"1400","0.6328188669681549","0.6328188669681549","0.6328188669681549","0.47691244959831236","0.47691244959831236","0.47691244959831236","0.6310706567764283","0.6310706567764283","0.6310706567764283","0.47477588325738906","0.47477588325738906","0.47477588325738906","0.6342228311300278","0.6342228311300278","0.6342228311300278","0.4761845049262047","0.4761845049262047","0.4761845049262047","0.633562992811203","0.633562992811203","0.633562992811203","0.6302105903625488","0.6302105903625488","0.6302105903625488","0.4759166797995567","0.4759166797995567","0.4759166797995567","0.47076150685548784","0.47076150685548784","0.47076150685548784"
"1500","0.6287564200162887","0.6287564200162887","0.6287564200162887","0.47047521471977233","0.47047521471977233","0.47047521471977233","0.6237584775686265","0.6237584775686265","0.6237584775686265","0.4707206851243973","0.4707206851243973","0.4707206851243973","0.6310339516401291","0.6310339516401291","0.6310339516401291","0.4717186635732651","0.4717186635732651","0.4717186635732651","0.6333934360742569","0.6333934360742569","0.6333934360742569","0.6295181965827942","0.6295181965827942","0.6295181965827942","0.4739814403653145","0.4739814403653145","0.4739814403653145","0.47920010060071944","0.47920010060071944","0.47920010060071944"
"1600","0.6281584215164184","0.6281584215164184","0.6281584215164184","0.46712686121463776","0.46712686121463776","0.46712686121463776","0.6331721484661103","0.6331721484661103","0.6331721484661103","0.467880035340786","0.467880035340786","0.467880035340786","0.631305200457573","0.631305200457573","0.631305200457573","0.4707362923026085","0.4707362923026085","0.4707362923026085","0.6280161851644516","0.6280161851644516","0.6280161851644516","0.6310529315471649","0.6310529315471649","0.6310529315471649","0.4722441503405571","0.4722441503405571","0.4722441503405571","0.4756623387336731","0.4756623387336731","0.4756623387336731"
"1700","0.6297743666172028","0.6297743666172028","0.6297743666172028","0.47376804023981095","0.47376804023981095","0.47376804023981095","0.6314888799190521","0.6314888799190521","0.6314888799190521","0.4738729912042618","0.4738729912042618","0.4738729912042618","0.6290969061851501","0.6290969061851501","0.6290969061851501","0.47320392429828645","0.47320392429828645","0.47320392429828645","0.6263639140129089","0.6263639140129089","0.6263639140129089","0.6287248569726944","0.6287248569726944","0.6287248569726944","0.4674302688241005","0.4674302688241005","0.4674302688241005","0.4671693462133408","0.4671693462133408","0.4671693462133408"
"1800","0.6303630304336548","0.6303630304336548","0.6303630304336548","0.47282285541296004","0.47282285541296004","0.47282285541296004","0.6283065295219421","0.6283065295219421","0.6283065295219421","0.47064987927675245","0.47064987927675245","0.47064987927675245","0.6184812420606614","0.6184812420606614","0.6184812420606614","0.46539898723363876","0.46539898723363876","0.46539898723363876","0.6333138173818589","0.6333138173818589","0.6333138173818589","0.6276994997262955","0.6276994997262955","0.6276994997262955","0.47689194917678834","0.47689194917678834","0.47689194917678834","0.46637117624282837","0.46637117624282837","0.46637117624282837"
"1900","0.6238082683086396","0.6238082683086396","0.6238082683086396","0.469846279323101","0.469846279323101","0.469846279323101","0.6269520658254624","0.6269520658254624","0.6269520658254624","0.461483541727066","0.461483541727066","0.461483541727066","0.6321548682451248","0.6321548682451248","0.6321548682451248","0.4710783314704895","0.4710783314704895","0.4710783314704895","0.6246440601348877","0.6246440601348877","0.6246440601348877","0.632094509601593","0.632094509601593","0.632094509601593","0.466012025475502","0.466012025475502","0.466012025475502","0.46816216498613356","0.46816216498613356","0.46816216498613356"
"2000","0.623467812538147","0.623467812538147","0.623467812538147","0.4658907225728035","0.4658907225728035","0.4658907225728035","0.6257684987783432","0.6257684987783432","0.6257684987783432","0.4690326875448227","0.4690326875448227","0.4690326875448227","0.6255872029066086","0.6255872029066086","0.6255872029066086","0.46646073043346403","0.46646073043346403","0.46646073043346403","0.6241600775718689","0.6241600775718689","0.6241600775718689","0.6292046570777893","0.6292046570777893","0.6292046570777893","0.46230545729398725","0.46230545729398725","0.46230545729398725","0.4633624050021172","0.4633624050021172","0.4633624050021172"
"2100","0.6244541454315186","0.6244541454315186","0.6244541454315186","0.4608056378364563","0.4608056378364563","0.4608056378364563","0.6293546783924103","0.6293546783924103","0.6293546783924103","0.46655598521232605","0.46655598521232605","0.46655598521232605","0.6203270894289017","0.6203270894289017","0.6203270894289017","0.4656528040766716","0.4656528040766716","0.4656528040766716","0.6239714825153351","0.6239714825153351","0.6239714825153351","0.6242708534002304","0.6242708534002304","0.6242708534002304","0.4703113141655922","0.4703113141655922","0.4703113141655922","0.46426403522491455","0.46426403522491455","0.46426403522491455"
"2200","0.6281949079036713","0.6281949079036713","0.6281949079036713","0.46580045759677885","0.46580045759677885","0.46580045759677885","0.6342718195915222","0.6342718195915222","0.6342718195915222","0.4673432210087776","0.4673432210087776","0.4673432210087776","0.6177958309650421","0.6177958309650421","0.6177958309650421","0.4616686674952507","0.4616686674952507","0.4616686674952507","0.6264963102340698","0.6264963102340698","0.6264963102340698","0.6191434061527252","0.6191434061527252","0.6191434061527252","0.462636262178421","0.462636262178421","0.462636262178421","0.4687428843975067","0.4687428843975067","0.4687428843975067"
"2300","0.6259448873996735","0.6259448873996735","0.6259448873996735","0.47405153602361677","0.47405153602361677","0.47405153602361677","0.6240549844503402","0.6240549844503402","0.6240549844503402","0.4672517254948616","0.4672517254948616","0.4672517254948616","0.6290141826868058","0.6290141826868058","0.6290141826868058","0.468662873506546","0.468662873506546","0.468662873506546","0.6251105540990829","0.6251105540990829","0.6251105540990829","0.6308281224966049","0.6308281224966049","0.6308281224966049","0.469973700940609","0.469973700940609","0.469973700940609","0.4642386728525162","0.4642386728525162","0.4642386728525162"
"2400","0.6247081220149994","0.6247081220149994","0.6247081220149994","0.4601059120893478","0.4601059120893478","0.4601059120893478","0.626649735569954","0.626649735569954","0.626649735569954","0.4670477560162544","0.4670477560162544","0.4670477560162544","0.6202962505817413","0.6202962505817413","0.6202962505817413","0.46258699625730515","0.46258699625730515","0.46258699625730515","0.6162352830171585","0.6162352830171585","0.6162352830171585","0.6236275976896286","0.6236275976896286","0.6236275976896286","0.45942132592201235","0.45942132592201235","0.45942132592201235","0.466517670750618","0.466517670750618","0.466517670750618"
"2500","0.6227683401107789","0.6227683401107789","0.6227683401107789","0.4530493688583374","0.4530493688583374","0.4530493688583374","0.617993386387825","0.617993386387825","0.617993386387825","0.4540484920144081","0.4540484920144081","0.4540484920144081","0.6227562826871872","0.6227562826871872","0.6227562826871872","0.46804973393678667","0.46804973393678667","0.46804973393678667","0.6199195247888565","0.6199195247888565","0.6199195247888565","0.618921195268631","0.618921195268631","0.618921195268631","0.4560935586690903","0.4560935586690903","0.4560935586690903","0.463511863052845","0.463511863052845","0.463511863052845"
"2600","0.6143706494569778","0.6143706494569778","0.6143706494569778","0.45110228925943374","0.45110228925943374","0.45110228925943374","0.6227289015054702","0.6227289015054702","0.6227289015054702","0.4567346450686455","0.4567346450686455","0.4567346450686455","0.6252170783281327","0.6252170783281327","0.6252170783281327","0.4684751743078232","0.4684751743078232","0.4684751743078232","0.6220669120550155","0.6220669120550155","0.6220669120550155","0.6202615529298783","0.6202615529298783","0.6202615529298783","0.46225506067276","0.46225506067276","0.46225506067276","0.4591826993227005","0.4591826993227005","0.4591826993227005"
"2700","0.6244995880126953","0.6244995880126953","0.6244995880126953","0.4657325780391693","0.4657325780391693","0.4657325780391693","0.6271558529138566","0.6271558529138566","0.6271558529138566","0.46076840996742247","0.46076840996742247","0.46076840996742247","0.6192970371246338","0.6192970371246338","0.6192970371246338","0.4612792977690697","0.4612792977690697","0.4612792977690697","0.6225138491392136","0.6225138491392136","0.6225138491392136","0.6175514328479766","0.6175514328479766","0.6175514328479766","0.46387034267187116","0.46387034267187116","0.46387034267187116","0.4609360098838806","0.4609360098838806","0.4609360098838806"
"2800","0.6157064479589462","0.6157064479589462","0.6157064479589462","0.45881435155868533","0.45881435155868533","0.45881435155868533","0.6222561967372894","0.6222561967372894","0.6222561967372894","0.46437655240297315","0.46437655240297315","0.46437655240297315","0.618808178305626","0.618808178305626","0.618808178305626","0.4591346761584282","0.4591346761584282","0.4591346761584282","0.6193274962902069","0.6193274962902069","0.6193274962902069","0.6230884766578675","0.6230884766578675","0.6230884766578675","0.46295795232057574","0.46295795232057574","0.46295795232057574","0.46953919976949693","0.46953919976949693","0.46953919976949693"
"2900","0.6197693091630936","0.6197693091630936","0.6197693091630936","0.4630830320715904","0.4630830320715904","0.4630830320715904","0.6195838356018066","0.6195838356018066","0.6195838356018066","0.46348176449537276","0.46348176449537276","0.46348176449537276","0.6213915431499482","0.6213915431499482","0.6213915431499482","0.4598543789982796","0.4598543789982796","0.4598543789982796","0.6193630981445313","0.6193630981445313","0.6193630981445313","0.6167834377288819","0.6167834377288819","0.6167834377288819","0.4636073067784309","0.4636073067784309","0.4636073067784309","0.46102903127670286","0.46102903127670286","0.46102903127670286"
"3000","0.6146215224266052","0.6146215224266052","0.6146215224266052","0.4626455837488174","0.4626455837488174","0.4626455837488174","0.620279551744461","0.620279551744461","0.620279551744461","0.46209887981414793","0.46209887981414793","0.46209887981414793","0.6162315320968628","0.6162315320968628","0.6162315320968628","0.46372425138950346","0.46372425138950346","0.46372425138950346","0.6189546501636505","0.6189546501636505","0.6189546501636505","0.6199668765068054","0.6199668765068054","0.6199668765068054","0.45901130318641664","0.45901130318641664","0.45901130318641664","0.45401777446269986","0.45401777446269986","0.45401777446269986"
"3100","0.6188863509893417","0.6188863509893417","0.6188863509893417","0.46245139360427856","0.46245139360427856","0.46245139360427856","0.6211122524738312","0.6211122524738312","0.6211122524738312","0.45972494095563887","0.45972494095563887","0.45972494095563887","0.614338830113411","0.614338830113411","0.614338830113411","0.45706943929195404","0.45706943929195404","0.45706943929195404","0.6148555302619934","0.6148555302619934","0.6148555302619934","0.6180622035264969","0.6180622035264969","0.6180622035264969","0.4599019128084183","0.4599019128084183","0.4599019128084183","0.44931491553783415","0.44931491553783415","0.44931491553783415"
"3200","0.6207455682754517","0.6207455682754517","0.6207455682754517","0.4569814911484718","0.4569814911484718","0.4569814911484718","0.6114727455377579","0.6114727455377579","0.6114727455377579","0.46036298722028735","0.46036298722028735","0.46036298722028735","0.6208582681417465","0.6208582681417465","0.6208582681417465","0.45853909373283386","0.45853909373283386","0.45853909373283386","0.6209149229526519","0.6209149229526519","0.6209149229526519","0.6160622328519821","0.6160622328519821","0.6160622328519821","0.46051423758268356","0.46051423758268356","0.46051423758268356","0.46308515340089795","0.46308515340089795","0.46308515340089795"
"3300","0.6146482551097869","0.6146482551097869","0.6146482551097869","0.4490648099780083","0.4490648099780083","0.4490648099780083","0.6131095033884049","0.6131095033884049","0.6131095033884049","0.4565899020433426","0.4565899020433426","0.4565899020433426","0.6155349314212799","0.6155349314212799","0.6155349314212799","0.4641111502051353","0.4641111502051353","0.4641111502051353","0.615346913933754","0.615346913933754","0.615346913933754","0.6133864444494247","0.6133864444494247","0.6133864444494247","0.45446461111307146","0.45446461111307146","0.45446461111307146","0.45706955432891844","0.45706955432891844","0.45706955432891844"
"3400","0.6150201112031937","0.6150201112031937","0.6150201112031937","0.45675996989011763","0.45675996989011763","0.45675996989011763","0.6208030325174332","0.6208030325174332","0.6208030325174332","0.46781476855278015","0.46781476855278015","0.46781476855278015","0.6179697453975678","0.6179697453975678","0.6179697453975678","0.45639997720718384","0.45639997720718384","0.45639997720718384","0.6163388931751251","0.6163388931751251","0.6163388931751251","0.6140863269567489","0.6140863269567489","0.6140863269567489","0.45999757319688794","0.45999757319688794","0.45999757319688794","0.46320750683546064","0.46320750683546064","0.46320750683546064"
"3500","0.6125789123773575","0.6125789123773575","0.6125789123773575","0.45517327040433886","0.45517327040433886","0.45517327040433886","0.619158902168274","0.619158902168274","0.619158902168274","0.4593477833271027","0.4593477833271027","0.4593477833271027","0.6195340609550476","0.6195340609550476","0.6195340609550476","0.4602545633912086","0.4602545633912086","0.4602545633912086","0.6208174681663513","0.6208174681663513","0.6208174681663513","0.6116414058208466","0.6116414058208466","0.6116414058208466","0.46638064324855805","0.46638064324855805","0.46638064324855805","0.46187701195478437","0.46187701195478437","0.46187701195478437"
"3600","0.6153214824199676","0.6153214824199676","0.6153214824199676","0.4592386993765831","0.4592386993765831","0.4592386993765831","0.6113542664051056","0.6113542664051056","0.6113542664051056","0.4533692416548729","0.4533692416548729","0.4533692416548729","0.6068575757741929","0.6068575757741929","0.6068575757741929","0.45159597873687746","0.45159597873687746","0.45159597873687746","0.6155475932359695","0.6155475932359695","0.6155475932359695","0.6188078796863556","0.6188078796863556","0.6188078796863556","0.45621480256319047","0.45621480256319047","0.45621480256319047","0.46224966675043105","0.46224966675043105","0.46224966675043105"
"3700","0.6163728082180023","0.6163728082180023","0.6163728082180023","0.45081277310848233","0.45081277310848233","0.45081277310848233","0.6056326317787171","0.6056326317787171","0.6056326317787171","0.4561912527680397","0.4561912527680397","0.4561912527680397","0.6086202782392501","0.6086202782392501","0.6086202782392501","0.44761288970708846","0.44761288970708846","0.44761288970708846","0.6149743854999542","0.6149743854999542","0.6149743854999542","0.6097149741649628","0.6097149741649628","0.6097149741649628","0.45323785692453383","0.45323785692453383","0.45323785692453383","0.45553615361452104","0.45553615361452104","0.45553615361452104"
"3800","0.6140592592954636","0.6140592592954636","0.6140592592954636","0.4588486886024475","0.4588486886024475","0.4588486886024475","0.6165011250972747","0.6165011250972747","0.6165011250972747","0.45916530340909956","0.45916530340909956","0.45916530340909956","0.6112991786003112","0.6112991786003112","0.6112991786003112","0.4540528517961502","0.4540528517961502","0.4540528517961502","0.6071615469455719","0.6071615469455719","0.6071615469455719","0.6153785133361817","0.6153785133361817","0.6153785133361817","0.4575403052568436","0.4575403052568436","0.4575403052568436","0.46203417122364043","0.46203417122364043","0.46203417122364043"
"3900","0.6095325034856797","0.6095325034856797","0.6095325034856797","0.45533357322216034","0.45533357322216034","0.45533357322216034","0.6074140280485153","0.6074140280485153","0.6074140280485153","0.45816984087228774","0.45816984087228774","0.45816984087228774","0.6061976903676987","0.6061976903676987","0.6061976903676987","0.45285275161266325","0.45285275161266325","0.45285275161266325","0.6208810514211655","0.6208810514211655","0.6208810514211655","0.6154271084070205","0.6154271084070205","0.6154271084070205","0.45829003274440766","0.45829003274440766","0.45829003274440766","0.4533466601371765","0.4533466601371765","0.4533466601371765"
"4000","0.6110075283050537","0.6110075283050537","0.6110075283050537","0.45957057356834413","0.45957057356834413","0.45957057356834413","0.6178549563884735","0.6178549563884735","0.6178549563884735","0.4584466254711151","0.4584466254711151","0.4584466254711151","0.6107610863447189","0.6107610863447189","0.6107610863447189","0.44937593877315524","0.44937593877315524","0.44937593877315524","0.6169969552755356","0.6169969552755356","0.6169969552755356","0.6147330975532532","0.6147330975532532","0.6147330975532532","0.4598691600561142","0.4598691600561142","0.4598691600561142","0.4548110529780388","0.4548110529780388","0.4548110529780388"
"4100","0.6078044110536576","0.6078044110536576","0.6078044110536576","0.44979754626750945","0.44979754626750945","0.44979754626750945","0.6099252212047577","0.6099252212047577","0.6099252212047577","0.4535678765177727","0.4535678765177727","0.4535678765177727","0.6076081389188767","0.6076081389188767","0.6076081389188767","0.4475249820947647","0.4475249820947647","0.4475249820947647","0.6095639216899872","0.6095639216899872","0.6095639216899872","0.6095166164636612","0.6095166164636612","0.6095166164636612","0.4539650031924248","0.4539650031924248","0.4539650031924248","0.4514688888192177","0.4514688888192177","0.4514688888192177"
"4200","0.6110890609025955","0.6110890609025955","0.6110890609025955","0.4571688038110733","0.4571688038110733","0.4571688038110733","0.6081972360610962","0.6081972360610962","0.6081972360610962","0.45043847531080244","0.45043847531080244","0.45043847531080244","0.6130195671319961","0.6130195671319961","0.6130195671319961","0.45220439225435255","0.45220439225435255","0.45220439225435255","0.6135307133197785","0.6135307133197785","0.6135307133197785","0.6132207798957825","0.6132207798957825","0.6132207798957825","0.45130654364824296","0.45130654364824296","0.45130654364824296","0.4516186153888702","0.4516186153888702","0.4516186153888702"
"4300","0.6101289170980454","0.6101289170980454","0.6101289170980454","0.4533050638437271","0.4533050638437271","0.4533050638437271","0.6086870384216309","0.6086870384216309","0.6086870384216309","0.4486254841089249","0.4486254841089249","0.4486254841089249","0.6057197260856628","0.6057197260856628","0.6057197260856628","0.45181448131799695","0.45181448131799695","0.45181448131799695","0.6126118922233581","0.6126118922233581","0.6126118922233581","0.6146197456121445","0.6146197456121445","0.6146197456121445","0.450392484664917","0.450392484664917","0.450392484664917","0.46356091648340225","0.46356091648340225","0.46356091648340225"
"4400","0.6100383633375168","0.6100383633375168","0.6100383633375168","0.45112261444330215","0.45112261444330215","0.45112261444330215","0.6077464926242828","0.6077464926242828","0.6077464926242828","0.45316666066646577","0.45316666066646577","0.45316666066646577","0.6064783424139023","0.6064783424139023","0.6064783424139023","0.45436753749847414","0.45436753749847414","0.45436753749847414","0.6041792267560959","0.6041792267560959","0.6041792267560959","0.6051239812374115","0.6051239812374115","0.6051239812374115","0.45533733993768694","0.45533733993768694","0.45533733993768694","0.44991018950939177","0.44991018950939177","0.44991018950939177"
"4500","0.6093526065349579","0.6093526065349579","0.6093526065349579","0.45149165868759156","0.45149165868759156","0.45149165868759156","0.603229153752327","0.603229153752327","0.603229153752327","0.4527662190794945","0.4527662190794945","0.4527662190794945","0.6093421161174775","0.6093421161174775","0.6093421161174775","0.4515524315834045","0.4515524315834045","0.4515524315834045","0.6068479865789413","0.6068479865789413","0.6068479865789413","0.6103528821468354","0.6103528821468354","0.6103528821468354","0.45410788208246233","0.45410788208246233","0.45410788208246233","0.45164856731891634","0.45164856731891634","0.45164856731891634"
"4600","0.6119311672449111","0.6119311672449111","0.6119311672449111","0.4547797903418541","0.4547797903418541","0.4547797903418541","0.6083610290288926","0.6083610290288926","0.6083610290288926","0.4568591001629829","0.4568591001629829","0.4568591001629829","0.6134003049135208","0.6134003049135208","0.6134003049135208","0.45743464678525925","0.45743464678525925","0.45743464678525925","0.6079323679208756","0.6079323679208756","0.6079323679208756","0.6123960691690445","0.6123960691690445","0.6123960691690445","0.45090656727552414","0.45090656727552414","0.45090656727552414","0.4570553889870644","0.4570553889870644","0.4570553889870644"
"4700","0.603523650765419","0.603523650765419","0.603523650765419","0.4571297255158424","0.4571297255158424","0.4571297255158424","0.6112778753042221","0.6112778753042221","0.6112778753042221","0.4657359790802002","0.4657359790802002","0.4657359790802002","0.6054917812347412","0.6054917812347412","0.6054917812347412","0.44897678881883624","0.44897678881883624","0.44897678881883624","0.6071179151535034","0.6071179151535034","0.6071179151535034","0.6063448584079743","0.6063448584079743","0.6063448584079743","0.45394373923540116","0.45394373923540116","0.45394373923540116","0.4433381098508835","0.4433381098508835","0.4433381098508835"
"4800","0.6104044508934021","0.6104044508934021","0.6104044508934021","0.4577061343193054","0.4577061343193054","0.4577061343193054","0.6052715444564819","0.6052715444564819","0.6052715444564819","0.45420136064291","0.45420136064291","0.45420136064291","0.6033754771947861","0.6033754771947861","0.6033754771947861","0.45664101898670195","0.45664101898670195","0.45664101898670195","0.6113292390108108","0.6113292390108108","0.6113292390108108","0.6067768597602844","0.6067768597602844","0.6067768597602844","0.4541477230191231","0.4541477230191231","0.4541477230191231","0.4538315749168396","0.4538315749168396","0.4538315749168396"
"4900","0.6083156377077102","0.6083156377077102","0.6083156377077102","0.4561227363348007","0.4561227363348007","0.4561227363348007","0.6026719605922699","0.6026719605922699","0.6026719605922699","0.4537554177641869","0.4537554177641869","0.4537554177641869","0.6052180314064026","0.6052180314064026","0.6052180314064026","0.449349173605442","0.449349173605442","0.449349173605442","0.6023903679847717","0.6023903679847717","0.6023903679847717","0.6085520505905151","0.6085520505905151","0.6085520505905151","0.4494419360160828","0.4494419360160828","0.4494419360160828","0.4523915046453476","0.4523915046453476","0.4523915046453476"
"5000","0.6095796912908554","0.6095796912908554","0.6095796912908554","0.45699989289045334","0.45699989289045334","0.45699989289045334","0.6047211444377899","0.6047211444377899","0.6047211444377899","0.4473195704817772","0.4473195704817772","0.4473195704817772","0.6023608648777008","0.6023608648777008","0.6023608648777008","0.4480517423152924","0.4480517423152924","0.4480517423152924","0.6026875793933868","0.6026875793933868","0.6026875793933868","0.5983632469177246","0.5983632469177246","0.5983632469177246","0.4523817637562752","0.4523817637562752","0.4523817637562752","0.4419041699171066","0.4419041699171066","0.4419041699171066"
"5100","0.6020466423034668","0.6020466423034668","0.6020466423034668","0.4392910686135292","0.4392910686135292","0.4392910686135292","0.6041515892744065","0.6041515892744065","0.6041515892744065","0.4556029948592186","0.4556029948592186","0.4556029948592186","0.6031226408481598","0.6031226408481598","0.6031226408481598","0.44307697683572767","0.44307697683572767","0.44307697683572767","0.6100428712368011","0.6100428712368011","0.6100428712368011","0.6027686864137649","0.6027686864137649","0.6027686864137649","0.46071189910173416","0.46071189910173416","0.46071189910173416","0.45055182129144666","0.45055182129144666","0.45055182129144666"
"5200","0.6038982558250428","0.6038982558250428","0.6038982558250428","0.4548443123698235","0.4548443123698235","0.4548443123698235","0.603523097038269","0.603523097038269","0.603523097038269","0.45076642036437986","0.45076642036437986","0.45076642036437986","0.5949841475486756","0.5949841475486756","0.5949841475486756","0.4381475612521172","0.4381475612521172","0.4381475612521172","0.5971815729141235","0.5971815729141235","0.5971815729141235","0.6025358551740646","0.6025358551740646","0.6025358551740646","0.4481531643867493","0.4481531643867493","0.4481531643867493","0.4414330005645752","0.4414330005645752","0.4414330005645752"
"5300","0.5994150644540787","0.5994150644540787","0.5994150644540787","0.4559659224748611","0.4559659224748611","0.4559659224748611","0.6040455204248428","0.6040455204248428","0.6040455204248428","0.4469157326221466","0.4469157326221466","0.4469157326221466","0.6040002638101578","0.6040002638101578","0.6040002638101578","0.45035593420267106","0.45035593420267106","0.45035593420267106","0.6024208045005799","0.6024208045005799","0.6024208045005799","0.6000995123386383","0.6000995123386383","0.6000995123386383","0.4406624907255173","0.4406624907255173","0.4406624907255173","0.45773031413555143","0.45773031413555143","0.45773031413555143"
"5400","0.6003083956241607","0.6003083956241607","0.6003083956241607","0.4489770007133484","0.4489770007133484","0.4489770007133484","0.6065652614831925","0.6065652614831925","0.6065652614831925","0.4471204987168312","0.4471204987168312","0.4471204987168312","0.6006571447849274","0.6006571447849274","0.6006571447849274","0.45213468551635744","0.45213468551635744","0.45213468551635744","0.606725942492485","0.606725942492485","0.606725942492485","0.60355961561203","0.60355961561203","0.60355961561203","0.45595270693302153","0.45595270693302153","0.45595270693302153","0.44920623987913133","0.44920623987913133","0.44920623987913133"
"5500","0.6011397045850754","0.6011397045850754","0.6011397045850754","0.44859663873910904","0.44859663873910904","0.44859663873910904","0.5995433020591736","0.5995433020591736","0.5995433020591736","0.45785513550043105","0.45785513550043105","0.45785513550043105","0.5993876045942307","0.5993876045942307","0.5993876045942307","0.4398116019368172","0.4398116019368172","0.4398116019368172","0.6068684506416321","0.6068684506416321","0.6068684506416321","0.604229788184166","0.604229788184166","0.604229788184166","0.45022633850574495","0.45022633850574495","0.45022633850574495","0.45222151666879656","0.45222151666879656","0.45222151666879656"
"5600","0.6003196132183075","0.6003196132183075","0.6003196132183075","0.4445139437913895","0.4445139437913895","0.4445139437913895","0.606436864733696","0.606436864733696","0.606436864733696","0.45452829360961916","0.45452829360961916","0.45452829360961916","0.6037963497638702","0.6037963497638702","0.6037963497638702","0.45291187465190885","0.45291187465190885","0.45291187465190885","0.6038232529163361","0.6038232529163361","0.6038232529163361","0.6031548243761062","0.6031548243761062","0.6031548243761062","0.4434569278359413","0.4434569278359413","0.4434569278359413","0.44555135846138","0.44555135846138","0.44555135846138"
"5700","0.5977265232801438","0.5977265232801438","0.5977265232801438","0.4501720342040062","0.4501720342040062","0.4501720342040062","0.5935648465156556","0.5935648465156556","0.5935648465156556","0.45189855188131334","0.45189855188131334","0.45189855188131334","0.5991914296150207","0.5991914296150207","0.5991914296150207","0.45119249284267426","0.45119249284267426","0.45119249284267426","0.6019092273712158","0.6019092273712158","0.6019092273712158","0.6044970923662185","0.6044970923662185","0.6044970923662185","0.44375318706035616","0.44375318706035616","0.44375318706035616","0.44071713924407957","0.44071713924407957","0.44071713924407957"
"5800","0.5983635139465332","0.5983635139465332","0.5983635139465332","0.44960505872964857","0.44960505872964857","0.44960505872964857","0.6003182137012482","0.6003182137012482","0.6003182137012482","0.44425812870264053","0.44425812870264053","0.44425812870264053","0.5943719530105591","0.5943719530105591","0.5943719530105591","0.45089451134204867","0.45089451134204867","0.45089451134204867","0.6017246997356415","0.6017246997356415","0.6017246997356415","0.595514463186264","0.595514463186264","0.595514463186264","0.4452010577917099","0.4452010577917099","0.4452010577917099","0.4496452811360359","0.4496452811360359","0.4496452811360359"
"5900","0.6075636380910874","0.6075636380910874","0.6075636380910874","0.45039000153541564","0.45039000153541564","0.45039000153541564","0.5979086995124817","0.5979086995124817","0.5979086995124817","0.44675886154174804","0.44675886154174804","0.44675886154174804","0.5974356478452683","0.5974356478452683","0.5974356478452683","0.4534694305062294","0.4534694305062294","0.4534694305062294","0.6077716177701951","0.6077716177701951","0.6077716177701951","0.5966202116012573","0.5966202116012573","0.5966202116012573","0.4473183169960976","0.4473183169960976","0.4473183169960976","0.44348340690135957","0.44348340690135957","0.44348340690135957"
"6000","0.5973382860422134","0.5973382860422134","0.5973382860422134","0.4484533253312111","0.4484533253312111","0.4484533253312111","0.5932758915424347","0.5932758915424347","0.5932758915424347","0.4454882949590683","0.4454882949590683","0.4454882949590683","0.5937575432658195","0.5937575432658195","0.5937575432658195","0.44086973249912265","0.44086973249912265","0.44086973249912265","0.6026223295927048","0.6026223295927048","0.6026223295927048","0.5973867434263229","0.5973867434263229","0.5973867434263229","0.44435020864009855","0.44435020864009855","0.44435020864009855","0.44374527245759965","0.44374527245759965","0.44374527245759965"
"6100","0.5893619692325592","0.5893619692325592","0.5893619692325592","0.4406529939174652","0.4406529939174652","0.4406529939174652","0.5993633466959","0.5993633466959","0.5993633466959","0.4458448800444603","0.4458448800444603","0.4458448800444603","0.596857208609581","0.596857208609581","0.596857208609581","0.44841707140207293","0.44841707140207293","0.44841707140207293","0.6005745750665664","0.6005745750665664","0.6005745750665664","0.5990229910612106","0.5990229910612106","0.5990229910612106","0.447238849401474","0.447238849401474","0.447238849401474","0.45369987934827805","0.45369987934827805","0.45369987934827805"
"6200","0.5950922393798828","0.5950922393798828","0.5950922393798828","0.4475004380941391","0.4475004380941391","0.4475004380941391","0.5949879068136216","0.5949879068136216","0.5949879068136216","0.442923264503479","0.442923264503479","0.442923264503479","0.5949185591936111","0.5949185591936111","0.5949185591936111","0.4364739489555359","0.4364739489555359","0.4364739489555359","0.5968471080064773","0.5968471080064773","0.5968471080064773","0.5949433106184006","0.5949433106184006","0.5949433106184006","0.4493179088830948","0.4493179088830948","0.4493179088830948","0.44399835765361784","0.44399835765361784","0.44399835765361784"
"6300","0.5994771528244018","0.5994771528244018","0.5994771528244018","0.44342643588781355","0.44342643588781355","0.44342643588781355","0.5913038843870163","0.5913038843870163","0.5913038843870163","0.44097105383872987","0.44097105383872987","0.44097105383872987","0.6023367339372635","0.6023367339372635","0.6023367339372635","0.4494472426176071","0.4494472426176071","0.4494472426176071","0.5945872461795807","0.5945872461795807","0.5945872461795807","0.5931069195270539","0.5931069195270539","0.5931069195270539","0.43955396860837936","0.43955396860837936","0.43955396860837936","0.4441528531908989","0.4441528531908989","0.4441528531908989"
"6400","0.5936755621433258","0.5936755621433258","0.5936755621433258","0.44263105750083925","0.44263105750083925","0.44263105750083925","0.5962403839826584","0.5962403839826584","0.5962403839826584","0.4473408374190331","0.4473408374190331","0.4473408374190331","0.5975855594873428","0.5975855594873428","0.5975855594873428","0.44439832895994186","0.44439832895994186","0.44439832895994186","0.5984486496448517","0.5984486496448517","0.5984486496448517","0.5978669536113739","0.5978669536113739","0.5978669536113739","0.44038657188415525","0.44038657188415525","0.44038657188415525","0.4475987866520882","0.4475987866520882","0.4475987866520882"
"6500","0.5952191734313965","0.5952191734313965","0.5952191734313965","0.4590802437067032","0.4590802437067032","0.4590802437067032","0.5919748121500015","0.5919748121500015","0.5919748121500015","0.44259404748678205","0.44259404748678205","0.44259404748678205","0.5911550796031952","0.5911550796031952","0.5911550796031952","0.4480982008576393","0.4480982008576393","0.4480982008576393","0.5914336043596268","0.5914336043596268","0.5914336043596268","0.5903168171644211","0.5903168171644211","0.5903168171644211","0.4437264314293861","0.4437264314293861","0.4437264314293861","0.44565420120954513","0.44565420120954513","0.44565420120954513"
"6600","0.5923889100551605","0.5923889100551605","0.5923889100551605","0.4479462930560112","0.4479462930560112","0.4479462930560112","0.5942397880554199","0.5942397880554199","0.5942397880554199","0.4523022720217705","0.4523022720217705","0.4523022720217705","0.5916041314601899","0.5916041314601899","0.5916041314601899","0.44156852185726164","0.44156852185726164","0.44156852185726164","0.6027206152677536","0.6027206152677536","0.6027206152677536","0.5927509051561356","0.5927509051561356","0.5927509051561356","0.44743555068969726","0.44743555068969726","0.44743555068969726","0.44666305005550383","0.44666305005550383","0.44666305005550383"
"6700","0.5884292137622833","0.5884292137622833","0.5884292137622833","0.446060431599617","0.446060431599617","0.446060431599617","0.5966023075580597","0.5966023075580597","0.5966023075580597","0.4492288678884506","0.4492288678884506","0.4492288678884506","0.595833768248558","0.595833768248558","0.595833768248558","0.43788239508867266","0.43788239508867266","0.43788239508867266","0.5959235811233521","0.5959235811233521","0.5959235811233521","0.5890681284666062","0.5890681284666062","0.5890681284666062","0.4421688714623451","0.4421688714623451","0.4421688714623451","0.4495346635580063","0.4495346635580063","0.4495346635580063"
"6800","0.5925441879034042","0.5925441879034042","0.5925441879034042","0.44234267354011536","0.44234267354011536","0.44234267354011536","0.5913733345270157","0.5913733345270157","0.5913733345270157","0.4403430300951004","0.4403430300951004","0.4403430300951004","0.5905315208435059","0.5905315208435059","0.5905315208435059","0.44665617048740386","0.44665617048740386","0.44665617048740386","0.592750843167305","0.592750843167305","0.592750843167305","0.5940624749660492","0.5940624749660492","0.5940624749660492","0.4459973680973053","0.4459973680973053","0.4459973680973053","0.44726795971393585","0.44726795971393585","0.44726795971393585"
"6900","0.5896061939001084","0.5896061939001084","0.5896061939001084","0.44173422157764436","0.44173422157764436","0.44173422157764436","0.591008170247078","0.591008170247078","0.591008170247078","0.439851593375206","0.439851593375206","0.439851593375206","0.5834654867649078","0.5834654867649078","0.5834654867649078","0.4349732080101967","0.4349732080101967","0.4349732080101967","0.592468136548996","0.592468136548996","0.592468136548996","0.5912620609998703","0.5912620609998703","0.5912620609998703","0.44646225541830065","0.44646225541830065","0.44646225541830065","0.4460376024246216","0.4460376024246216","0.4460376024246216"
"7000","0.5910600805282593","0.5910600805282593","0.5910600805282593","0.44347199618816374","0.44347199618816374","0.44347199618816374","0.5934697395563125","0.5934697395563125","0.5934697395563125","0.439898356795311","0.439898356795311","0.439898356795311","0.5869854122400284","0.5869854122400284","0.5869854122400284","0.4382030642032623","0.4382030642032623","0.4382030642032623","0.5994873249530792","0.5994873249530792","0.5994873249530792","0.5940158134698867","0.5940158134698867","0.5940158134698867","0.4453119096159935","0.4453119096159935","0.4453119096159935","0.4352690914273262","0.4352690914273262","0.4352690914273262"
"7100","0.5904486119747162","0.5904486119747162","0.5904486119747162","0.44363540291786197","0.44363540291786197","0.44363540291786197","0.5903493994474411","0.5903493994474411","0.5903493994474411","0.44326056689023974","0.44326056689023974","0.44326056689023974","0.5864043563604355","0.5864043563604355","0.5864043563604355","0.44106055080890655","0.44106055080890655","0.44106055080890655","0.5935438466072083","0.5935438466072083","0.5935438466072083","0.5947014671564103","0.5947014671564103","0.5947014671564103","0.4452409130334854","0.4452409130334854","0.4452409130334854","0.43638229072093965","0.43638229072093965","0.43638229072093965"
"7200","0.5886983340978622","0.5886983340978622","0.5886983340978622","0.43666420727968214","0.43666420727968214","0.43666420727968214","0.5964692616462708","0.5964692616462708","0.5964692616462708","0.44311741799116133","0.44311741799116133","0.44311741799116133","0.5935863542556763","0.5935863542556763","0.5935863542556763","0.44706652790308","0.44706652790308","0.44706652790308","0.5896163678169251","0.5896163678169251","0.5896163678169251","0.5929508423805236","0.5929508423805236","0.5929508423805236","0.445149772465229","0.445149772465229","0.445149772465229","0.4508577308058739","0.4508577308058739","0.4508577308058739"
"7300","0.5912252843379975","0.5912252843379975","0.5912252843379975","0.43726078659296036","0.43726078659296036","0.43726078659296036","0.5879867061972618","0.5879867061972618","0.5879867061972618","0.4487559601664543","0.4487559601664543","0.4487559601664543","0.5866269034147262","0.5866269034147262","0.5866269034147262","0.4442984339594841","0.4442984339594841","0.4442984339594841","0.5925487649440765","0.5925487649440765","0.5925487649440765","0.5922090235352516","0.5922090235352516","0.5922090235352516","0.43474032074213026","0.43474032074213026","0.43474032074213026","0.4437521663308144","0.4437521663308144","0.4437521663308144"
"7400","0.5940812844038009","0.5940812844038009","0.5940812844038009","0.440053930580616","0.440053930580616","0.440053930580616","0.5901111161708832","0.5901111161708832","0.5901111161708832","0.4394445207715034","0.4394445207715034","0.4394445207715034","0.5857451403141022","0.5857451403141022","0.5857451403141022","0.4417105123400688","0.4417105123400688","0.4417105123400688","0.5895947498083115","0.5895947498083115","0.5895947498083115","0.5931640499830246","0.5931640499830246","0.5931640499830246","0.45061111509799956","0.45061111509799956","0.45061111509799956","0.4466704413294792","0.4466704413294792","0.4466704413294792"
"7500","0.5892763337492943","0.5892763337492943","0.5892763337492943","0.44375471264123917","0.44375471264123917","0.44375471264123917","0.5906926625967026","0.5906926625967026","0.5906926625967026","0.4429508706927299","0.4429508706927299","0.4429508706927299","0.5908071660995483","0.5908071660995483","0.5908071660995483","0.44280962765216825","0.44280962765216825","0.44280962765216825","0.5905222296714783","0.5905222296714783","0.5905222296714783","0.592633798122406","0.592633798122406","0.592633798122406","0.44188888132572174","0.44188888132572174","0.44188888132572174","0.4432323315739632","0.4432323315739632","0.4432323315739632"
"7600","0.5819734978675842","0.5819734978675842","0.5819734978675842","0.4364386370778084","0.4364386370778084","0.4364386370778084","0.5877878344058991","0.5877878344058991","0.5877878344058991","0.43427210092544555","0.43427210092544555","0.43427210092544555","0.5855774754285812","0.5855774754285812","0.5855774754285812","0.4382900008559227","0.4382900008559227","0.4382900008559227","0.5879920381307602","0.5879920381307602","0.5879920381307602","0.593517814874649","0.593517814874649","0.593517814874649","0.44541031926870345","0.44541031926870345","0.44541031926870345","0.4350669640302658","0.4350669640302658","0.4350669640302658"
"7700","0.5874712342023849","0.5874712342023849","0.5874712342023849","0.43645901560783384","0.43645901560783384","0.43645901560783384","0.5869572746753693","0.5869572746753693","0.5869572746753693","0.43802484750747683","0.43802484750747683","0.43802484750747683","0.5844465875625611","0.5844465875625611","0.5844465875625611","0.44686045855283735","0.44686045855283735","0.44686045855283735","0.5911178857088089","0.5911178857088089","0.5911178857088089","0.5873476386070251","0.5873476386070251","0.5873476386070251","0.442770434319973","0.442770434319973","0.442770434319973","0.44038829535245894","0.44038829535245894","0.44038829535245894"
"7800","0.5859405994415283","0.5859405994415283","0.5859405994415283","0.43883521139621734","0.43883521139621734","0.43883521139621734","0.5923046207427979","0.5923046207427979","0.5923046207427979","0.43781930327415464","0.43781930327415464","0.43781930327415464","0.588317511677742","0.588317511677742","0.588317511677742","0.44151480674743654","0.44151480674743654","0.44151480674743654","0.5921133983135224","0.5921133983135224","0.5921133983135224","0.5913845151662827","0.5913845151662827","0.5913845151662827","0.45088442593812944","0.45088442593812944","0.45088442593812944","0.4343114924430847","0.4343114924430847","0.4343114924430847"
"7900","0.5840728217363358","0.5840728217363358","0.5840728217363358","0.4407921370863914","0.4407921370863914","0.4407921370863914","0.5874114906787873","0.5874114906787873","0.5874114906787873","0.4492587527632713","0.4492587527632713","0.4492587527632713","0.5825660276412964","0.5825660276412964","0.5825660276412964","0.43156341135501863","0.43156341135501863","0.43156341135501863","0.5849260979890823","0.5849260979890823","0.5849260979890823","0.5806426590681076","0.5806426590681076","0.5806426590681076","0.4387429252266884","0.4387429252266884","0.4387429252266884","0.44278356701135635","0.44278356701135635","0.44278356701135635"
"8000","0.5847704795002937","0.5847704795002937","0.5847704795002937","0.43152980774641037","0.43152980774641037","0.43152980774641037","0.5846271616220474","0.5846271616220474","0.5846271616220474","0.4358517161011696","0.4358517161011696","0.4358517161011696","0.5866429507732391","0.5866429507732391","0.5866429507732391","0.4489710545539856","0.4489710545539856","0.4489710545539856","0.5904004484415054","0.5904004484415054","0.5904004484415054","0.586800353527069","0.586800353527069","0.586800353527069","0.44848415821790694","0.44848415821790694","0.44848415821790694","0.4281287494301796","0.4281287494301796","0.4281287494301796"
"8100","0.5845815244317055","0.5845815244317055","0.5845815244317055","0.43788045525550845","0.43788045525550845","0.43788045525550845","0.5871124982833862","0.5871124982833862","0.5871124982833862","0.4396536549925804","0.4396536549925804","0.4396536549925804","0.5810180681943894","0.5810180681943894","0.5810180681943894","0.43926777780056","0.43926777780056","0.43926777780056","0.5845895427465438","0.5845895427465438","0.5845895427465438","0.5914701336622238","0.5914701336622238","0.5914701336622238","0.44108621269464493","0.44108621269464493","0.44108621269464493","0.43776132076978685","0.43776132076978685","0.43776132076978685"
"8200","0.5862966871261597","0.5862966871261597","0.5862966871261597","0.4448584359884262","0.4448584359884262","0.4448584359884262","0.5824658650159836","0.5824658650159836","0.5824658650159836","0.43856453239917753","0.43856453239917753","0.43856453239917753","0.5838143098354339","0.5838143098354339","0.5838143098354339","0.43608795255422594","0.43608795255422594","0.43608795255422594","0.5889462193846703","0.5889462193846703","0.5889462193846703","0.5899372565746307","0.5899372565746307","0.5899372565746307","0.4441576153039932","0.4441576153039932","0.4441576153039932","0.4362021654844284","0.4362021654844284","0.4362021654844284"
"8300","0.5837837141752243","0.5837837141752243","0.5837837141752243","0.43620104759931566","0.43620104759931566","0.43620104759931566","0.5858185398578644","0.5858185398578644","0.5858185398578644","0.43442210465669634","0.43442210465669634","0.43442210465669634","0.5793416810035705","0.5793416810035705","0.5793416810035705","0.4383772709965706","0.4383772709965706","0.4383772709965706","0.5822388768196106","0.5822388768196106","0.5822388768196106","0.5884593540430069","0.5884593540430069","0.5884593540430069","0.4370591577887535","0.4370591577887535","0.4370591577887535","0.43395445972681046","0.43395445972681046","0.43395445972681046"
"8400","0.5859846591949462","0.5859846591949462","0.5859846591949462","0.43922329902648927","0.43922329902648927","0.43922329902648927","0.5808842080831528","0.5808842080831528","0.5808842080831528","0.4317338353395462","0.4317338353395462","0.4317338353395462","0.5827792477607727","0.5827792477607727","0.5827792477607727","0.4344377163052559","0.4344377163052559","0.4344377163052559","0.579912177324295","0.579912177324295","0.579912177324295","0.5881123465299606","0.5881123465299606","0.5881123465299606","0.4378982663154602","0.4378982663154602","0.4378982663154602","0.43375171691179276","0.43375171691179276","0.43375171691179276"
"8500","0.5838696023821831","0.5838696023821831","0.5838696023821831","0.43342252969741824","0.43342252969741824","0.43342252969741824","0.5859083199501037","0.5859083199501037","0.5859083199501037","0.4370614370703697","0.4370614370703697","0.4370614370703697","0.5826495093107223","0.5826495093107223","0.5826495093107223","0.4385620757937431","0.4385620757937431","0.4385620757937431","0.5850503093004227","0.5850503093004227","0.5850503093004227","0.5806964200735092","0.5806964200735092","0.5806964200735092","0.43872388064861295","0.43872388064861295","0.43872388064861295","0.432964001595974","0.432964001595974","0.432964001595974"
"8600","0.5767425775527955","0.5767425775527955","0.5767425775527955","0.4309545940160751","0.4309545940160751","0.4309545940160751","0.5877174693346023","0.5877174693346023","0.5877174693346023","0.43585994631052016","0.43585994631052016","0.43585994631052016","0.5883337593078614","0.5883337593078614","0.5883337593078614","0.44145812302827836","0.44145812302827836","0.44145812302827836","0.5814847564697265","0.5814847564697265","0.5814847564697265","0.5817650067806244","0.5817650067806244","0.5817650067806244","0.4341784819960594","0.4341784819960594","0.4341784819960594","0.440694120824337","0.440694120824337","0.440694120824337"
"8700","0.5779639106988906","0.5779639106988906","0.5779639106988906","0.44048129677772524","0.44048129677772524","0.44048129677772524","0.583540815114975","0.583540815114975","0.583540815114975","0.4322553426027298","0.4322553426027298","0.4322553426027298","0.5821789330244065","0.5821789330244065","0.5821789330244065","0.43682340294122696","0.43682340294122696","0.43682340294122696","0.5854430657625198","0.5854430657625198","0.5854430657625198","0.5793058490753173","0.5793058490753173","0.5793058490753173","0.4382659402489662","0.4382659402489662","0.4382659402489662","0.4369628578424454","0.4369628578424454","0.4369628578424454"
"8800","0.5845761853456497","0.5845761853456497","0.5845761853456497","0.4416461142897606","0.4416461142897606","0.4416461142897606","0.5838376379013062","0.5838376379013062","0.5838376379013062","0.44101681768894196","0.44101681768894196","0.44101681768894196","0.5823372662067413","0.5823372662067413","0.5823372662067413","0.4318282121419907","0.4318282121419907","0.4318282121419907","0.5844539254903793","0.5844539254903793","0.5844539254903793","0.590245153605938","0.590245153605938","0.590245153605938","0.440091692507267","0.440091692507267","0.440091692507267","0.4385369196534157","0.4385369196534157","0.4385369196534157"
"8900","0.5822558093070984","0.5822558093070984","0.5822558093070984","0.4313152626156807","0.4313152626156807","0.4313152626156807","0.5813408556580544","0.5813408556580544","0.5813408556580544","0.43449382573366163","0.43449382573366163","0.43449382573366163","0.577148032784462","0.577148032784462","0.577148032784462","0.4318236073851585","0.4318236073851585","0.4318236073851585","0.5809938049316407","0.5809938049316407","0.5809938049316407","0.5811382728815079","0.5811382728815079","0.5811382728815079","0.4362673935294151","0.4362673935294151","0.4362673935294151","0.43385953664779664","0.43385953664779664","0.43385953664779664"
"9000","0.5797722393274307","0.5797722393274307","0.5797722393274307","0.43583878844976426","0.43583878844976426","0.43583878844976426","0.5794762569665909","0.5794762569665909","0.5794762569665909","0.43386129796504974","0.43386129796504974","0.43386129796504974","0.5827356731891632","0.5827356731891632","0.5827356731891632","0.4437284019589424","0.4437284019589424","0.4437284019589424","0.5810219520330429","0.5810219520330429","0.5810219520330429","0.5841272306442261","0.5841272306442261","0.5841272306442261","0.43565078675746916","0.43565078675746916","0.43565078675746916","0.44032697916030883","0.44032697916030883","0.44032697916030883"
"9100","0.5827157014608383","0.5827157014608383","0.5827157014608383","0.4343357899785042","0.4343357899785042","0.4343357899785042","0.5860416996479034","0.5860416996479034","0.5860416996479034","0.4322359311580658","0.4322359311580658","0.4322359311580658","0.5791446965932846","0.5791446965932846","0.5791446965932846","0.4352205491065979","0.4352205491065979","0.4352205491065979","0.5788731098175048","0.5788731098175048","0.5788731098175048","0.5870113545656204","0.5870113545656204","0.5870113545656204","0.42950191915035246","0.42950191915035246","0.42950191915035246","0.434051154255867","0.434051154255867","0.434051154255867"
"9200","0.5798482555150986","0.5798482555150986","0.5798482555150986","0.4338419708609581","0.4338419708609581","0.4338419708609581","0.5800189191102981","0.5800189191102981","0.5800189191102981","0.4281504145264626","0.4281504145264626","0.4281504145264626","0.5775251752138137","0.5775251752138137","0.5775251752138137","0.43365016490221026","0.43365016490221026","0.43365016490221026","0.5894981908798218","0.5894981908798218","0.5894981908798218","0.5806181019544602","0.5806181019544602","0.5806181019544602","0.4381684237718582","0.4381684237718582","0.4381684237718582","0.43045191586017606","0.43045191586017606","0.43045191586017606"
"9300","0.5814989393949509","0.5814989393949509","0.5814989393949509","0.4344072031974793","0.4344072031974793","0.4344072031974793","0.5816155105829239","0.5816155105829239","0.5816155105829239","0.4405593314766884","0.4405593314766884","0.4405593314766884","0.5835091108083725","0.5835091108083725","0.5835091108083725","0.43331255167722704","0.43331255167722704","0.43331255167722704","0.5802258473634719","0.5802258473634719","0.5802258473634719","0.5810366547107697","0.5810366547107697","0.5810366547107697","0.43015671998262406","0.43015671998262406","0.43015671998262406","0.4351604816317558","0.4351604816317558","0.4351604816317558"
"9400","0.580579981803894","0.580579981803894","0.580579981803894","0.4330818668007851","0.4330818668007851","0.4330818668007851","0.5804278367757797","0.5804278367757797","0.5804278367757797","0.4339883762598038","0.4339883762598038","0.4339883762598038","0.5765716236829758","0.5765716236829758","0.5765716236829758","0.4323288890719414","0.4323288890719414","0.4323288890719414","0.5794043332338333","0.5794043332338333","0.5794043332338333","0.5799817568063736","0.5799817568063736","0.5799817568063736","0.437789201438427","0.437789201438427","0.437789201438427","0.4333542549610138","0.4333542549610138","0.4333542549610138"
"9500","0.5765219789743423","0.5765219789743423","0.5765219789743423","0.42917231649160387","0.42917231649160387","0.42917231649160387","0.5861155688762665","0.5861155688762665","0.5861155688762665","0.4365221133828163","0.4365221133828163","0.4365221133828163","0.575154196023941","0.575154196023941","0.575154196023941","0.42535162329673765","0.42535162329673765","0.42535162329673765","0.5851490640640259","0.5851490640640259","0.5851490640640259","0.5788700491189956","0.5788700491189956","0.5788700491189956","0.43822639137506486","0.43822639137506486","0.43822639137506486","0.43376929581165313","0.43376929581165313","0.43376929581165313"
"9600","0.5796732488274574","0.5796732488274574","0.5796732488274574","0.4373706206679344","0.4373706206679344","0.4373706206679344","0.5757326540350914","0.5757326540350914","0.5757326540350914","0.4259290051460266","0.4259290051460266","0.4259290051460266","0.5748752129077911","0.5748752129077911","0.5748752129077911","0.427420354783535","0.427420354783535","0.427420354783535","0.576722232401371","0.576722232401371","0.576722232401371","0.5796948510408402","0.5796948510408402","0.5796948510408402","0.42852032601833345","0.42852032601833345","0.42852032601833345","0.43893020480871203","0.43893020480871203","0.43893020480871203"
"9700","0.5721775412559509","0.5721775412559509","0.5721775412559509","0.42760501086711883","0.42760501086711883","0.42760501086711883","0.5807306241989135","0.5807306241989135","0.5807306241989135","0.4358088085055351","0.4358088085055351","0.4358088085055351","0.5775282955169678","0.5775282955169678","0.5775282955169678","0.43808666735887525","0.43808666735887525","0.43808666735887525","0.5757416212558746","0.5757416212558746","0.5757416212558746","0.5797553962469101","0.5797553962469101","0.5797553962469101","0.42970021039247513","0.42970021039247513","0.42970021039247513","0.42531971096992494","0.42531971096992494","0.42531971096992494"
"9800","0.5772185108065605","0.5772185108065605","0.5772185108065605","0.43160701274871827","0.43160701274871827","0.43160701274871827","0.5769943392276764","0.5769943392276764","0.5769943392276764","0.43304732233285903","0.43304732233285903","0.43304732233285903","0.5814025473594665","0.5814025473594665","0.5814025473594665","0.4327572241425514","0.4327572241425514","0.4327572241425514","0.5806878739595414","0.5806878739595414","0.5806878739595414","0.5794421482086182","0.5794421482086182","0.5794421482086182","0.4317173784971237","0.4317173784971237","0.4317173784971237","0.4296850886940956","0.4296850886940956","0.4296850886940956"
"9900","0.5730197155475616","0.5730197155475616","0.5730197155475616","0.42822215765714644","0.42822215765714644","0.42822215765714644","0.5813509267568588","0.5813509267568588","0.5813509267568588","0.4345617064833641","0.4345617064833641","0.4345617064833641","0.574279453754425","0.574279453754425","0.574279453754425","0.42412131994962693","0.42412131994962693","0.42412131994962693","0.5745024091005325","0.5745024091005325","0.5745024091005325","0.5757484811544419","0.5757484811544419","0.5757484811544419","0.4306437876820564","0.4306437876820564","0.4306437876820564","0.4289624381065369","0.4289624381065369","0.4289624381065369"
"10000","0.5713287335634232","0.5713287335634232","0.5713287335634232","0.4278998079895973","0.4278998079895973","0.4278998079895973","0.5804724413156509","0.5804724413156509","0.5804724413156509","0.4324813207983971","0.4324813207983971","0.4324813207983971","0.5786414921283722","0.5786414921283722","0.5786414921283722","0.42874779403209684","0.42874779403209684","0.42874779403209684","0.5828201007843018","0.5828201007843018","0.5828201007843018","0.5824918553233147","0.5824918553233147","0.5824918553233147","0.4378582212328911","0.4378582212328911","0.4378582212328911","0.428318649828434","0.428318649828434","0.428318649828434"
"10100","0.574994843006134","0.574994843006134","0.574994843006134","0.4282650429010391","0.4282650429010391","0.4282650429010391","0.5757383298873902","0.5757383298873902","0.5757383298873902","0.4338094013929367","0.4338094013929367","0.4338094013929367","0.5757946050167084","0.5757946050167084","0.5757946050167084","0.4293434503674507","0.4293434503674507","0.4293434503674507","0.5743783909082413","0.5743783909082413","0.5743783909082413","0.5747909444570541","0.5747909444570541","0.5747909444570541","0.4270751792192459","0.4270751792192459","0.4270751792192459","0.4360995039343834","0.4360995039343834","0.4360995039343834"
"10200","0.5797015416622162","0.5797015416622162","0.5797015416622162","0.43831479489803316","0.43831479489803316","0.43831479489803316","0.578099044561386","0.578099044561386","0.578099044561386","0.439250745177269","0.439250745177269","0.439250745177269","0.5767400711774826","0.5767400711774826","0.5767400711774826","0.4306204789876938","0.4306204789876938","0.4306204789876938","0.5791562032699585","0.5791562032699585","0.5791562032699585","0.5727935945987701","0.5727935945987701","0.5727935945987701","0.43721139639616013","0.43721139639616013","0.43721139639616013","0.4299282360076904","0.4299282360076904","0.4299282360076904"
"10300","0.5755489730834961","0.5755489730834961","0.5755489730834961","0.43326655864715574","0.43326655864715574","0.43326655864715574","0.5753464952111245","0.5753464952111245","0.5753464952111245","0.4251427513360977","0.4251427513360977","0.4251427513360977","0.5807054504752159","0.5807054504752159","0.5807054504752159","0.43546165376901624","0.43546165376901624","0.43546165376901624","0.5766899621486664","0.5766899621486664","0.5766899621486664","0.5660747355222702","0.5660747355222702","0.5660747355222702","0.42916766345500945","0.42916766345500945","0.42916766345500945","0.43376473933458326","0.43376473933458326","0.43376473933458326"
"10400","0.578135495185852","0.578135495185852","0.578135495185852","0.42910593062639235","0.42910593062639235","0.42910593062639235","0.5826223772764206","0.5826223772764206","0.5826223772764206","0.4345657229423523","0.4345657229423523","0.4345657229423523","0.5760579174757003","0.5760579174757003","0.5760579174757003","0.4258962267637253","0.4258962267637253","0.4258962267637253","0.5791941857337952","0.5791941857337952","0.5791941857337952","0.5715364941954613","0.5715364941954613","0.5715364941954613","0.42293545603752136","0.42293545603752136","0.42293545603752136","0.43160299003124236","0.43160299003124236","0.43160299003124236"
"10500","0.5775377875566483","0.5775377875566483","0.5775377875566483","0.433311410844326","0.433311410844326","0.433311410844326","0.5809969758987427","0.5809969758987427","0.5809969758987427","0.42699629873037337","0.42699629873037337","0.42699629873037337","0.5723825359344482","0.5723825359344482","0.5723825359344482","0.42325919061899187","0.42325919061899187","0.42325919061899187","0.5639531925320626","0.5639531925320626","0.5639531925320626","0.5783269250392914","0.5783269250392914","0.5783269250392914","0.4272933813929558","0.4272933813929558","0.4272933813929558","0.42969280123710635","0.42969280123710635","0.42969280123710635"
"10600","0.5737464100122451","0.5737464100122451","0.5737464100122451","0.42962410271167756","0.42962410271167756","0.42962410271167756","0.5707948172092437","0.5707948172092437","0.5707948172092437","0.4319203823804855","0.4319203823804855","0.4319203823804855","0.5692158788442612","0.5692158788442612","0.5692158788442612","0.4266197833418846","0.4266197833418846","0.4266197833418846","0.5761232578754425","0.5761232578754425","0.5761232578754425","0.5703203356266022","0.5703203356266022","0.5703203356266022","0.42841908186674116","0.42841908186674116","0.42841908186674116","0.42710062056779863","0.42710062056779863","0.42710062056779863"
"10700","0.5727470070123672","0.5727470070123672","0.5727470070123672","0.4279859405755997","0.4279859405755997","0.4279859405755997","0.5758448398113251","0.5758448398113251","0.5758448398113251","0.42687609761953355","0.42687609761953355","0.42687609761953355","0.5767789813876152","0.5767789813876152","0.5767789813876152","0.433109293282032","0.433109293282032","0.433109293282032","0.5749602288007736","0.5749602288007736","0.5749602288007736","0.5764944970607757","0.5764944970607757","0.5764944970607757","0.4227824100852013","0.4227824100852013","0.4227824100852013","0.42945529878139493","0.42945529878139493","0.42945529878139493"
"10800","0.5796160814166069","0.5796160814166069","0.5796160814166069","0.43735579639673233","0.43735579639673233","0.43735579639673233","0.578463476896286","0.578463476896286","0.578463476896286","0.428399073779583","0.428399073779583","0.428399073779583","0.5729877045750618","0.5729877045750618","0.5729877045750618","0.4223526754975319","0.4223526754975319","0.4223526754975319","0.5675136005878448","0.5675136005878448","0.5675136005878448","0.5720040336251259","0.5720040336251259","0.5720040336251259","0.42052835881710054","0.42052835881710054","0.42052835881710054","0.43185211688280106","0.43185211688280106","0.43185211688280106"
"10900","0.5710738763213158","0.5710738763213158","0.5710738763213158","0.42628107726573944","0.42628107726573944","0.42628107726573944","0.5786670711636543","0.5786670711636543","0.5786670711636543","0.42229785859584806","0.42229785859584806","0.42229785859584806","0.5716419392824172","0.5716419392824172","0.5716419392824172","0.42961730003356935","0.42961730003356935","0.42961730003356935","0.5753303170204163","0.5753303170204163","0.5753303170204163","0.5701318961381913","0.5701318961381913","0.5701318961381913","0.4276390016078949","0.4276390016078949","0.4276390016078949","0.43300255835056306","0.43300255835056306","0.43300255835056306"
"11000","0.5709909072518349","0.5709909072518349","0.5709909072518349","0.42839271754026415","0.42839271754026415","0.42839271754026415","0.5682258719205856","0.5682258719205856","0.5682258719205856","0.4233254447579384","0.4233254447579384","0.4233254447579384","0.5712665218114853","0.5712665218114853","0.5712665218114853","0.4312743839621544","0.4312743839621544","0.4312743839621544","0.5753511047363281","0.5753511047363281","0.5753511047363281","0.5729570633172989","0.5729570633172989","0.5729570633172989","0.4437608963251114","0.4437608963251114","0.4437608963251114","0.42697488218545915","0.42697488218545915","0.42697488218545915"
"11100","0.58144062936306","0.58144062936306","0.58144062936306","0.4309097245335579","0.4309097245335579","0.4309097245335579","0.5735938283801079","0.5735938283801079","0.5735938283801079","0.4252548533678055","0.4252548533678055","0.4252548533678055","0.5689341527223587","0.5689341527223587","0.5689341527223587","0.4249932777881622","0.4249932777881622","0.4249932777881622","0.571652026772499","0.571652026772499","0.571652026772499","0.5756240326166153","0.5756240326166153","0.5756240326166153","0.43422827154397964","0.43422827154397964","0.43422827154397964","0.42436706691980364","0.42436706691980364","0.42436706691980364"
"11200","0.5734703066945076","0.5734703066945076","0.5734703066945076","0.42931568771600725","0.42931568771600725","0.42931568771600725","0.5760385018587112","0.5760385018587112","0.5760385018587112","0.42566680938005447","0.42566680938005447","0.42566680938005447","0.5744725304841996","0.5744725304841996","0.5744725304841996","0.4284835207462311","0.4284835207462311","0.4284835207462311","0.5748094406723976","0.5748094406723976","0.5748094406723976","0.5686397379636765","0.5686397379636765","0.5686397379636765","0.43110198736190797","0.43110198736190797","0.43110198736190797","0.429452363550663","0.429452363550663","0.429452363550663"
"11300","0.579311476945877","0.579311476945877","0.579311476945877","0.4300841209292412","0.4300841209292412","0.4300841209292412","0.574370873272419","0.574370873272419","0.574370873272419","0.42134942531585695","0.42134942531585695","0.42134942531585695","0.5713809847831726","0.5713809847831726","0.5713809847831726","0.4260133305191994","0.4260133305191994","0.4260133305191994","0.5781555408239365","0.5781555408239365","0.5781555408239365","0.5775754073262215","0.5775754073262215","0.5775754073262215","0.4282919496297836","0.4282919496297836","0.4282919496297836","0.4288035574555397","0.4288035574555397","0.4288035574555397"
"11400","0.5663251954317093","0.5663251954317093","0.5663251954317093","0.42928560137748717","0.42928560137748717","0.42928560137748717","0.5768033349514008","0.5768033349514008","0.5768033349514008","0.4275640121102333","0.4275640121102333","0.4275640121102333","0.5768917125463485","0.5768917125463485","0.5768917125463485","0.4287027657032013","0.4287027657032013","0.4287027657032013","0.5753530830144882","0.5753530830144882","0.5753530830144882","0.5732015556097031","0.5732015556097031","0.5732015556097031","0.4215859681367874","0.4215859681367874","0.4215859681367874","0.4272235456109047","0.4272235456109047","0.4272235456109047"
"11500","0.578344560265541","0.578344560265541","0.578344560265541","0.43111062109470366","0.43111062109470366","0.43111062109470366","0.5656002542376518","0.5656002542376518","0.5656002542376518","0.42156345665454864","0.42156345665454864","0.42156345665454864","0.5648954865336419","0.5648954865336419","0.5648954865336419","0.4279430595040321","0.4279430595040321","0.4279430595040321","0.5753305971622467","0.5753305971622467","0.5753305971622467","0.570859477519989","0.570859477519989","0.570859477519989","0.4267844480276108","0.4267844480276108","0.4267844480276108","0.42315966844558717","0.42315966844558717","0.42315966844558717"
"11600","0.5680863457918167","0.5680863457918167","0.5680863457918167","0.4243374010920525","0.4243374010920525","0.4243374010920525","0.5707117593288422","0.5707117593288422","0.5707117593288422","0.41773601025342944","0.41773601025342944","0.41773601025342944","0.569219386279583","0.569219386279583","0.569219386279583","0.4277746218442917","0.4277746218442917","0.4277746218442917","0.5722473976016045","0.5722473976016045","0.5722473976016045","0.5733571594953537","0.5733571594953537","0.5733571594953537","0.4250062879920006","0.4250062879920006","0.4250062879920006","0.4336984497308731","0.4336984497308731","0.4336984497308731"
"11700","0.570003735423088","0.570003735423088","0.570003735423088","0.43615499049425127","0.43615499049425127","0.43615499049425127","0.5714580518007278","0.5714580518007278","0.5714580518007278","0.4246702066063881","0.4246702066063881","0.4246702066063881","0.5726821383833886","0.5726821383833886","0.5726821383833886","0.42195384234189987","0.42195384234189987","0.42195384234189987","0.5686030834913254","0.5686030834913254","0.5686030834913254","0.5733646711707115","0.5733646711707115","0.5733646711707115","0.42363618582487106","0.42363618582487106","0.42363618582487106","0.42271221697330474","0.42271221697330474","0.42271221697330474"
"11800","0.5714401596784592","0.5714401596784592","0.5714401596784592","0.4192275837063789","0.4192275837063789","0.4192275837063789","0.5734573113918304","0.5734573113918304","0.5734573113918304","0.4209733659029007","0.4209733659029007","0.4209733659029007","0.5664370250701904","0.5664370250701904","0.5664370250701904","0.4314923006296158","0.4314923006296158","0.4314923006296158","0.5721310746669769","0.5721310746669769","0.5721310746669769","0.5711393934488297","0.5711393934488297","0.5711393934488297","0.42492385834455493","0.42492385834455493","0.42492385834455493","0.42752049297094347","0.42752049297094347","0.42752049297094347"
"11900","0.5683156070113182","0.5683156070113182","0.5683156070113182","0.42313028901815414","0.42313028901815414","0.42313028901815414","0.5729490387439727","0.5729490387439727","0.5729490387439727","0.42003667920827864","0.42003667920827864","0.42003667920827864","0.5724763089418411","0.5724763089418411","0.5724763089418411","0.4186242508888245","0.4186242508888245","0.4186242508888245","0.5714645090699196","0.5714645090699196","0.5714645090699196","0.5684555122256278","0.5684555122256278","0.5684555122256278","0.42697839200496673","0.42697839200496673","0.42697839200496673","0.42909701019525526","0.42909701019525526","0.42909701019525526"
"12000","0.5703988614678382","0.5703988614678382","0.5703988614678382","0.4233100339770317","0.4233100339770317","0.4233100339770317","0.569657361805439","0.569657361805439","0.569657361805439","0.42215191304683686","0.42215191304683686","0.42215191304683686","0.5642844498157501","0.5642844498157501","0.5642844498157501","0.41482346326112746","0.41482346326112746","0.41482346326112746","0.5727279978990555","0.5727279978990555","0.5727279978990555","0.5723856329917908","0.5723856329917908","0.5723856329917908","0.42263472855091094","0.42263472855091094","0.42263472855091094","0.4233330225944519","0.4233330225944519","0.4233330225944519"
"12100","0.574474167227745","0.574474167227745","0.574474167227745","0.42664605140686035","0.42664605140686035","0.42664605140686035","0.5699856403470039","0.5699856403470039","0.5699856403470039","0.41864773750305173","0.41864773750305173","0.41864773750305173","0.5705344641208648","0.5705344641208648","0.5705344641208648","0.42419235438108444","0.42419235438108444","0.42419235438108444","0.5698394054174423","0.5698394054174423","0.5698394054174423","0.5687745374441147","0.5687745374441147","0.5687745374441147","0.41928283393383026","0.41928283393383026","0.41928283393383026","0.42091591030359266","0.42091591030359266","0.42091591030359266"
"12200","0.5710857254266739","0.5710857254266739","0.5710857254266739","0.4270415100455284","0.4270415100455284","0.4270415100455284","0.5690518867969513","0.5690518867969513","0.5690518867969513","0.4233242693543434","0.4233242693543434","0.4233242693543434","0.5578235000371933","0.5578235000371933","0.5578235000371933","0.41567051261663435","0.41567051261663435","0.41567051261663435","0.569147957265377","0.569147957265377","0.569147957265377","0.571913685798645","0.571913685798645","0.571913685798645","0.4240769535303116","0.4240769535303116","0.4240769535303116","0.4266200011968613","0.4266200011968613","0.4266200011968613"
"12300","0.5701832151412964","0.5701832151412964","0.5701832151412964","0.42617175847291944","0.42617175847291944","0.42617175847291944","0.5657148504257202","0.5657148504257202","0.5657148504257202","0.41844869196414947","0.41844869196414947","0.41844869196414947","0.564039586186409","0.564039586186409","0.564039586186409","0.4176495546102524","0.4176495546102524","0.4176495546102524","0.5669786128401756","0.5669786128401756","0.5669786128401756","0.5725817203521728","0.5725817203521728","0.5725817203521728","0.4151687026023865","0.4151687026023865","0.4151687026023865","0.4195550897717476","0.4195550897717476","0.4195550897717476"
"12400","0.5659639245271683","0.5659639245271683","0.5659639245271683","0.42584713608026503","0.42584713608026503","0.42584713608026503","0.5665937995910645","0.5665937995910645","0.5665937995910645","0.426743258535862","0.426743258535862","0.426743258535862","0.5678572362661362","0.5678572362661362","0.5678572362661362","0.4210495972633362","0.4210495972633362","0.4210495972633362","0.5732770830392837","0.5732770830392837","0.5732770830392837","0.5724883916974067","0.5724883916974067","0.5724883916974067","0.4328103452920914","0.4328103452920914","0.4328103452920914","0.4196691346168518","0.4196691346168518","0.4196691346168518"
"12500","0.5682511746883392","0.5682511746883392","0.5682511746883392","0.4227170792222023","0.4227170792222023","0.4227170792222023","0.5685640525817871","0.5685640525817871","0.5685640525817871","0.41803847283124923","0.41803847283124923","0.41803847283124923","0.567051699757576","0.567051699757576","0.567051699757576","0.42156130492687227","0.42156130492687227","0.42156130492687227","0.5695747494697571","0.5695747494697571","0.5695747494697571","0.5726292705535889","0.5726292705535889","0.5726292705535889","0.4232274514436722","0.4232274514436722","0.4232274514436722","0.41898476153612135","0.41898476153612135","0.41898476153612135"
"12600","0.5668795675039291","0.5668795675039291","0.5668795675039291","0.4195126858353615","0.4195126858353615","0.4195126858353615","0.5690002718567848","0.5690002718567848","0.5690002718567848","0.42709688246250155","0.42709688246250155","0.42709688246250155","0.5704249769449234","0.5704249769449234","0.5704249769449234","0.41341916859149935","0.41341916859149935","0.41341916859149935","0.5650271946191787","0.5650271946191787","0.5650271946191787","0.567574882209301","0.567574882209301","0.567574882209301","0.42364164769649504","0.42364164769649504","0.42364164769649504","0.41735722810029985","0.41735722810029985","0.41735722810029985"
"12700","0.5642313235998153","0.5642313235998153","0.5642313235998153","0.41703814148902896","0.41703814148902896","0.41703814148902896","0.5703676909208297","0.5703676909208297","0.5703676909208297","0.4229458937048912","0.4229458937048912","0.4229458937048912","0.5703446668386459","0.5703446668386459","0.5703446668386459","0.41848441630601885","0.41848441630601885","0.41848441630601885","0.5735940515995026","0.5735940515995026","0.5735940515995026","0.5731760388612748","0.5731760388612748","0.5731760388612748","0.42026576489210127","0.42026576489210127","0.42026576489210127","0.41680202692747115","0.41680202692747115","0.41680202692747115"
"12800","0.5643850022554397","0.5643850022554397","0.5643850022554397","0.416906521320343","0.416906521320343","0.416906521320343","0.5657760083675385","0.5657760083675385","0.5657760083675385","0.41987700551748275","0.41987700551748275","0.41987700551748275","0.5662070697546006","0.5662070697546006","0.5662070697546006","0.41873066276311877","0.41873066276311877","0.41873066276311877","0.5692589423060417","0.5692589423060417","0.5692589423060417","0.5726958462595939","0.5726958462595939","0.5726958462595939","0.4247026336193085","0.4247026336193085","0.4247026336193085","0.4242026725411415","0.4242026725411415","0.4242026725411415"
"12900","0.5763966763019561","0.5763966763019561","0.5763966763019561","0.42915533393621447","0.42915533393621447","0.42915533393621447","0.5653652533888817","0.5653652533888817","0.5653652533888817","0.41748601794242857","0.41748601794242857","0.41748601794242857","0.5680178517103195","0.5680178517103195","0.5680178517103195","0.4140883183479309","0.4140883183479309","0.4140883183479309","0.5691035130620002","0.5691035130620002","0.5691035130620002","0.5679271322488785","0.5679271322488785","0.5679271322488785","0.4148164591193199","0.4148164591193199","0.4148164591193199","0.42745340019464495","0.42745340019464495","0.42745340019464495"
"13000","0.5642436647415161","0.5642436647415161","0.5642436647415161","0.409370276927948","0.409370276927948","0.409370276927948","0.5672170588374138","0.5672170588374138","0.5672170588374138","0.4202714577317238","0.4202714577317238","0.4202714577317238","0.5691057401895523","0.5691057401895523","0.5691057401895523","0.41617650002241136","0.41617650002241136","0.41617650002241136","0.5691192379593849","0.5691192379593849","0.5691192379593849","0.565117307305336","0.565117307305336","0.565117307305336","0.413141331076622","0.413141331076622","0.413141331076622","0.4197280493378639","0.4197280493378639","0.4197280493378639"
"13100","0.5668642127513885","0.5668642127513885","0.5668642127513885","0.4148335975408554","0.4148335975408554","0.4148335975408554","0.5642654931545258","0.5642654931545258","0.5642654931545258","0.4216159099340439","0.4216159099340439","0.4216159099340439","0.5716902568936348","0.5716902568936348","0.5716902568936348","0.41974773347377775","0.41974773347377775","0.41974773347377775","0.5700131875276565","0.5700131875276565","0.5700131875276565","0.5711172509193421","0.5711172509193421","0.5711172509193421","0.429613022506237","0.429613022506237","0.429613022506237","0.4251149895787239","0.4251149895787239","0.4251149895787239"
"13200","0.5657727140188217","0.5657727140188217","0.5657727140188217","0.42070372819900514","0.42070372819900514","0.42070372819900514","0.5660874226689339","0.5660874226689339","0.5660874226689339","0.4172597947716713","0.4172597947716713","0.4172597947716713","0.5657957217097282","0.5657957217097282","0.5657957217097282","0.41433343589305877","0.41433343589305877","0.41433343589305877","0.5628303408622741","0.5628303408622741","0.5628303408622741","0.5659524589776993","0.5659524589776993","0.5659524589776993","0.42413185477256776","0.42413185477256776","0.42413185477256776","0.42211528301239015","0.42211528301239015","0.42211528301239015"
"13300","0.566605164706707","0.566605164706707","0.566605164706707","0.419167218208313","0.419167218208313","0.419167218208313","0.5686629968881607","0.5686629968881607","0.5686629968881607","0.41611887633800504","0.41611887633800504","0.41611887633800504","0.5666664800047875","0.5666664800047875","0.5666664800047875","0.41776621729135516","0.41776621729135516","0.41776621729135516","0.572144256234169","0.572144256234169","0.572144256234169","0.5705502724647522","0.5705502724647522","0.5705502724647522","0.4165057986974716","0.4165057986974716","0.4165057986974716","0.425744546353817","0.425744546353817","0.425744546353817"
"13400","0.5610243412852287","0.5610243412852287","0.5610243412852287","0.4235747677087784","0.4235747677087784","0.4235747677087784","0.565059204697609","0.565059204697609","0.565059204697609","0.41591388463974","0.41591388463974","0.41591388463974","0.5679122316837311","0.5679122316837311","0.5679122316837311","0.4205868729948998","0.4205868729948998","0.4205868729948998","0.5644319531321526","0.5644319531321526","0.5644319531321526","0.5659093147516251","0.5659093147516251","0.5659093147516251","0.42143226057291033","0.42143226057291033","0.42143226057291033","0.41940308690071104","0.41940308690071104","0.41940308690071104"
"13500","0.5606024771928787","0.5606024771928787","0.5606024771928787","0.4181279155611992","0.4181279155611992","0.4181279155611992","0.5735118496417999","0.5735118496417999","0.5735118496417999","0.42143734127283095","0.42143734127283095","0.42143734127283095","0.5622564899921417","0.5622564899921417","0.5622564899921417","0.42349006742239","0.42349006742239","0.42349006742239","0.5719923537969589","0.5719923537969589","0.5719923537969589","0.564932564496994","0.564932564496994","0.564932564496994","0.41629754573106764","0.41629754573106764","0.41629754573106764","0.42082339614629743","0.42082339614629743","0.42082339614629743"
"13600","0.5625241163372994","0.5625241163372994","0.5625241163372994","0.4179158169031143","0.4179158169031143","0.4179158169031143","0.5637262853980064","0.5637262853980064","0.5637262853980064","0.4167411270737648","0.4167411270737648","0.4167411270737648","0.5637407207489014","0.5637407207489014","0.5637407207489014","0.4118423369526863","0.4118423369526863","0.4118423369526863","0.5648390305042267","0.5648390305042267","0.5648390305042267","0.5657041591405868","0.5657041591405868","0.5657041591405868","0.42678690910339356","0.42678690910339356","0.42678690910339356","0.4196228647232056","0.4196228647232056","0.4196228647232056"
"13700","0.5675205838680267","0.5675205838680267","0.5675205838680267","0.41928905606269834","0.41928905606269834","0.41928905606269834","0.5705503651499748","0.5705503651499748","0.5705503651499748","0.4214524945616722","0.4214524945616722","0.4214524945616722","0.5639129394292831","0.5639129394292831","0.5639129394292831","0.4116330733895302","0.4116330733895302","0.4116330733895302","0.5621365448832512","0.5621365448832512","0.5621365448832512","0.5712716940045357","0.5712716940045357","0.5712716940045357","0.41998323559761047","0.41998323559761047","0.41998323559761047","0.41657559126615523","0.41657559126615523","0.41657559126615523"
"13800","0.5587488359212875","0.5587488359212875","0.5587488359212875","0.41954556465148923","0.41954556465148923","0.41954556465148923","0.5662468081712723","0.5662468081712723","0.5662468081712723","0.41262281775474546","0.41262281775474546","0.41262281775474546","0.567411840558052","0.567411840558052","0.567411840558052","0.4165757805109024","0.4165757805109024","0.4165757805109024","0.5651533010601998","0.5651533010601998","0.5651533010601998","0.5666932451725006","0.5666932451725006","0.5666932451725006","0.4178633204102516","0.4178633204102516","0.4178633204102516","0.41642296344041824","0.41642296344041824","0.41642296344041824"
"13900","0.564862519800663","0.564862519800663","0.564862519800663","0.4134338429570198","0.4134338429570198","0.4134338429570198","0.5637649908661843","0.5637649908661843","0.5637649908661843","0.4190731638669968","0.4190731638669968","0.4190731638669968","0.5642954498529434","0.5642954498529434","0.5642954498529434","0.41399118334054946","0.41399118334054946","0.41399118334054946","0.5718495321273803","0.5718495321273803","0.5718495321273803","0.5657220616936683","0.5657220616936683","0.5657220616936683","0.4243828609585762","0.4243828609585762","0.4243828609585762","0.4162610900402069","0.4162610900402069","0.4162610900402069"
"14000","0.567782745063305","0.567782745063305","0.567782745063305","0.418377189040184","0.418377189040184","0.418377189040184","0.5667555472254753","0.5667555472254753","0.5667555472254753","0.4209413483738899","0.4209413483738899","0.4209413483738899","0.5586470648646354","0.5586470648646354","0.5586470648646354","0.4215473759174347","0.4215473759174347","0.4215473759174347","0.5650628930330277","0.5650628930330277","0.5650628930330277","0.5572400370240211","0.5572400370240211","0.5572400370240211","0.4244442275166512","0.4244442275166512","0.4244442275166512","0.4185298648476601","0.4185298648476601","0.4185298648476601"
"14100","0.5637177503108979","0.5637177503108979","0.5637177503108979","0.4187119898200035","0.4187119898200035","0.4187119898200035","0.5615853387117385","0.5615853387117385","0.5615853387117385","0.4115298622846603","0.4115298622846603","0.4115298622846603","0.5667255395650863","0.5667255395650863","0.5667255395650863","0.4213526451587677","0.4213526451587677","0.4213526451587677","0.563798861503601","0.563798861503601","0.563798861503601","0.5638435852527618","0.5638435852527618","0.5638435852527618","0.40933613359928134","0.40933613359928134","0.40933613359928134","0.42004321664571764","0.42004321664571764","0.42004321664571764"
"14200","0.5643799695372581","0.5643799695372581","0.5643799695372581","0.4187941321730614","0.4187941321730614","0.4187941321730614","0.5610002419352531","0.5610002419352531","0.5610002419352531","0.4232952120900154","0.4232952120900154","0.4232952120900154","0.5710048246383667","0.5710048246383667","0.5710048246383667","0.4146701613068581","0.4146701613068581","0.4146701613068581","0.5606697189807892","0.5606697189807892","0.5606697189807892","0.5606717985868453","0.5606717985868453","0.5606717985868453","0.4150392857193947","0.4150392857193947","0.4150392857193947","0.41410899251699446","0.41410899251699446","0.41410899251699446"
"14300","0.5672090056538582","0.5672090056538582","0.5672090056538582","0.4235335886478424","0.4235335886478424","0.4235335886478424","0.5640687191486359","0.5640687191486359","0.5640687191486359","0.4149492713809013","0.4149492713809013","0.4149492713809013","0.5599580886960029","0.5599580886960029","0.5599580886960029","0.4194996029138565","0.4194996029138565","0.4194996029138565","0.5648769044876099","0.5648769044876099","0.5648769044876099","0.5634754544496536","0.5634754544496536","0.5634754544496536","0.4143889185786247","0.4143889185786247","0.4143889185786247","0.4081566405296326","0.4081566405296326","0.4081566405296326"
"14400","0.5608157607913017","0.5608157607913017","0.5608157607913017","0.418201602101326","0.418201602101326","0.418201602101326","0.5622407519817352","0.5622407519817352","0.5622407519817352","0.4113855201005936","0.4113855201005936","0.4113855201005936","0.5643270882964134","0.5643270882964134","0.5643270882964134","0.4121599182486534","0.4121599182486534","0.4121599182486534","0.570532563328743","0.570532563328743","0.570532563328743","0.5676426005363464","0.5676426005363464","0.5676426005363464","0.41133246064186096","0.41133246064186096","0.41133246064186096","0.4163592207431793","0.4163592207431793","0.4163592207431793"
"14500","0.5582813423871994","0.5582813423871994","0.5582813423871994","0.41507212340831756","0.41507212340831756","0.41507212340831756","0.5628170114755631","0.5628170114755631","0.5628170114755631","0.4155079111456871","0.4155079111456871","0.4155079111456871","0.5612691968679429","0.5612691968679429","0.5612691968679429","0.41382114052772523","0.41382114052772523","0.41382114052772523","0.5622274944186211","0.5622274944186211","0.5622274944186211","0.5729046541452408","0.5729046541452408","0.5729046541452408","0.4088657659292221","0.4088657659292221","0.4088657659292221","0.4170626604557037","0.4170626604557037","0.4170626604557037"
"14600","0.5597672724723816","0.5597672724723816","0.5597672724723816","0.4165448647737503","0.4165448647737503","0.4165448647737503","0.5583929052948952","0.5583929052948952","0.5583929052948952","0.41235874831676483","0.41235874831676483","0.41235874831676483","0.5627794060111045","0.5627794060111045","0.5627794060111045","0.4211771282553673","0.4211771282553673","0.4211771282553673","0.5587916028499603","0.5587916028499603","0.5587916028499603","0.5663397720456124","0.5663397720456124","0.5663397720456124","0.41141671657562257","0.41141671657562257","0.41141671657562257","0.4148311337828636","0.4148311337828636","0.4148311337828636"
"14700","0.5625570893287659","0.5625570893287659","0.5625570893287659","0.42205436825752257","0.42205436825752257","0.42205436825752257","0.5631614598631859","0.5631614598631859","0.5631614598631859","0.40994563549757","0.40994563549757","0.40994563549757","0.5644143903255463","0.5644143903255463","0.5644143903255463","0.4093336498737335","0.4093336498737335","0.4093336498737335","0.5684534385800362","0.5684534385800362","0.5684534385800362","0.5610394772887229","0.5610394772887229","0.5610394772887229","0.41623483061790467","0.41623483061790467","0.41623483061790467","0.41581720739603045","0.41581720739603045","0.41581720739603045"
"14800","0.5638414227962494","0.5638414227962494","0.5638414227962494","0.41419136971235276","0.41419136971235276","0.41419136971235276","0.5626670476794243","0.5626670476794243","0.5626670476794243","0.41458247661590575","0.41458247661590575","0.41458247661590575","0.5600567916035653","0.5600567916035653","0.5600567916035653","0.4088046571612358","0.4088046571612358","0.4088046571612358","0.5610232394933701","0.5610232394933701","0.5610232394933701","0.5622344052791596","0.5622344052791596","0.5622344052791596","0.41132299959659574","0.41132299959659574","0.41132299959659574","0.41724074095487595","0.41724074095487595","0.41724074095487595"
"14900","0.5620256704092026","0.5620256704092026","0.5620256704092026","0.41052470803260804","0.41052470803260804","0.41052470803260804","0.5663699465990066","0.5663699465990066","0.5663699465990066","0.4184507456421852","0.4184507456421852","0.4184507456421852","0.5548143276572227","0.5548143276572227","0.5548143276572227","0.4103123286366463","0.4103123286366463","0.4103123286366463","0.5644264382123947","0.5644264382123947","0.5644264382123947","0.566044993698597","0.566044993698597","0.566044993698597","0.41724943369627","0.41724943369627","0.41724943369627","0.4116964763402939","0.4116964763402939","0.4116964763402939"
"15000","0.5611846405267715","0.5611846405267715","0.5611846405267715","0.40806411802768705","0.40806411802768705","0.40806411802768705","0.5627173507213592","0.5627173507213592","0.5627173507213592","0.4154370558261871","0.4154370558261871","0.4154370558261871","0.5571898970007897","0.5571898970007897","0.5571898970007897","0.41558869391679765","0.41558869391679765","0.41558869391679765","0.5596537417173386","0.5596537417173386","0.5596537417173386","0.5655754289031029","0.5655754289031029","0.5655754289031029","0.418380583524704","0.418380583524704","0.418380583524704","0.41646962344646454","0.41646962344646454","0.41646962344646454"
"15100","0.5678984779119491","0.5678984779119491","0.5678984779119491","0.415168976187706","0.415168976187706","0.415168976187706","0.5553428062796593","0.5553428062796593","0.5553428062796593","0.4053811749815941","0.4053811749815941","0.4053811749815941","0.5590327060222626","0.5590327060222626","0.5590327060222626","0.41276177644729617","0.41276177644729617","0.41276177644729617","0.5581105715036392","0.5581105715036392","0.5581105715036392","0.5580095568299294","0.5580095568299294","0.5580095568299294","0.4180485796928406","0.4180485796928406","0.4180485796928406","0.4152410089969635","0.4152410089969635","0.4152410089969635"
"15200","0.5603295350074768","0.5603295350074768","0.5603295350074768","0.41216246455907823","0.41216246455907823","0.41216246455907823","0.5588447636365891","0.5588447636365891","0.5588447636365891","0.4131393876671791","0.4131393876671791","0.4131393876671791","0.5563361731171608","0.5563361731171608","0.5563361731171608","0.4145045334100723","0.4145045334100723","0.4145045334100723","0.5648406913876534","0.5648406913876534","0.5648406913876534","0.5625177597999573","0.5625177597999573","0.5625177597999573","0.41027175545692446","0.41027175545692446","0.41027175545692446","0.4141667494177818","0.4141667494177818","0.4141667494177818"
"15300","0.5628318005800247","0.5628318005800247","0.5628318005800247","0.41152928352355955","0.41152928352355955","0.41152928352355955","0.5563127601146698","0.5563127601146698","0.5563127601146698","0.4100129371881485","0.4100129371881485","0.4100129371881485","0.560683191716671","0.560683191716671","0.560683191716671","0.41195217102766035","0.41195217102766035","0.41195217102766035","0.5632958710193634","0.5632958710193634","0.5632958710193634","0.5656189733743667","0.5656189733743667","0.5656189733743667","0.41304153263568877","0.41304153263568877","0.41304153263568877","0.4125641858577728","0.4125641858577728","0.4125641858577728"
"15400","0.5627302670478821","0.5627302670478821","0.5627302670478821","0.41251394391059876","0.41251394391059876","0.41251394391059876","0.5587113973498344","0.5587113973498344","0.5587113973498344","0.41299169093370436","0.41299169093370436","0.41299169093370436","0.5583149254322052","0.5583149254322052","0.5583149254322052","0.4083940961956978","0.4083940961956978","0.4083940961956978","0.558912268280983","0.558912268280983","0.558912268280983","0.5608488842844963","0.5608488842844963","0.5608488842844963","0.4161855560541153","0.4161855560541153","0.4161855560541153","0.41484622985124586","0.41484622985124586","0.41484622985124586"
"15500","0.5592186996340751","0.5592186996340751","0.5592186996340751","0.4119044095277786","0.4119044095277786","0.4119044095277786","0.5620681145787239","0.5620681145787239","0.5620681145787239","0.41029942691326143","0.41029942691326143","0.41029942691326143","0.5583098620176316","0.5583098620176316","0.5583098620176316","0.4098120930790901","0.4098120930790901","0.4098120930790901","0.5581546691060066","0.5581546691060066","0.5581546691060066","0.5613808482885361","0.5613808482885361","0.5613808482885361","0.41182030498981476","0.41182030498981476","0.41182030498981476","0.41840151488780974","0.41840151488780974","0.41840151488780974"
"15600","0.5569511511921883","0.5569511511921883","0.5569511511921883","0.4060296902060509","0.4060296902060509","0.4060296902060509","0.5592183160781861","0.5592183160781861","0.5592183160781861","0.4159050390124321","0.4159050390124321","0.4159050390124321","0.5601648378372193","0.5601648378372193","0.5601648378372193","0.41396573662757874","0.41396573662757874","0.41396573662757874","0.5631944447755813","0.5631944447755813","0.5631944447755813","0.5644821393489837","0.5644821393489837","0.5644821393489837","0.4129632505774498","0.4129632505774498","0.4129632505774498","0.41916008919477465","0.41916008919477465","0.41916008919477465"
"15700","0.557098770737648","0.557098770737648","0.557098770737648","0.4099683418869972","0.4099683418869972","0.4099683418869972","0.5575144073367119","0.5575144073367119","0.5575144073367119","0.3980264103412628","0.3980264103412628","0.3980264103412628","0.5584924572706222","0.5584924572706222","0.5584924572706222","0.4156961810588837","0.4156961810588837","0.4156961810588837","0.5548998388648033","0.5548998388648033","0.5548998388648033","0.5612244161963463","0.5612244161963463","0.5612244161963463","0.4070319166779518","0.4070319166779518","0.4070319166779518","0.4106313568353653","0.4106313568353653","0.4106313568353653"
"15800","0.5588931581377983","0.5588931581377983","0.5588931581377983","0.41180473506450654","0.41180473506450654","0.41180473506450654","0.5559591197967529","0.5559591197967529","0.5559591197967529","0.4098574396967888","0.4098574396967888","0.4098574396967888","0.5572847276926041","0.5572847276926041","0.5572847276926041","0.4117890027165413","0.4117890027165413","0.4117890027165413","0.5636792746186257","0.5636792746186257","0.5636792746186257","0.5573403760790825","0.5573403760790825","0.5573403760790825","0.4184563970565796","0.4184563970565796","0.4184563970565796","0.41265570402145385","0.41265570402145385","0.41265570402145385"
"15900","0.5574930843710899","0.5574930843710899","0.5574930843710899","0.40951778411865236","0.40951778411865236","0.40951778411865236","0.5565283894538879","0.5565283894538879","0.5565283894538879","0.40419903725385664","0.40419903725385664","0.40419903725385664","0.5590073251724244","0.5590073251724244","0.5590073251724244","0.4113727906346321","0.4113727906346321","0.4113727906346321","0.5577690812945366","0.5577690812945366","0.5577690812945366","0.5612157726287842","0.5612157726287842","0.5612157726287842","0.4128111955523491","0.4128111955523491","0.4128111955523491","0.4073869919776916","0.4073869919776916","0.4073869919776916"
"16000","0.5608572441339493","0.5608572441339493","0.5608572441339493","0.4126399144530296","0.4126399144530296","0.4126399144530296","0.5624035885930061","0.5624035885930061","0.5624035885930061","0.41392649739980697","0.41392649739980697","0.41392649739980697","0.5605142903327942","0.5605142903327942","0.5605142903327942","0.41551058888435366","0.41551058888435366","0.41551058888435366","0.5559100753068924","0.5559100753068924","0.5559100753068924","0.5610329848527909","0.5610329848527909","0.5610329848527909","0.4156135669350624","0.4156135669350624","0.4156135669350624","0.410706205368042","0.410706205368042","0.410706205368042"
"16100","0.5641020148992538","0.5641020148992538","0.5641020148992538","0.4156918615102768","0.4156918615102768","0.4156918615102768","0.5579490932822228","0.5579490932822228","0.5579490932822228","0.411847413778305","0.411847413778305","0.411847413778305","0.5547707623243332","0.5547707623243332","0.5547707623243332","0.40211263686418536","0.40211263686418536","0.40211263686418536","0.5604002675414086","0.5604002675414086","0.5604002675414086","0.561377711892128","0.561377711892128","0.561377711892128","0.413302815258503","0.413302815258503","0.413302815258503","0.40849389642477035","0.40849389642477035","0.40849389642477035"
"16200","0.5554336446523667","0.5554336446523667","0.5554336446523667","0.40897190660238264","0.40897190660238264","0.40897190660238264","0.5534613066911698","0.5534613066911698","0.5534613066911698","0.40101185351610186","0.40101185351610186","0.40101185351610186","0.5611183014512062","0.5611183014512062","0.5611183014512062","0.4117776471376419","0.4117776471376419","0.4117776471376419","0.5561386811733245","0.5561386811733245","0.5561386811733245","0.5548150110244751","0.5548150110244751","0.5548150110244751","0.41171803534030915","0.41171803534030915","0.41171803534030915","0.41260620445013046","0.41260620445013046","0.41260620445013046"
"16300","0.5577321955561638","0.5577321955561638","0.5577321955561638","0.41571333944797517","0.41571333944797517","0.41571333944797517","0.5572238579392433","0.5572238579392433","0.5572238579392433","0.4085765367746353","0.4085765367746353","0.4085765367746353","0.5542972731590271","0.5542972731590271","0.5542972731590271","0.409213288128376","0.409213288128376","0.409213288128376","0.5596144938468933","0.5596144938468933","0.5596144938468933","0.5541877117753029","0.5541877117753029","0.5541877117753029","0.4122640058398247","0.4122640058398247","0.4122640058398247","0.4145227897167206","0.4145227897167206","0.4145227897167206"
"16400","0.5610957467555999","0.5610957467555999","0.5610957467555999","0.40919109284877775","0.40919109284877775","0.40919109284877775","0.5626299777626991","0.5626299777626991","0.5626299777626991","0.4131042593717575","0.4131042593717575","0.4131042593717575","0.5545165780186653","0.5545165780186653","0.5545165780186653","0.4063045993447304","0.4063045993447304","0.4063045993447304","0.5556311571598053","0.5556311571598053","0.5556311571598053","0.5569629368185997","0.5569629368185997","0.5569629368185997","0.4034700295329094","0.4034700295329094","0.4034700295329094","0.40747291535139085","0.40747291535139085","0.40747291535139085"
"16500","0.5565530261397362","0.5565530261397362","0.5565530261397362","0.40494385719299314","0.40494385719299314","0.40494385719299314","0.5550918105244637","0.5550918105244637","0.5550918105244637","0.4049918380379677","0.4049918380379677","0.4049918380379677","0.5597855189442634","0.5597855189442634","0.5597855189442634","0.4047464880347252","0.4047464880347252","0.4047464880347252","0.5519952696561813","0.5519952696561813","0.5519952696561813","0.5528115025162696","0.5528115025162696","0.5528115025162696","0.4132573729753494","0.4132573729753494","0.4132573729753494","0.4083583676815033","0.4083583676815033","0.4083583676815033"
"16600","0.5574925127625465","0.5574925127625465","0.5574925127625465","0.4098192992806435","0.4098192992806435","0.4098192992806435","0.5514948832988739","0.5514948832988739","0.5514948832988739","0.4031050580739975","0.4031050580739975","0.4031050580739975","0.557201506793499","0.557201506793499","0.557201506793499","0.40564557403326035","0.40564557403326035","0.40564557403326035","0.5530172580480576","0.5530172580480576","0.5530172580480576","0.5580367574095726","0.5580367574095726","0.5580367574095726","0.41283030539751053","0.41283030539751053","0.41283030539751053","0.41038606345653533","0.41038606345653533","0.41038606345653533"
"16700","0.5548565292358398","0.5548565292358398","0.5548565292358398","0.40362965285778046","0.40362965285778046","0.40362965285778046","0.5577489519119263","0.5577489519119263","0.5577489519119263","0.4084180325269699","0.4084180325269699","0.4084180325269699","0.5562588256597519","0.5562588256597519","0.5562588256597519","0.407737418115139","0.407737418115139","0.407737418115139","0.5574789071083068","0.5574789071083068","0.5574789071083068","0.5539721089601517","0.5539721089601517","0.5539721089601517","0.4055649408698082","0.4055649408698082","0.4055649408698082","0.41416919231414795","0.41416919231414795","0.41416919231414795"
"16800","0.5588209924101829","0.5588209924101829","0.5588209924101829","0.3992626586556435","0.3992626586556435","0.3992626586556435","0.5584151786565781","0.5584151786565781","0.5584151786565781","0.40582118928432465","0.40582118928432465","0.40582118928432465","0.5578858172893524","0.5578858172893524","0.5578858172893524","0.4104542347788811","0.4104542347788811","0.4104542347788811","0.5539961135387421","0.5539961135387421","0.5539961135387421","0.5583860650658607","0.5583860650658607","0.5583860650658607","0.4090862834453583","0.4090862834453583","0.4090862834453583","0.41429737001657485","0.41429737001657485","0.41429737001657485"
"16900","0.5583482664823533","0.5583482664823533","0.5583482664823533","0.4112043812870979","0.4112043812870979","0.4112043812870979","0.5625941222906112","0.5625941222906112","0.5625941222906112","0.40849759250879286","0.40849759250879286","0.40849759250879286","0.5501202994585037","0.5501202994585037","0.5501202994585037","0.4000782349705696","0.4000782349705696","0.4000782349705696","0.5546710154414177","0.5546710154414177","0.5546710154414177","0.5535276991128921","0.5535276991128921","0.5535276991128921","0.409910691678524","0.409910691678524","0.409910691678524","0.41515975564718244","0.41515975564718244","0.41515975564718244"
"17000","0.558970003426075","0.558970003426075","0.558970003426075","0.4043131285905838","0.4043131285905838","0.4043131285905838","0.5552495259046555","0.5552495259046555","0.5552495259046555","0.4072178989648819","0.4072178989648819","0.4072178989648819","0.5571901336312294","0.5571901336312294","0.5571901336312294","0.4050057372450829","0.4050057372450829","0.4050057372450829","0.5575051891803742","0.5575051891803742","0.5575051891803742","0.5635321426391602","0.5635321426391602","0.5635321426391602","0.4059046286344528","0.4059046286344528","0.4059046286344528","0.40685529917478563","0.40685529917478563","0.40685529917478563"
"17100","0.5525173914432525","0.5525173914432525","0.5525173914432525","0.4102353343367577","0.4102353343367577","0.4102353343367577","0.5554180765151977","0.5554180765151977","0.5554180765151977","0.4089380186796188","0.4089380186796188","0.4089380186796188","0.5615627601742744","0.5615627601742744","0.5615627601742744","0.40192021042108533","0.40192021042108533","0.40192021042108533","0.5608057543635369","0.5608057543635369","0.5608057543635369","0.5579862841963767","0.5579862841963767","0.5579862841963767","0.41283674657344815","0.41283674657344815","0.41283674657344815","0.40917921245098116","0.40917921245098116","0.40917921245098116"
"17200","0.5578915470838547","0.5578915470838547","0.5578915470838547","0.4054278066754341","0.4054278066754341","0.4054278066754341","0.5580107787251473","0.5580107787251473","0.5580107787251473","0.40440444350242616","0.40440444350242616","0.40440444350242616","0.5557190987467766","0.5557190987467766","0.5557190987467766","0.406236329972744","0.406236329972744","0.406236329972744","0.5523459589481354","0.5523459589481354","0.5523459589481354","0.5566074737906456","0.5566074737906456","0.5566074737906456","0.4036195012927055","0.4036195012927055","0.4036195012927055","0.41053307682275775","0.41053307682275775","0.41053307682275775"
"17300","0.5559562513232231","0.5559562513232231","0.5559562513232231","0.4027111655473709","0.4027111655473709","0.4027111655473709","0.5543277049064637","0.5543277049064637","0.5543277049064637","0.4090921419858933","0.4090921419858933","0.4090921419858933","0.5519597363471985","0.5519597363471985","0.5519597363471985","0.4070234155654907","0.4070234155654907","0.4070234155654907","0.5512163957953453","0.5512163957953453","0.5512163957953453","0.5582181417942047","0.5582181417942047","0.5582181417942047","0.41299506187438967","0.41299506187438967","0.41299506187438967","0.406303838789463","0.406303838789463","0.406303838789463"
"17400","0.5510347208380699","0.5510347208380699","0.5510347208380699","0.40839965850114823","0.40839965850114823","0.40839965850114823","0.5542437484860421","0.5542437484860421","0.5542437484860421","0.4080899602174759","0.4080899602174759","0.4080899602174759","0.5582198423147201","0.5582198423147201","0.5582198423147201","0.4116936019062996","0.4116936019062996","0.4116936019062996","0.5572944509983063","0.5572944509983063","0.5572944509983063","0.5595645877718926","0.5595645877718926","0.5595645877718926","0.4081899690628052","0.4081899690628052","0.4081899690628052","0.4112243553996086","0.4112243553996086","0.4112243553996086"
"17500","0.5546381026506424","0.5546381026506424","0.5546381026506424","0.40177385181188585","0.40177385181188585","0.40177385181188585","0.5635786870121956","0.5635786870121956","0.5635786870121956","0.40846582263708114","0.40846582263708114","0.40846582263708114","0.5490121528506279","0.5490121528506279","0.5490121528506279","0.403613341152668","0.403613341152668","0.403613341152668","0.5479551494121552","0.5479551494121552","0.5479551494121552","0.5532043445110321","0.5532043445110321","0.5532043445110321","0.4018332850933075","0.4018332850933075","0.4018332850933075","0.40393742263317106","0.40393742263317106","0.40393742263317106"
"17600","0.5554242742061615","0.5554242742061615","0.5554242742061615","0.41087209910154343","0.41087209910154343","0.41087209910154343","0.5620838588476181","0.5620838588476181","0.5620838588476181","0.4078006461262703","0.4078006461262703","0.4078006461262703","0.5534895399212837","0.5534895399212837","0.5534895399212837","0.40726673185825346","0.40726673185825346","0.40726673185825346","0.5530405136942863","0.5530405136942863","0.5530405136942863","0.5573941293358803","0.5573941293358803","0.5573941293358803","0.40350852012634275","0.40350852012634275","0.40350852012634275","0.4021604537963867","0.4021604537963867","0.4021604537963867"
"17700","0.5565170466899871","0.5565170466899871","0.5565170466899871","0.40930391162633895","0.40930391162633895","0.40930391162633895","0.5548891016840934","0.5548891016840934","0.5548891016840934","0.4007063266634941","0.4007063266634941","0.4007063266634941","0.5436318033933639","0.5436318033933639","0.5436318033933639","0.39737278163433076","0.39737278163433076","0.39737278163433076","0.5602192068099976","0.5602192068099976","0.5602192068099976","0.5539963436126709","0.5539963436126709","0.5539963436126709","0.40765493124723434","0.40765493124723434","0.40765493124723434","0.4085984686017036","0.4085984686017036","0.4085984686017036"
"17800","0.5535986295342445","0.5535986295342445","0.5535986295342445","0.3953838449716568","0.3953838449716568","0.3953838449716568","0.5516874450445175","0.5516874450445175","0.5516874450445175","0.3978222632408142","0.3978222632408142","0.3978222632408142","0.5554720637202263","0.5554720637202263","0.5554720637202263","0.4010854509472847","0.4010854509472847","0.4010854509472847","0.5580825197696686","0.5580825197696686","0.5580825197696686","0.554488223195076","0.554488223195076","0.554488223195076","0.4076253432035446","0.4076253432035446","0.4076253432035446","0.4056643670797348","0.4056643670797348","0.4056643670797348"
"17900","0.5524805614352226","0.5524805614352226","0.5524805614352226","0.3975991499423981","0.3975991499423981","0.3975991499423981","0.5547014790773391","0.5547014790773391","0.5547014790773391","0.4037496864795685","0.4037496864795685","0.4037496864795685","0.5574669426679612","0.5574669426679612","0.5574669426679612","0.4029549673199654","0.4029549673199654","0.4029549673199654","0.553130903840065","0.553130903840065","0.553130903840065","0.5549084305763244","0.5549084305763244","0.5549084305763244","0.4055613461136818","0.4055613461136818","0.4055613461136818","0.406262010037899","0.406262010037899","0.406262010037899"
"18000","0.5550959229469299","0.5550959229469299","0.5550959229469299","0.4099092623591423","0.4099092623591423","0.4099092623591423","0.5573295351862907","0.5573295351862907","0.5573295351862907","0.4023226219415665","0.4023226219415665","0.4023226219415665","0.5498580151796341","0.5498580151796341","0.5498580151796341","0.40414988428354265","0.40414988428354265","0.40414988428354265","0.5569862365722656","0.5569862365722656","0.5569862365722656","0.5509615555405617","0.5509615555405617","0.5509615555405617","0.41120711296796797","0.41120711296796797","0.41120711296796797","0.40535671353340147","0.40535671353340147","0.40535671353340147"
"18100","0.5590955516695977","0.5590955516695977","0.5590955516695977","0.4079560407996178","0.4079560407996178","0.4079560407996178","0.5539255499839782","0.5539255499839782","0.5539255499839782","0.39861764580011366","0.39861764580011366","0.39861764580011366","0.5541063019633293","0.5541063019633293","0.5541063019633293","0.4083525764942169","0.4083525764942169","0.4083525764942169","0.5510107088088989","0.5510107088088989","0.5510107088088989","0.5471504670381546","0.5471504670381546","0.5471504670381546","0.4039683538675308","0.4039683538675308","0.4039683538675308","0.40873661160469055","0.40873661160469055","0.40873661160469055"
"18200","0.5454412579536438","0.5454412579536438","0.5454412579536438","0.3967067456245422","0.3967067456245422","0.3967067456245422","0.5493769666552544","0.5493769666552544","0.5493769666552544","0.4067609468102455","0.4067609468102455","0.4067609468102455","0.552307088971138","0.552307088971138","0.552307088971138","0.39956610679626464","0.39956610679626464","0.39956610679626464","0.5514166301488876","0.5514166301488876","0.5514166301488876","0.5536663615703583","0.5536663615703583","0.5536663615703583","0.39965501517057417","0.39965501517057417","0.39965501517057417","0.40695437163114545","0.40695437163114545","0.40695437163114545"
"18300","0.5509468492865562","0.5509468492865562","0.5509468492865562","0.40269565135240554","0.40269565135240554","0.40269565135240554","0.5517860063910485","0.5517860063910485","0.5517860063910485","0.4029382652044296","0.4029382652044296","0.4029382652044296","0.5563481503725052","0.5563481503725052","0.5563481503725052","0.4012589132785797","0.4012589132785797","0.4012589132785797","0.5531255808472634","0.5531255808472634","0.5531255808472634","0.5566037404537201","0.5566037404537201","0.5566037404537201","0.4055812278389931","0.4055812278389931","0.4055812278389931","0.40698362946510314","0.40698362946510314","0.40698362946510314"
"18400","0.5573973131179809","0.5573973131179809","0.5573973131179809","0.40798979341983793","0.40798979341983793","0.40798979341983793","0.5532957416772842","0.5532957416772842","0.5532957416772842","0.40650314062833787","0.40650314062833787","0.40650314062833787","0.553418690264225","0.553418690264225","0.553418690264225","0.40194477200508116","0.40194477200508116","0.40194477200508116","0.5505863201618194","0.5505863201618194","0.5505863201618194","0.5569966202974319","0.5569966202974319","0.5569966202974319","0.4086486202478409","0.4086486202478409","0.4086486202478409","0.39692176192998885","0.39692176192998885","0.39692176192998885"
"18500","0.5485903093218804","0.5485903093218804","0.5485903093218804","0.3991762700676918","0.3991762700676918","0.3991762700676918","0.5485472303628921","0.5485472303628921","0.5485472303628921","0.39969806164503097","0.39969806164503097","0.39969806164503097","0.5587429058551788","0.5587429058551788","0.5587429058551788","0.4034383362531662","0.4034383362531662","0.4034383362531662","0.5546833798289299","0.5546833798289299","0.5546833798289299","0.5586470475792885","0.5586470475792885","0.5586470475792885","0.40215725362300875","0.40215725362300875","0.40215725362300875","0.4021471190452576","0.4021471190452576","0.4021471190452576"
"18600","0.5516453510522843","0.5516453510522843","0.5516453510522843","0.4011504098773003","0.4011504098773003","0.4011504098773003","0.5547919046878814","0.5547919046878814","0.5547919046878814","0.40519681364297866","0.40519681364297866","0.40519681364297866","0.5488486731052399","0.5488486731052399","0.5488486731052399","0.40178620487451555","0.40178620487451555","0.40178620487451555","0.5505675679445267","0.5505675679445267","0.5505675679445267","0.5470795890688896","0.5470795890688896","0.5470795890688896","0.40266680747270583","0.40266680747270583","0.40266680747270583","0.40089001536369323","0.40089001536369323","0.40089001536369323"
"18700","0.5464777746796607","0.5464777746796607","0.5464777746796607","0.3987504929304123","0.3987504929304123","0.3987504929304123","0.5526016944646835","0.5526016944646835","0.5526016944646835","0.3954645699262619","0.3954645699262619","0.3954645699262619","0.5495509895682335","0.5495509895682335","0.5495509895682335","0.39804205417633054","0.39804205417633054","0.39804205417633054","0.550223471224308","0.550223471224308","0.550223471224308","0.5544730585813522","0.5544730585813522","0.5544730585813522","0.402352394759655","0.402352394759655","0.402352394759655","0.40277047127485277","0.40277047127485277","0.40277047127485277"
"18800","0.5511360195279121","0.5511360195279121","0.5511360195279121","0.3973544040322304","0.3973544040322304","0.3973544040322304","0.5508157870173455","0.5508157870173455","0.5508157870173455","0.3982302656769752","0.3982302656769752","0.3982302656769752","0.5513545662164688","0.5513545662164688","0.5513545662164688","0.4049990177154541","0.4049990177154541","0.4049990177154541","0.552365195453167","0.552365195453167","0.552365195453167","0.5512944400310517","0.5512944400310517","0.5512944400310517","0.4032056644558907","0.4032056644558907","0.4032056644558907","0.4077635583281517","0.4077635583281517","0.4077635583281517"
"18900","0.5420444861054421","0.5420444861054421","0.5420444861054421","0.39294747680425646","0.39294747680425646","0.39294747680425646","0.5518354463577271","0.5518354463577271","0.5518354463577271","0.40202930599451064","0.40202930599451064","0.40202930599451064","0.552486951649189","0.552486951649189","0.552486951649189","0.3989202293753624","0.3989202293753624","0.3989202293753624","0.5480797448754311","0.5480797448754311","0.5480797448754311","0.5539087507128716","0.5539087507128716","0.5539087507128716","0.39487183064222336","0.39487183064222336","0.39487183064222336","0.40365167856216433","0.40365167856216433","0.40365167856216433"
"19000","0.5515670844912529","0.5515670844912529","0.5515670844912529","0.4030274125933647","0.4030274125933647","0.4030274125933647","0.5527950397133827","0.5527950397133827","0.5527950397133827","0.4026328384876251","0.4026328384876251","0.4026328384876251","0.5537209749221802","0.5537209749221802","0.5537209749221802","0.3950525537133217","0.3950525537133217","0.3950525537133217","0.5481245258450508","0.5481245258450508","0.5481245258450508","0.5478802892565727","0.5478802892565727","0.5478802892565727","0.39705718189477923","0.39705718189477923","0.39705718189477923","0.4056418088078499","0.4056418088078499","0.4056418088078499"
"19100","0.5428745928406715","0.5428745928406715","0.5428745928406715","0.39535963147878644","0.39535963147878644","0.39535963147878644","0.5462512123584747","0.5462512123584747","0.5462512123584747","0.4023406288027763","0.4023406288027763","0.4023406288027763","0.5526931241154671","0.5526931241154671","0.5526931241154671","0.40152974367141725","0.40152974367141725","0.40152974367141725","0.5524468100070954","0.5524468100070954","0.5524468100070954","0.552964853644371","0.552964853644371","0.552964853644371","0.3999661809206009","0.3999661809206009","0.3999661809206009","0.39888590335845947","0.39888590335845947","0.39888590335845947"
"19200","0.554398358464241","0.554398358464241","0.554398358464241","0.3989547225832939","0.3989547225832939","0.3989547225832939","0.5501117318868637","0.5501117318868637","0.5501117318868637","0.401271693110466","0.401271693110466","0.401271693110466","0.5535060057044029","0.5535060057044029","0.5535060057044029","0.39308277279138565","0.39308277279138565","0.39308277279138565","0.5502808254957199","0.5502808254957199","0.5502808254957199","0.5527403837442398","0.5527403837442398","0.5527403837442398","0.40427273750305176","0.40427273750305176","0.40427273750305176","0.40961843699216843","0.40961843699216843","0.40961843699216843"
"19300","0.5495309224724769","0.5495309224724769","0.5495309224724769","0.4040914523601532","0.4040914523601532","0.4040914523601532","0.5434612509608269","0.5434612509608269","0.5434612509608269","0.398230684697628","0.398230684697628","0.398230684697628","0.5531651312112809","0.5531651312112809","0.5531651312112809","0.3980734917521477","0.3980734917521477","0.3980734917521477","0.5540861293673516","0.5540861293673516","0.5540861293673516","0.548106897175312","0.548106897175312","0.548106897175312","0.4027783879637718","0.4027783879637718","0.4027783879637718","0.39750106155872345","0.39750106155872345","0.39750106155872345"
"19400","0.554736179113388","0.554736179113388","0.554736179113388","0.40048852771520616","0.40048852771520616","0.40048852771520616","0.5470096164941788","0.5470096164941788","0.5470096164941788","0.40584818840026854","0.40584818840026854","0.40584818840026854","0.5517312324047089","0.5517312324047089","0.5517312324047089","0.4024635747075081","0.4024635747075081","0.4024635747075081","0.5524182391166687","0.5524182391166687","0.5524182391166687","0.5544945245981217","0.5544945245981217","0.5544945245981217","0.3930802780389786","0.3930802780389786","0.3930802780389786","0.4014037972688675","0.4014037972688675","0.4014037972688675"
"19500","0.5469370034337043","0.5469370034337043","0.5469370034337043","0.3992640236020088","0.3992640236020088","0.3992640236020088","0.5524382895231247","0.5524382895231247","0.5524382895231247","0.4055836716294289","0.4055836716294289","0.4055836716294289","0.5479729065299034","0.5479729065299034","0.5479729065299034","0.40303011119365695","0.40303011119365695","0.40303011119365695","0.5535196101665497","0.5535196101665497","0.5535196101665497","0.553621746301651","0.553621746301651","0.553621746301651","0.3971847209334374","0.3971847209334374","0.3971847209334374","0.4036549812555313","0.4036549812555313","0.4036549812555313"
"19600","0.5466936975717545","0.5466936975717545","0.5466936975717545","0.3998253375291824","0.3998253375291824","0.3998253375291824","0.553817695081234","0.553817695081234","0.553817695081234","0.40528987377882003","0.40528987377882003","0.40528987377882003","0.5563631448149681","0.5563631448149681","0.5563631448149681","0.4037539193034172","0.4037539193034172","0.4037539193034172","0.5473133623600006","0.5473133623600006","0.5473133623600006","0.5512758064270019","0.5512758064270019","0.5512758064270019","0.3941681802272797","0.3941681802272797","0.3941681802272797","0.3964113000035286","0.3964113000035286","0.3964113000035286"
"19700","0.5468235975503921","0.5468235975503921","0.5468235975503921","0.4042197045683861","0.4042197045683861","0.4042197045683861","0.5433393684029579","0.5433393684029579","0.5433393684029579","0.3975644716620445","0.3975644716620445","0.3975644716620445","0.5477310773730278","0.5477310773730278","0.5477310773730278","0.4011539587378502","0.4011539587378502","0.4011539587378502","0.5543327349424362","0.5543327349424362","0.5543327349424362","0.5547945812344551","0.5547945812344551","0.5547945812344551","0.3949474427103996","0.3949474427103996","0.3949474427103996","0.40435483545064926","0.40435483545064926","0.40435483545064926"
"19800","0.5540111047029496","0.5540111047029496","0.5540111047029496","0.4011573562026024","0.4011573562026024","0.4011573562026024","0.5474841910600662","0.5474841910600662","0.5474841910600662","0.3966029649972916","0.3966029649972916","0.3966029649972916","0.5450492691993714","0.5450492691993714","0.5450492691993714","0.4011080464720726","0.4011080464720726","0.4011080464720726","0.5493577376008034","0.5493577376008034","0.5493577376008034","0.553177788555622","0.553177788555622","0.553177788555622","0.3990373751521111","0.3990373751521111","0.3990373751521111","0.3994944444298744","0.3994944444298744","0.3994944444298744"
"19900","0.5460786706209183","0.5460786706209183","0.5460786706209183","0.403538998067379","0.403538998067379","0.403538998067379","0.5430457431077957","0.5430457431077957","0.5430457431077957","0.38515575498342514","0.38515575498342514","0.38515575498342514","0.5494666510820388","0.5494666510820388","0.5494666510820388","0.3929758700728416","0.3929758700728416","0.3929758700728416","0.5423104763031006","0.5423104763031006","0.5423104763031006","0.5506198251247406","0.5506198251247406","0.5506198251247406","0.3947423586249352","0.3947423586249352","0.3947423586249352","0.3991470369696617","0.3991470369696617","0.3991470369696617"
"20000","0.551116763651371","0.551116763651371","0.551116763651371","0.4016539940237999","0.4016539940237999","0.4016539940237999","0.5467909172177314","0.5467909172177314","0.5467909172177314","0.39759078741073606","0.39759078741073606","0.39759078741073606","0.5491429126262665","0.5491429126262665","0.5491429126262665","0.40237886101007464","0.40237886101007464","0.40237886101007464","0.5475022858381271","0.5475022858381271","0.5475022858381271","0.5512571987509728","0.5512571987509728","0.5512571987509728","0.3894841539859772","0.3894841539859772","0.3894841539859772","0.4017628088593483","0.4017628088593483","0.4017628088593483"
"20100","0.5519273594021797","0.5519273594021797","0.5519273594021797","0.3989016705751419","0.3989016705751419","0.3989016705751419","0.546855608522892","0.546855608522892","0.546855608522892","0.3970980158448219","0.3970980158448219","0.3970980158448219","0.5508864167332649","0.5508864167332649","0.5508864167332649","0.3920898741483688","0.3920898741483688","0.3920898741483688","0.5483723512291908","0.5483723512291908","0.5483723512291908","0.5461352238059044","0.5461352238059044","0.5461352238059044","0.4048459082841873","0.4048459082841873","0.4048459082841873","0.40750580936670305","0.40750580936670305","0.40750580936670305"
"20200","0.5499271106719971","0.5499271106719971","0.5499271106719971","0.39744102865457537","0.39744102865457537","0.39744102865457537","0.5472178894281388","0.5472178894281388","0.5472178894281388","0.3972063785791397","0.3972063785791397","0.3972063785791397","0.5502776166796685","0.5502776166796685","0.5502776166796685","0.40062275230884553","0.40062275230884553","0.40062275230884553","0.5414513805508614","0.5414513805508614","0.5414513805508614","0.5479402521252632","0.5479402521252632","0.5479402521252632","0.39475595742464065","0.39475595742464065","0.39475595742464065","0.40069668740034103","0.40069668740034103","0.40069668740034103"
"20300","0.5546379363536835","0.5546379363536835","0.5546379363536835","0.40222154051065445","0.40222154051065445","0.40222154051065445","0.544790948331356","0.544790948331356","0.544790948331356","0.39570420265197753","0.39570420265197753","0.39570420265197753","0.5455456858873368","0.5455456858873368","0.5455456858873368","0.39625651597976685","0.39625651597976685","0.39625651597976685","0.5514720967411995","0.5514720967411995","0.5514720967411995","0.5474522706866264","0.5474522706866264","0.5474522706866264","0.3954640644788742","0.3954640644788742","0.3954640644788742","0.3985092380642891","0.3985092380642891","0.3985092380642891"
"20400","0.5506459298729897","0.5506459298729897","0.5506459298729897","0.4053614380955696","0.4053614380955696","0.4053614380955696","0.5541252410411834","0.5541252410411834","0.5541252410411834","0.40390299648046496","0.40390299648046496","0.40390299648046496","0.5508093643188476","0.5508093643188476","0.5508093643188476","0.39856636226177217","0.39856636226177217","0.39856636226177217","0.5467951238155365","0.5467951238155365","0.5467951238155365","0.5484884148836136","0.5484884148836136","0.5484884148836136","0.40371649980545044","0.40371649980545044","0.40371649980545044","0.40441844999790194","0.40441844999790194","0.40441844999790194"
"20500","0.555403182208538","0.555403182208538","0.555403182208538","0.393118292093277","0.393118292093277","0.393118292093277","0.547531720995903","0.547531720995903","0.547531720995903","0.3988246339559555","0.3988246339559555","0.3988246339559555","0.5528691297769547","0.5528691297769547","0.5528691297769547","0.40300573766231534","0.40300573766231534","0.40300573766231534","0.5531233376264573","0.5531233376264573","0.5531233376264573","0.5452737888693809","0.5452737888693809","0.5452737888693809","0.4027424755692482","0.4027424755692482","0.4027424755692482","0.39967871487140655","0.39967871487140655","0.39967871487140655"
"20600","0.5436090984940529","0.5436090984940529","0.5436090984940529","0.3942308694124222","0.3942308694124222","0.3942308694124222","0.5453893914818764","0.5453893914818764","0.5453893914818764","0.39173908352851866","0.39173908352851866","0.39173908352851866","0.5531848213076591","0.5531848213076591","0.5531848213076591","0.3973941284418106","0.3973941284418106","0.3973941284418106","0.5446422371268272","0.5446422371268272","0.5446422371268272","0.5506982201337814","0.5506982201337814","0.5506982201337814","0.39396676421165466","0.39396676421165466","0.39396676421165466","0.3999064365029335","0.3999064365029335","0.3999064365029335"
"20700","0.546386431157589","0.546386431157589","0.546386431157589","0.39797887921333314","0.39797887921333314","0.39797887921333314","0.5420680463314056","0.5420680463314056","0.5420680463314056","0.40111817806959155","0.40111817806959155","0.40111817806959155","0.5427064970135689","0.5427064970135689","0.5427064970135689","0.39986393123865127","0.39986393123865127","0.39986393123865127","0.54591517329216","0.54591517329216","0.54591517329216","0.5521035829186439","0.5521035829186439","0.5521035829186439","0.396342750787735","0.396342750787735","0.396342750787735","0.3995757111907005","0.3995757111907005","0.3995757111907005"
"20800","0.5500503578782081","0.5500503578782081","0.5500503578782081","0.40410923331975934","0.40410923331975934","0.40410923331975934","0.5494115328788758","0.5494115328788758","0.5494115328788758","0.4023709186911583","0.4023709186911583","0.4023709186911583","0.5510852771997452","0.5510852771997452","0.5510852771997452","0.39456845819950104","0.39456845819950104","0.39456845819950104","0.5483482745289803","0.5483482745289803","0.5483482745289803","0.5476009830832481","0.5476009830832481","0.5476009830832481","0.4025020313262939","0.4025020313262939","0.4025020313262939","0.3994875231385231","0.3994875231385231","0.3994875231385231"
"20900","0.5486960574984551","0.5486960574984551","0.5486960574984551","0.3962140879034996","0.3962140879034996","0.3962140879034996","0.5497359541058541","0.5497359541058541","0.5497359541058541","0.3950927990674973","0.3950927990674973","0.3950927990674973","0.5466521337628365","0.5466521337628365","0.5466521337628365","0.3952982020378113","0.3952982020378113","0.3952982020378113","0.5510761699080468","0.5510761699080468","0.5510761699080468","0.5450342705845833","0.5450342705845833","0.5450342705845833","0.39078126043081285","0.39078126043081285","0.39078126043081285","0.39084416270256045","0.39084416270256045","0.39084416270256045"
"21000","0.5408403578400612","0.5408403578400612","0.5408403578400612","0.39279503881931305","0.39279503881931305","0.39279503881931305","0.5486157777905464","0.5486157777905464","0.5486157777905464","0.3985228627920151","0.3985228627920151","0.3985228627920151","0.5462199339270591","0.5462199339270591","0.5462199339270591","0.39483883619308474","0.39483883619308474","0.39483883619308474","0.5457192313671112","0.5457192313671112","0.5457192313671112","0.5442950099706649","0.5442950099706649","0.5442950099706649","0.39624069809913637","0.39624069809913637","0.39624069809913637","0.3922094774246216","0.3922094774246216","0.3922094774246216"
"21100","0.5504765313863754","0.5504765313863754","0.5504765313863754","0.3968844455480576","0.3968844455480576","0.3968844455480576","0.5405904597043991","0.5405904597043991","0.5405904597043991","0.3964922648668289","0.3964922648668289","0.3964922648668289","0.5394148623943329","0.5394148623943329","0.5394148623943329","0.3897266489267349","0.3897266489267349","0.3897266489267349","0.5457541021704674","0.5457541021704674","0.5457541021704674","0.5494834992289543","0.5494834992289543","0.5494834992289543","0.3930838707089424","0.3930838707089424","0.3930838707089424","0.39684135288000105","0.39684135288000105","0.39684135288000105"
"21200","0.5490906074643135","0.5490906074643135","0.5490906074643135","0.4012755787372589","0.4012755787372589","0.4012755787372589","0.5456397324800492","0.5456397324800492","0.5456397324800492","0.3963299757242203","0.3963299757242203","0.3963299757242203","0.5459286913275718","0.5459286913275718","0.5459286913275718","0.3882458961009979","0.3882458961009979","0.3882458961009979","0.549372923374176","0.549372923374176","0.549372923374176","0.5461320072412491","0.5461320072412491","0.5461320072412491","0.3903367564082146","0.3903367564082146","0.3903367564082146","0.3969516131281853","0.3969516131281853","0.3969516131281853"
"21300","0.5503525838255883","0.5503525838255883","0.5503525838255883","0.4072615343332291","0.4072615343332291","0.4072615343332291","0.5420202201604843","0.5420202201604843","0.5420202201604843","0.39222468465566634","0.39222468465566634","0.39222468465566634","0.5477439048886299","0.5477439048886299","0.5477439048886299","0.3996561688184738","0.3996561688184738","0.3996561688184738","0.5485805913805961","0.5485805913805961","0.5485805913805961","0.5596174111962319","0.5596174111962319","0.5596174111962319","0.39967644572257993","0.39967644572257993","0.39967644572257993","0.39687441259622575","0.39687441259622575","0.39687441259622575"
"21400","0.5492809689044953","0.5492809689044953","0.5492809689044953","0.4014995726943016","0.4014995726943016","0.4014995726943016","0.5442279750108718","0.5442279750108718","0.5442279750108718","0.3929164204001427","0.3929164204001427","0.3929164204001427","0.5509185194969177","0.5509185194969177","0.5509185194969177","0.3943644517660141","0.3943644517660141","0.3943644517660141","0.549333433508873","0.549333433508873","0.549333433508873","0.539790980219841","0.539790980219841","0.539790980219841","0.3985828962922096","0.3985828962922096","0.3985828962922096","0.39002836525440215","0.39002836525440215","0.39002836525440215"
"21500","0.5534766745567322","0.5534766745567322","0.5534766745567322","0.39835739850997925","0.39835739850997925","0.39835739850997925","0.551720270216465","0.551720270216465","0.551720270216465","0.3947563824057579","0.3947563824057579","0.3947563824057579","0.5429626938700676","0.5429626938700676","0.5429626938700676","0.3944529488682747","0.3944529488682747","0.3944529488682747","0.5458817678689957","0.5458817678689957","0.5458817678689957","0.5501193860173226","0.5501193860173226","0.5501193860173226","0.4030909615755081","0.4030909615755081","0.4030909615755081","0.39728607684373857","0.39728607684373857","0.39728607684373857"
"21600","0.5418803715705871","0.5418803715705871","0.5418803715705871","0.3954715621471405","0.3954715621471405","0.3954715621471405","0.55024349629879","0.55024349629879","0.55024349629879","0.3943360620737076","0.3943360620737076","0.3943360620737076","0.5517777070403099","0.5517777070403099","0.5517777070403099","0.3975028517842293","0.3975028517842293","0.3975028517842293","0.5435154867172242","0.5435154867172242","0.5435154867172242","0.5490086820721626","0.5490086820721626","0.5490086820721626","0.39949788331985475","0.39949788331985475","0.39949788331985475","0.3873849201202393","0.3873849201202393","0.3873849201202393"
"21700","0.5464651229977607","0.5464651229977607","0.5464651229977607","0.3972625559568405","0.3972625559568405","0.3972625559568405","0.5436823442578316","0.5436823442578316","0.5436823442578316","0.3998648929595947","0.3998648929595947","0.3998648929595947","0.5458761793375015","0.5458761793375015","0.5458761793375015","0.4042237803339958","0.4042237803339958","0.4042237803339958","0.5431236773729324","0.5431236773729324","0.5431236773729324","0.5452506735920906","0.5452506735920906","0.5452506735920906","0.3958162119984627","0.3958162119984627","0.3958162119984627","0.39829415559768677","0.39829415559768677","0.39829415559768677"
"21800","0.5534055188298226","0.5534055188298226","0.5534055188298226","0.3968489584326744","0.3968489584326744","0.3968489584326744","0.5448814943432808","0.5448814943432808","0.5448814943432808","0.38780414313077927","0.38780414313077927","0.38780414313077927","0.5462154585123062","0.5462154585123062","0.5462154585123062","0.3951713815331459","0.3951713815331459","0.3951713815331459","0.5505019405484199","0.5505019405484199","0.5505019405484199","0.5452604714035988","0.5452604714035988","0.5452604714035988","0.39319084376096725","0.39319084376096725","0.39319084376096725","0.3956009408831596","0.3956009408831596","0.3956009408831596"
"21900","0.5466313555836677","0.5466313555836677","0.5466313555836677","0.3900299847126007","0.3900299847126007","0.3900299847126007","0.5500557765364646","0.5500557765364646","0.5500557765364646","0.40346526861190796","0.40346526861190796","0.40346526861190796","0.5473671814799309","0.5473671814799309","0.5473671814799309","0.390152350962162","0.390152350962162","0.390152350962162","0.5480809143185615","0.5480809143185615","0.5480809143185615","0.5432454365491867","0.5432454365491867","0.5432454365491867","0.388051233291626","0.388051233291626","0.388051233291626","0.38688234746456146","0.38688234746456146","0.38688234746456146"
"22000","0.5409318485856056","0.5409318485856056","0.5409318485856056","0.3982908597588539","0.3982908597588539","0.3982908597588539","0.5461504653096199","0.5461504653096199","0.5461504653096199","0.40374952405691145","0.40374952405691145","0.40374952405691145","0.5491395556926727","0.5491395556926727","0.5491395556926727","0.392844911813736","0.392844911813736","0.392844911813736","0.5449217128753662","0.5449217128753662","0.5449217128753662","0.5518840232491493","0.5518840232491493","0.5518840232491493","0.391093764603138","0.391093764603138","0.391093764603138","0.40394486755132675","0.40394486755132675","0.40394486755132675"
"22100","0.5469370833039284","0.5469370833039284","0.5469370833039284","0.3951656824350357","0.3951656824350357","0.3951656824350357","0.5513402891159057","0.5513402891159057","0.5513402891159057","0.4008468475937843","0.4008468475937843","0.4008468475937843","0.5378122156858445","0.5378122156858445","0.5378122156858445","0.38389203041791914","0.38389203041791914","0.38389203041791914","0.5494346529245376","0.5494346529245376","0.5494346529245376","0.5455291524529458","0.5455291524529458","0.5455291524529458","0.39720931798219683","0.39720931798219683","0.39720931798219683","0.3980908253788948","0.3980908253788948","0.3980908253788948"
"22200","0.5481817072629929","0.5481817072629929","0.5481817072629929","0.39840358614921567","0.39840358614921567","0.39840358614921567","0.542984277009964","0.542984277009964","0.542984277009964","0.39238362818956374","0.39238362818956374","0.39238362818956374","0.5465027439594269","0.5465027439594269","0.5465027439594269","0.39612617939710615","0.39612617939710615","0.39612617939710615","0.5515770706534385","0.5515770706534385","0.5515770706534385","0.539747556746006","0.539747556746006","0.539747556746006","0.40246150851249696","0.40246150851249696","0.40246150851249696","0.3925014898180962","0.3925014898180962","0.3925014898180962"
"22300","0.5437102696299553","0.5437102696299553","0.5437102696299553","0.3958421206474304","0.3958421206474304","0.3958421206474304","0.5442795640230179","0.5442795640230179","0.5442795640230179","0.3987937790155411","0.3987937790155411","0.3987937790155411","0.542406458556652","0.542406458556652","0.542406458556652","0.39071368545293805","0.39071368545293805","0.39071368545293805","0.544236655831337","0.544236655831337","0.544236655831337","0.5441451331973076","0.5441451331973076","0.5441451331973076","0.39161995679140094","0.39161995679140094","0.39161995679140094","0.39710023641586306","0.39710023641586306","0.39710023641586306"
"22400","0.5464699012041092","0.5464699012041092","0.5464699012041092","0.399322369992733","0.399322369992733","0.399322369992733","0.5426519450545311","0.5426519450545311","0.5426519450545311","0.3853324368596077","0.3853324368596077","0.3853324368596077","0.5424638673663139","0.5424638673663139","0.5424638673663139","0.38927417516708374","0.38927417516708374","0.38927417516708374","0.5470318987965583","0.5470318987965583","0.5470318987965583","0.5410225528478623","0.5410225528478623","0.5410225528478623","0.40587650060653685","0.40587650060653685","0.40587650060653685","0.39727066665887834","0.39727066665887834","0.39727066665887834"
"22500","0.5388317033648491","0.5388317033648491","0.5388317033648491","0.39175514727830885","0.39175514727830885","0.39175514727830885","0.547057109773159","0.547057109773159","0.547057109773159","0.39691072314977643","0.39691072314977643","0.39691072314977643","0.5438483628630638","0.5438483628630638","0.5438483628630638","0.38815315306186676","0.38815315306186676","0.38815315306186676","0.538990338742733","0.538990338742733","0.538990338742733","0.546424866616726","0.546424866616726","0.546424866616726","0.389157187640667","0.389157187640667","0.389157187640667","0.3939959502220154","0.3939959502220154","0.3939959502220154"
"22600","0.5459984344244003","0.5459984344244003","0.5459984344244003","0.39706526666879655","0.39706526666879655","0.39706526666879655","0.5472408455610275","0.5472408455610275","0.5472408455610275","0.3931883230805397","0.3931883230805397","0.3931883230805397","0.5452179273962975","0.5452179273962975","0.5452179273962975","0.39511680096387863","0.39511680096387863","0.39511680096387863","0.5415186157822609","0.5415186157822609","0.5415186157822609","0.5493688294291497","0.5493688294291497","0.5493688294291497","0.38715871959924697","0.38715871959924697","0.38715871959924697","0.3985870292782783","0.3985870292782783","0.3985870292782783"
"22700","0.5465312060713768","0.5465312060713768","0.5465312060713768","0.3936375585198402","0.3936375585198402","0.3936375585198402","0.5486862435936928","0.5486862435936928","0.5486862435936928","0.39469601899385454","0.39469601899385454","0.39469601899385454","0.5459731793403626","0.5459731793403626","0.5459731793403626","0.3966524052619934","0.3966524052619934","0.3966524052619934","0.5440091732144355","0.5440091732144355","0.5440091732144355","0.5405704531073571","0.5405704531073571","0.5405704531073571","0.38690964728593824","0.38690964728593824","0.38690964728593824","0.3928755018115044","0.3928755018115044","0.3928755018115044"
"22800","0.5491048815846443","0.5491048815846443","0.5491048815846443","0.3939196586608887","0.3939196586608887","0.3939196586608887","0.5448200213909149","0.5448200213909149","0.5448200213909149","0.3973323330283165","0.3973323330283165","0.3973323330283165","0.5384221506118775","0.5384221506118775","0.5384221506118775","0.38789892226457595","0.38789892226457595","0.38789892226457595","0.5438536149263382","0.5438536149263382","0.5438536149263382","0.5499918740987778","0.5499918740987778","0.5499918740987778","0.3958046302199364","0.3958046302199364","0.3958046302199364","0.39695276170969007","0.39695276170969007","0.39695276170969007"
"22900","0.5462154871225358","0.5462154871225358","0.5462154871225358","0.39205298453569415","0.39205298453569415","0.39205298453569415","0.5388910156488419","0.5388910156488419","0.5388910156488419","0.3890592589974403","0.3890592589974403","0.3890592589974403","0.5407366517186165","0.5407366517186165","0.5407366517186165","0.39111741244792936","0.39111741244792936","0.39111741244792936","0.5465402612090111","0.5465402612090111","0.5465402612090111","0.5553199931979179","0.5553199931979179","0.5553199931979179","0.3971996709704399","0.3971996709704399","0.3971996709704399","0.38895936876535414","0.38895936876535414","0.38895936876535414"
"23000","0.5422395318746567","0.5422395318746567","0.5422395318746567","0.39283701181411745","0.39283701181411745","0.39283701181411745","0.5465358489751816","0.5465358489751816","0.5465358489751816","0.3907205799221993","0.3907205799221993","0.3907205799221993","0.5454820302128792","0.5454820302128792","0.5454820302128792","0.3902841466665268","0.3902841466665268","0.3902841466665268","0.5453611606359482","0.5453611606359482","0.5453611606359482","0.5443994927406312","0.5443994927406312","0.5443994927406312","0.3972772100567818","0.3972772100567818","0.3972772100567818","0.3912262558937073","0.3912262558937073","0.3912262558937073"
"23100","0.5408273833990097","0.5408273833990097","0.5408273833990097","0.3961186918616295","0.3961186918616295","0.3961186918616295","0.539437303841114","0.539437303841114","0.539437303841114","0.3845406499505043","0.3845406499505043","0.3845406499505043","0.5415244889259339","0.5415244889259339","0.5415244889259339","0.38512890607118605","0.38512890607118605","0.38512890607118605","0.5452243641018868","0.5452243641018868","0.5452243641018868","0.5471649298071861","0.5471649298071861","0.5471649298071861","0.3892109951376915","0.3892109951376915","0.3892109951376915","0.3893889909982681","0.3893889909982681","0.3893889909982681"
"23200","0.5381563639640808","0.5381563639640808","0.5381563639640808","0.400888974070549","0.400888974070549","0.400888974070549","0.5378176891803741","0.5378176891803741","0.5378176891803741","0.3908850413560867","0.3908850413560867","0.3908850413560867","0.5460010406374931","0.5460010406374931","0.5460010406374931","0.39193315476179125","0.39193315476179125","0.39193315476179125","0.5432809075713158","0.5432809075713158","0.5432809075713158","0.5444927749037742","0.5444927749037742","0.5444927749037742","0.3905181235074997","0.3905181235074997","0.3905181235074997","0.39698060631752013","0.39698060631752013","0.39698060631752013"
"23300","0.5405958393216133","0.5405958393216133","0.5405958393216133","0.3963816583156586","0.3963816583156586","0.3963816583156586","0.5465551993250847","0.5465551993250847","0.5465551993250847","0.3913248592615128","0.3913248592615128","0.3913248592615128","0.5462349480390549","0.5462349480390549","0.5462349480390549","0.39508376479148866","0.39508376479148866","0.39508376479148866","0.5447877985239029","0.5447877985239029","0.5447877985239029","0.5462314102053643","0.5462314102053643","0.5462314102053643","0.3919650459289551","0.3919650459289551","0.3919650459289551","0.39704587429761884","0.39704587429761884","0.39704587429761884"
"23400","0.5424353015422821","0.5424353015422821","0.5424353015422821","0.40102298140525816","0.40102298140525816","0.40102298140525816","0.540977512896061","0.540977512896061","0.540977512896061","0.39296717435121536","0.39296717435121536","0.39296717435121536","0.5395882269740104","0.5395882269740104","0.5395882269740104","0.3868035864830017","0.3868035864830017","0.3868035864830017","0.5453222346305847","0.5453222346305847","0.5453222346305847","0.5401533728837967","0.5401533728837967","0.5401533728837967","0.3868540194630623","0.3868540194630623","0.3868540194630623","0.3936438208818436","0.3936438208818436","0.3936438208818436"
"23500","0.5401114702224732","0.5401114702224732","0.5401114702224732","0.39225238740444185","0.39225238740444185","0.39225238740444185","0.5385985732078552","0.5385985732078552","0.5385985732078552","0.3857789298892021","0.3857789298892021","0.3857789298892021","0.5479386264085769","0.5479386264085769","0.5479386264085769","0.3885355114936829","0.3885355114936829","0.3885355114936829","0.5406881111860276","0.5406881111860276","0.5406881111860276","0.5403548580408096","0.5403548580408096","0.5403548580408096","0.3930689629912376","0.3930689629912376","0.3930689629912376","0.3907223039865494","0.3907223039865494","0.3907223039865494"
"23600","0.5437450861930847","0.5437450861930847","0.5437450861930847","0.3862613871693611","0.3862613871693611","0.3862613871693611","0.5407369595766067","0.5407369595766067","0.5407369595766067","0.39526524394750595","0.39526524394750595","0.39526524394750595","0.542963378727436","0.542963378727436","0.542963378727436","0.39455257177352904","0.39455257177352904","0.39455257177352904","0.5475940355658531","0.5475940355658531","0.5475940355658531","0.5385522079467774","0.5385522079467774","0.5385522079467774","0.39472873508930206","0.39472873508930206","0.39472873508930206","0.38659027487039566","0.38659027487039566","0.38659027487039566"
"23700","0.5388079866766929","0.5388079866766929","0.5388079866766929","0.39173679798841476","0.39173679798841476","0.39173679798841476","0.5420207282900811","0.5420207282900811","0.5420207282900811","0.3921058398485184","0.3921058398485184","0.3921058398485184","0.5403930827975273","0.5403930827975273","0.5403930827975273","0.3887033250927925","0.3887033250927925","0.3887033250927925","0.5417406266927719","0.5417406266927719","0.5417406266927719","0.5470781260728836","0.5470781260728836","0.5470781260728836","0.3887057703733444","0.3887057703733444","0.3887057703733444","0.3921849197149277","0.3921849197149277","0.3921849197149277"
"23800","0.5405279314517974","0.5405279314517974","0.5405279314517974","0.3905541437864304","0.3905541437864304","0.3905541437864304","0.5445860409736634","0.5445860409736634","0.5445860409736634","0.3975050202012062","0.3975050202012062","0.3975050202012062","0.5385113620758056","0.5385113620758056","0.5385113620758056","0.3824404141306877","0.3824404141306877","0.3824404141306877","0.5371259367465973","0.5371259367465973","0.5371259367465973","0.550060271024704","0.550060271024704","0.550060271024704","0.38898036181926726","0.38898036181926726","0.38898036181926726","0.3945133092999458","0.3945133092999458","0.3945133092999458"
"23900","0.540114956498146","0.540114956498146","0.540114956498146","0.3866241002082825","0.3866241002082825","0.3866241002082825","0.538127489387989","0.538127489387989","0.538127489387989","0.39137151181697843","0.39137151181697843","0.39137151181697843","0.5413285583257675","0.5413285583257675","0.5413285583257675","0.3936126035451889","0.3936126035451889","0.3936126035451889","0.5459808519482613","0.5459808519482613","0.5459808519482613","0.5455977892875672","0.5455977892875672","0.5455977892875672","0.39356547623872756","0.39356547623872756","0.39356547623872756","0.38689255505800246","0.38689255505800246","0.38689255505800246"
"24000","0.5406291875243187","0.5406291875243187","0.5406291875243187","0.3912609255313873","0.3912609255313873","0.3912609255313873","0.5426817306876183","0.5426817306876183","0.5426817306876183","0.390972755253315","0.390972755253315","0.390972755253315","0.5470642873644829","0.5470642873644829","0.5470642873644829","0.39686823487281797","0.39686823487281797","0.39686823487281797","0.5458473628759384","0.5458473628759384","0.5458473628759384","0.5462236672639846","0.5462236672639846","0.5462236672639846","0.39281008034944537","0.39281008034944537","0.39281008034944537","0.39574222147464755","0.39574222147464755","0.39574222147464755"
"24100","0.5420437836647034","0.5420437836647034","0.5420437836647034","0.395775103867054","0.395775103867054","0.395775103867054","0.5414641517400741","0.5414641517400741","0.5414641517400741","0.38688674360513686","0.38688674360513686","0.38688674360513686","0.5388769951462745","0.5388769951462745","0.5388769951462745","0.3898586702346802","0.3898586702346802","0.3898586702346802","0.5454752665758132","0.5454752665758132","0.5454752665758132","0.5457262328267097","0.5457262328267097","0.5457262328267097","0.3901386198401451","0.3901386198401451","0.3901386198401451","0.3873265624046326","0.3873265624046326","0.3873265624046326"
"24200","0.5431071904301643","0.5431071904301643","0.5431071904301643","0.39156480073928834","0.39156480073928834","0.39156480073928834","0.5447477129101753","0.5447477129101753","0.5447477129101753","0.39143105268478395","0.39143105268478395","0.39143105268478395","0.5398960930109024","0.5398960930109024","0.5398960930109024","0.39722212433815","0.39722212433815","0.39722212433815","0.5403297361731529","0.5403297361731529","0.5403297361731529","0.5389268571138381","0.5389268571138381","0.5389268571138381","0.3931457966566086","0.3931457966566086","0.3931457966566086","0.3930158397555351","0.3930158397555351","0.3930158397555351"
"24300","0.5368714094161987","0.5368714094161987","0.5368714094161987","0.3906227520108223","0.3906227520108223","0.3906227520108223","0.5351501402258872","0.5351501402258872","0.5351501402258872","0.38755136728286743","0.38755136728286743","0.38755136728286743","0.5398206204175949","0.5398206204175949","0.5398206204175949","0.3862975108623505","0.3862975108623505","0.3862975108623505","0.5424789768457413","0.5424789768457413","0.5424789768457413","0.54616350710392","0.54616350710392","0.54616350710392","0.3931383043527603","0.3931383043527603","0.3931383043527603","0.3906753858923912","0.3906753858923912","0.3906753858923912"
"24400","0.5442713063955307","0.5442713063955307","0.5442713063955307","0.3881187495589256","0.3881187495589256","0.3881187495589256","0.5447718471288681","0.5447718471288681","0.5447718471288681","0.3901001062989235","0.3901001062989235","0.3901001062989235","0.5306573152542114","0.5306573152542114","0.5306573152542114","0.3878538450598717","0.3878538450598717","0.3878538450598717","0.5401217943429947","0.5401217943429947","0.5401217943429947","0.5443248572945595","0.5443248572945595","0.5443248572945595","0.39087730467319487","0.39087730467319487","0.39087730467319487","0.3945929932594299","0.3945929932594299","0.3945929932594299"
"24500","0.5438111579418182","0.5438111579418182","0.5438111579418182","0.3941089570522308","0.3941089570522308","0.3941089570522308","0.541552739739418","0.541552739739418","0.541552739739418","0.3885551446676254","0.3885551446676254","0.3885551446676254","0.5401532784104347","0.5401532784104347","0.5401532784104347","0.38933575540781024","0.38933575540781024","0.38933575540781024","0.5465291866660118","0.5465291866660118","0.5465291866660118","0.5470735102891922","0.5470735102891922","0.5470735102891922","0.3913900572061539","0.3913900572061539","0.3913900572061539","0.3951567077636719","0.3951567077636719","0.3951567077636719"
"24600","0.5393040093779564","0.5393040093779564","0.5393040093779564","0.3926226034760475","0.3926226034760475","0.3926226034760475","0.5426153802871704","0.5426153802871704","0.5426153802871704","0.38993351608514787","0.38993351608514787","0.38993351608514787","0.5432268434762955","0.5432268434762955","0.5432268434762955","0.39262694627046585","0.39262694627046585","0.39262694627046585","0.5387539514899253","0.5387539514899253","0.5387539514899253","0.5384173184633255","0.5384173184633255","0.5384173184633255","0.3872929272055626","0.3872929272055626","0.3872929272055626","0.3892124995589256","0.3892124995589256","0.3892124995589256"
"24700","0.5397219109535217","0.5397219109535217","0.5397219109535217","0.3829509252309799","0.3829509252309799","0.3829509252309799","0.5398743569850921","0.5398743569850921","0.5398743569850921","0.3826582112908363","0.3826582112908363","0.3826582112908363","0.5450051793456078","0.5450051793456078","0.5450051793456078","0.3911034274101257","0.3911034274101257","0.3911034274101257","0.5414547747373581","0.5414547747373581","0.5414547747373581","0.5458482208848","0.5458482208848","0.5458482208848","0.3949563333392143","0.3949563333392143","0.3949563333392143","0.3963680613040924","0.3963680613040924","0.3963680613040924"
"24800","0.5437613722681999","0.5437613722681999","0.5437613722681999","0.39335676670074465","0.39335676670074465","0.39335676670074465","0.5412714818120002","0.5412714818120002","0.5412714818120002","0.38827060014009473","0.38827060014009473","0.38827060014009473","0.5448649874329567","0.5448649874329567","0.5448649874329567","0.38973219722509383","0.38973219722509383","0.38973219722509383","0.5371358701586724","0.5371358701586724","0.5371358701586724","0.5395628729462624","0.5395628729462624","0.5395628729462624","0.386999716758728","0.386999716758728","0.386999716758728","0.3859227907657623","0.3859227907657623","0.3859227907657623"
"24900","0.537662863433361","0.537662863433361","0.537662863433361","0.3903081452846527","0.3903081452846527","0.3903081452846527","0.5406235590577125","0.5406235590577125","0.5406235590577125","0.3915775036811829","0.3915775036811829","0.3915775036811829","0.5367073228955269","0.5367073228955269","0.5367073228955269","0.38904153764247895","0.38904153764247895","0.38904153764247895","0.5375985869765282","0.5375985869765282","0.5375985869765282","0.5417891252040863","0.5417891252040863","0.5417891252040863","0.38195333391427994","0.38195333391427994","0.38195333391427994","0.3893173387646675","0.3893173387646675","0.3893173387646675"
"25000","0.5366394075751305","0.5366394075751305","0.5366394075751305","0.38949964493513106","0.38949964493513106","0.38949964493513106","0.5379881337285042","0.5379881337285042","0.5379881337285042","0.3914292821288109","0.3914292821288109","0.3914292821288109","0.5438522511720657","0.5438522511720657","0.5438522511720657","0.3932743483781815","0.3932743483781815","0.3932743483781815","0.5419948005676269","0.5419948005676269","0.5419948005676269","0.5436327388882637","0.5436327388882637","0.5436327388882637","0.3893290367722511","0.3893290367722511","0.3893290367722511","0.3915026521682739","0.3915026521682739","0.3915026521682739"
"25100","0.5405363202095032","0.5405363202095032","0.5405363202095032","0.38793710559606553","0.38793710559606553","0.38793710559606553","0.548280338048935","0.548280338048935","0.548280338048935","0.39000549256801603","0.39000549256801603","0.39000549256801603","0.5411080679297448","0.5411080679297448","0.5411080679297448","0.388461776971817","0.388461776971817","0.388461776971817","0.542348116338253","0.542348116338253","0.542348116338253","0.5390637943148613","0.5390637943148613","0.5390637943148613","0.38925672203302386","0.38925672203302386","0.38925672203302386","0.38728935837745665","0.38728935837745665","0.38728935837745665"
"25200","0.5457076436281204","0.5457076436281204","0.5457076436281204","0.3934018537402153","0.3934018537402153","0.3934018537402153","0.5322754889726639","0.5322754889726639","0.5322754889726639","0.387954925596714","0.387954925596714","0.387954925596714","0.541059567630291","0.541059567630291","0.541059567630291","0.3842450547218323","0.3842450547218323","0.3842450547218323","0.5422113454341888","0.5422113454341888","0.5422113454341888","0.5380417364835739","0.5380417364835739","0.5380417364835739","0.39659891158342364","0.39659891158342364","0.39659891158342364","0.38852939814329146","0.38852939814329146","0.38852939814329146"
"25300","0.5388923788070679","0.5388923788070679","0.5388923788070679","0.38596118718385697","0.38596118718385697","0.38596118718385697","0.5355147013068199","0.5355147013068199","0.5355147013068199","0.3840158411860466","0.3840158411860466","0.3840158411860466","0.5373386684060096","0.5373386684060096","0.5373386684060096","0.3829392954707146","0.3829392954707146","0.3829392954707146","0.5377118730545044","0.5377118730545044","0.5377118730545044","0.5416133916378021","0.5416133916378021","0.5416133916378021","0.3836389693617821","0.3836389693617821","0.3836389693617821","0.38553877353668214","0.38553877353668214","0.38553877353668214"
"25400","0.5461405366659164","0.5461405366659164","0.5461405366659164","0.38381302922964095","0.38381302922964095","0.38381302922964095","0.5356871256232262","0.5356871256232262","0.5356871256232262","0.3821703526377678","0.3821703526377678","0.3821703526377678","0.5388101294636727","0.5388101294636727","0.5388101294636727","0.38858835518360135","0.38858835518360135","0.38858835518360135","0.5413074162602425","0.5413074162602425","0.5413074162602425","0.5404886728525162","0.5404886728525162","0.5404886728525162","0.39242762058973313","0.39242762058973313","0.39242762058973313","0.3897291386127472","0.3897291386127472","0.3897291386127472"
"25500","0.5432620385289192","0.5432620385289192","0.5432620385289192","0.3933251041173935","0.3933251041173935","0.3933251041173935","0.5432085624337196","0.5432085624337196","0.5432085624337196","0.38903563648462297","0.38903563648462297","0.38903563648462297","0.5412129935622215","0.5412129935622215","0.5412129935622215","0.3854018017649651","0.3854018017649651","0.3854018017649651","0.5378428608179092","0.5378428608179092","0.5378428608179092","0.5417947813868522","0.5417947813868522","0.5417947813868522","0.3871535813808441","0.3871535813808441","0.3871535813808441","0.382625136077404","0.382625136077404","0.382625136077404"
"25600","0.5416180494427681","0.5416180494427681","0.5416180494427681","0.3913238701224327","0.3913238701224327","0.3913238701224327","0.5389830291271209","0.5389830291271209","0.5389830291271209","0.3879791525006294","0.3879791525006294","0.3879791525006294","0.5383390483260154","0.5383390483260154","0.5383390483260154","0.3896447065472603","0.3896447065472603","0.3896447065472603","0.5371543860435486","0.5371543860435486","0.5371543860435486","0.5407088670134544","0.5407088670134544","0.5407088670134544","0.38839743614196776","0.38839743614196776","0.38839743614196776","0.386156847178936","0.386156847178936","0.386156847178936"
"25700","0.540100084245205","0.540100084245205","0.540100084245205","0.38234000593423845","0.38234000593423845","0.38234000593423845","0.5363658201694489","0.5363658201694489","0.5363658201694489","0.3871732273697853","0.3871732273697853","0.3871732273697853","0.5430185562372207","0.5430185562372207","0.5430185562372207","0.3856395810842514","0.3856395810842514","0.3856395810842514","0.5380146819353103","0.5380146819353103","0.5380146819353103","0.5321015891432762","0.5321015891432762","0.5321015891432762","0.39267859190702437","0.39267859190702437","0.39267859190702437","0.38743276774883273","0.38743276774883273","0.38743276774883273"
"25800","0.5380728995800018","0.5380728995800018","0.5380728995800018","0.38977015793323516","0.38977015793323516","0.38977015793323516","0.5454686242341995","0.5454686242341995","0.5454686242341995","0.3861658197641373","0.3861658197641373","0.3861658197641373","0.5346013620495796","0.5346013620495796","0.5346013620495796","0.3857619476318359","0.3857619476318359","0.3857619476318359","0.5404707887768745","0.5404707887768745","0.5404707887768745","0.5419031631946564","0.5419031631946564","0.5419031631946564","0.39204519957304","0.39204519957304","0.39204519957304","0.38572972238063813","0.38572972238063813","0.38572972238063813"
"25900","0.5465052044391632","0.5465052044391632","0.5465052044391632","0.3898786395788193","0.3898786395788193","0.3898786395788193","0.5382426071166992","0.5382426071166992","0.5382426071166992","0.38961566030979156","0.38961566030979156","0.38961566030979156","0.5399187776446343","0.5399187776446343","0.5399187776446343","0.391475525200367","0.391475525200367","0.391475525200367","0.5417135488986969","0.5417135488986969","0.5417135488986969","0.535969409942627","0.535969409942627","0.535969409942627","0.38826449602842333","0.38826449602842333","0.38826449602842333","0.3861731541156769","0.3861731541156769","0.3861731541156769"
"26000","0.5398739340901375","0.5398739340901375","0.5398739340901375","0.39136997193098066","0.39136997193098066","0.39136997193098066","0.5399945920705795","0.5399945920705795","0.5399945920705795","0.3922334182262421","0.3922334182262421","0.3922334182262421","0.538334695994854","0.538334695994854","0.538334695994854","0.38819641441106795","0.38819641441106795","0.38819641441106795","0.5363504087924957","0.5363504087924957","0.5363504087924957","0.5421470868587493","0.5421470868587493","0.5421470868587493","0.3921189534664154","0.3921189534664154","0.3921189534664154","0.3846107292175293","0.3846107292175293","0.3846107292175293"
"26100","0.5383977374434471","0.5383977374434471","0.5383977374434471","0.3845300829410553","0.3845300829410553","0.3845300829410553","0.5362283557653427","0.5362283557653427","0.5362283557653427","0.38725508004426956","0.38725508004426956","0.38725508004426956","0.5367319494485855","0.5367319494485855","0.5367319494485855","0.39116225481033323","0.39116225481033323","0.39116225481033323","0.5357558992505074","0.5357558992505074","0.5357558992505074","0.5357560124993325","0.5357560124993325","0.5357560124993325","0.3820341670513153","0.3820341670513153","0.3820341670513153","0.3925491154193878","0.3925491154193878","0.3925491154193878"
"26200","0.5428336125612259","0.5428336125612259","0.5428336125612259","0.38769006192684174","0.38769006192684174","0.38769006192684174","0.5402178248763084","0.5402178248763084","0.5402178248763084","0.38857843667268754","0.38857843667268754","0.38857843667268754","0.5317801624536515","0.5317801624536515","0.5317801624536515","0.3792104175686836","0.3792104175686836","0.3792104175686836","0.5418958756327629","0.5418958756327629","0.5418958756327629","0.541347017288208","0.541347017288208","0.541347017288208","0.3861961796879768","0.3861961796879768","0.3861961796879768","0.390216646194458","0.390216646194458","0.390216646194458"
"26300","0.5414331975579262","0.5414331975579262","0.5414331975579262","0.39188222438097","0.39188222438097","0.39188222438097","0.5389596644043922","0.5389596644043922","0.5389596644043922","0.39290825366973875","0.39290825366973875","0.39290825366973875","0.5408176186680794","0.5408176186680794","0.5408176186680794","0.3881811136007309","0.3881811136007309","0.3881811136007309","0.5312083324790001","0.5312083324790001","0.5312083324790001","0.5411705893278121","0.5411705893278121","0.5411705893278121","0.3846025988459587","0.3846025988459587","0.3846025988459587","0.38870116621255874","0.38870116621255874","0.38870116621255874"
"26400","0.5434813487529755","0.5434813487529755","0.5434813487529755","0.3923952108621597","0.3923952108621597","0.3923952108621597","0.5332246381044388","0.5332246381044388","0.5332246381044388","0.3861513501405716","0.3861513501405716","0.3861513501405716","0.5391810566186905","0.5391810566186905","0.5391810566186905","0.3850546905398369","0.3850546905398369","0.3850546905398369","0.5402192816138267","0.5402192816138267","0.5402192816138267","0.5384145095944405","0.5384145095944405","0.5384145095944405","0.38566130578517915","0.38566130578517915","0.38566130578517915","0.37913927346467974","0.37913927346467974","0.37913927346467974"
"26500","0.537505641579628","0.537505641579628","0.537505641579628","0.3947336915135384","0.3947336915135384","0.3947336915135384","0.542108886539936","0.542108886539936","0.542108886539936","0.3877585843205452","0.3877585843205452","0.3877585843205452","0.5437679028511048","0.5437679028511048","0.5437679028511048","0.3861268299818039","0.3861268299818039","0.3861268299818039","0.5366721361875534","0.5366721361875534","0.5366721361875534","0.5346599245071411","0.5346599245071411","0.5346599245071411","0.3900161790847778","0.3900161790847778","0.3900161790847778","0.39401360511779787","0.39401360511779787","0.39401360511779787"
"26600","0.5405095702409745","0.5405095702409745","0.5405095702409745","0.38361403465270993","0.38361403465270993","0.38361403465270993","0.5326113513112068","0.5326113513112068","0.5326113513112068","0.3853664255142212","0.3853664255142212","0.3853664255142212","0.5354451805353164","0.5354451805353164","0.5354451805353164","0.3805370941758156","0.3805370941758156","0.3805370941758156","0.5352530795335769","0.5352530795335769","0.5352530795335769","0.5365761652588844","0.5365761652588844","0.5365761652588844","0.3793776163458824","0.3793776163458824","0.3793776163458824","0.38168068796396254","0.38168068796396254","0.38168068796396254"
"26700","0.5342363247275352","0.5342363247275352","0.5342363247275352","0.38736954659223555","0.38736954659223555","0.38736954659223555","0.5383945614099502","0.5383945614099502","0.5383945614099502","0.3865755409002304","0.3865755409002304","0.3865755409002304","0.538958999812603","0.538958999812603","0.538958999812603","0.38716560244560244","0.38716560244560244","0.38716560244560244","0.536199286878109","0.536199286878109","0.536199286878109","0.5442798569798469","0.5442798569798469","0.5442798569798469","0.3866917499899864","0.3866917499899864","0.3866917499899864","0.38370189487934114","0.38370189487934114","0.38370189487934114"
"26800","0.5422204115986824","0.5422204115986824","0.5422204115986824","0.3910988408327103","0.3910988408327103","0.3910988408327103","0.535580393075943","0.535580393075943","0.535580393075943","0.3872369521856308","0.3872369521856308","0.3872369521856308","0.5361725029349327","0.5361725029349327","0.5361725029349327","0.3835730907320976","0.3835730907320976","0.3835730907320976","0.5375045648217202","0.5375045648217202","0.5375045648217202","0.5380435219407081","0.5380435219407081","0.5380435219407081","0.38904301583766937","0.38904301583766937","0.38904301583766937","0.39077399522066114","0.39077399522066114","0.39077399522066114"
"26900","0.5390063747763634","0.5390063747763634","0.5390063747763634","0.38134963274002076","0.38134963274002076","0.38134963274002076","0.5378362640738488","0.5378362640738488","0.5378362640738488","0.39239111363887785","0.39239111363887785","0.39239111363887785","0.5337655174732209","0.5337655174732209","0.5337655174732209","0.3864601436257362","0.3864601436257362","0.3864601436257362","0.5354177877306938","0.5354177877306938","0.5354177877306938","0.5345076829195022","0.5345076829195022","0.5345076829195022","0.39394292384386065","0.39394292384386065","0.39394292384386065","0.38763204276561736","0.38763204276561736","0.38763204276561736"
"27000","0.545779444873333","0.545779444873333","0.545779444873333","0.3882626408338547","0.3882626408338547","0.3882626408338547","0.5386234483122826","0.5386234483122826","0.5386234483122826","0.3814626231789589","0.3814626231789589","0.3814626231789589","0.5456288143992424","0.5456288143992424","0.5456288143992424","0.3839912784099579","0.3839912784099579","0.3839912784099579","0.5421069666743279","0.5421069666743279","0.5421069666743279","0.5422809466719627","0.5422809466719627","0.5422809466719627","0.3856962007284164","0.3856962007284164","0.3856962007284164","0.38271703094244003","0.38271703094244003","0.38271703094244003"
"27100","0.5393431949615478","0.5393431949615478","0.5393431949615478","0.38583887785673143","0.38583887785673143","0.38583887785673143","0.5451161921024322","0.5451161921024322","0.5451161921024322","0.39247014731168745","0.39247014731168745","0.39247014731168745","0.5348948669433594","0.5348948669433594","0.5348948669433594","0.3836393076181412","0.3836393076181412","0.3836393076181412","0.528014419078827","0.528014419078827","0.528014419078827","0.5358735281229019","0.5358735281229019","0.5358735281229019","0.3848464307188988","0.3848464307188988","0.3848464307188988","0.38462720841169357","0.38462720841169357","0.38462720841169357"
"27200","0.5356389549374581","0.5356389549374581","0.5356389549374581","0.3838759160041809","0.3838759160041809","0.3838759160041809","0.5394154253602028","0.5394154253602028","0.5394154253602028","0.38320680350065234","0.38320680350065234","0.38320680350065234","0.5374514794349671","0.5374514794349671","0.5374514794349671","0.39365324556827547","0.39365324556827547","0.39365324556827547","0.5299557179212571","0.5299557179212571","0.5299557179212571","0.5427406477928162","0.5427406477928162","0.5427406477928162","0.3831260594725609","0.3831260594725609","0.3831260594725609","0.38854449599981306","0.38854449599981306","0.38854449599981306"
"27300","0.5375137802958488","0.5375137802958488","0.5375137802958488","0.38473103404045106","0.38473103404045106","0.38473103404045106","0.5347831317782402","0.5347831317782402","0.5347831317782402","0.38467986553907396","0.38467986553907396","0.38467986553907396","0.5297733891010284","0.5297733891010284","0.5297733891010284","0.3784345442056656","0.3784345442056656","0.3784345442056656","0.5380435016751289","0.5380435016751289","0.5380435016751289","0.5385271593928337","0.5385271593928337","0.5385271593928337","0.37920990377664565","0.37920990377664565","0.37920990377664565","0.3792334371805191","0.3792334371805191","0.3792334371805191"
"27400","0.5435914993286133","0.5435914993286133","0.5435914993286133","0.3877332732081413","0.3877332732081413","0.3877332732081413","0.5362254148721695","0.5362254148721695","0.5362254148721695","0.3823473447561264","0.3823473447561264","0.3823473447561264","0.5301501107215881","0.5301501107215881","0.5301501107215881","0.38577412962913515","0.38577412962913515","0.38577412962913515","0.5372338253259659","0.5372338253259659","0.5372338253259659","0.533202266395092","0.533202266395092","0.533202266395092","0.3897055831551552","0.3897055831551552","0.3897055831551552","0.38304395020008086","0.38304395020008086","0.38304395020008086"
"27500","0.5454265987873077","0.5454265987873077","0.5454265987873077","0.3873589766025543","0.3873589766025543","0.3873589766025543","0.5365391969680786","0.5365391969680786","0.5365391969680786","0.3910481488704681","0.3910481488704681","0.3910481488704681","0.5383055245876313","0.5383055245876313","0.5383055245876313","0.383994922041893","0.383994922041893","0.383994922041893","0.5398151734471321","0.5398151734471321","0.5398151734471321","0.5427908939123154","0.5427908939123154","0.5427908939123154","0.3825026372075081","0.3825026372075081","0.3825026372075081","0.3837687095999718","0.3837687095999718","0.3837687095999718"
"27600","0.536896585226059","0.536896585226059","0.536896585226059","0.38720718294382095","0.38720718294382095","0.38720718294382095","0.5376612591743469","0.5376612591743469","0.5376612591743469","0.3874374061822891","0.3874374061822891","0.3874374061822891","0.5382183104753494","0.5382183104753494","0.5382183104753494","0.38484668731689453","0.38484668731689453","0.38484668731689453","0.5371051073074341","0.5371051073074341","0.5371051073074341","0.5341407290101051","0.5341407290101051","0.5341407290101051","0.38271924763917925","0.38271924763917925","0.38271924763917925","0.3876569175720215","0.3876569175720215","0.3876569175720215"
"27700","0.5334108781814575","0.5334108781814575","0.5334108781814575","0.3848217451572418","0.3848217451572418","0.3848217451572418","0.5371346312761307","0.5371346312761307","0.5371346312761307","0.3847086888551712","0.3847086888551712","0.3847086888551712","0.5336560177803039","0.5336560177803039","0.5336560177803039","0.38097146540880206","0.38097146540880206","0.38097146540880206","0.5403605934977531","0.5403605934977531","0.5403605934977531","0.534404129087925","0.534404129087925","0.534404129087925","0.3887202760577202","0.3887202760577202","0.3887202760577202","0.3894770836830139","0.3894770836830139","0.3894770836830139"
"27800","0.5315562644600869","0.5315562644600869","0.5315562644600869","0.3809829032421112","0.3809829032421112","0.3809829032421112","0.5346486422419549","0.5346486422419549","0.5346486422419549","0.3836092990636826","0.3836092990636826","0.3836092990636826","0.531107987165451","0.531107987165451","0.531107987165451","0.3864777311682701","0.3864777311682701","0.3864777311682701","0.5339265823364258","0.5339265823364258","0.5339265823364258","0.5375446847081184","0.5375446847081184","0.5375446847081184","0.383997782766819","0.383997782766819","0.383997782766819","0.3802229899168015","0.3802229899168015","0.3802229899168015"
"27900","0.5364616122841835","0.5364616122841835","0.5364616122841835","0.3930481719970703","0.3930481719970703","0.3930481719970703","0.5352419915795327","0.5352419915795327","0.5352419915795327","0.38857952892780306","0.38857952892780306","0.38857952892780306","0.5321595960855484","0.5321595960855484","0.5321595960855484","0.38704870015382764","0.38704870015382764","0.38704870015382764","0.5356124052405358","0.5356124052405358","0.5356124052405358","0.5364340227842331","0.5364340227842331","0.5364340227842331","0.3853270787000656","0.3853270787000656","0.3853270787000656","0.384867182970047","0.384867182970047","0.384867182970047"
"28000","0.5385544106364251","0.5385544106364251","0.5385544106364251","0.3866610136628151","0.3866610136628151","0.3866610136628151","0.5329393789172172","0.5329393789172172","0.5329393789172172","0.3845374259352684","0.3845374259352684","0.3845374259352684","0.5384521609544755","0.5384521609544755","0.5384521609544755","0.38250761926174165","0.38250761926174165","0.38250761926174165","0.5376273217797279","0.5376273217797279","0.5376273217797279","0.529394303560257","0.529394303560257","0.529394303560257","0.38740944743156436","0.38740944743156436","0.38740944743156436","0.380673893392086","0.380673893392086","0.380673893392086"
"28100","0.5358464404940605","0.5358464404940605","0.5358464404940605","0.38344882279634473","0.38344882279634473","0.38344882279634473","0.5394645458459855","0.5394645458459855","0.5394645458459855","0.3911499634385109","0.3911499634385109","0.3911499634385109","0.5311022925376893","0.5311022925376893","0.5311022925376893","0.3803459537029266","0.3803459537029266","0.3803459537029266","0.5369365710020065","0.5369365710020065","0.5369365710020065","0.5388331672549248","0.5388331672549248","0.5388331672549248","0.38449502140283587","0.38449502140283587","0.38449502140283587","0.38893292486667635","0.38893292486667635","0.38893292486667635"
"28200","0.5382487791776657","0.5382487791776657","0.5382487791776657","0.3877180564403534","0.3877180564403534","0.3877180564403534","0.538989437520504","0.538989437520504","0.538989437520504","0.38836872071027756","0.38836872071027756","0.38836872071027756","0.5375773459672928","0.5375773459672928","0.5375773459672928","0.3831537118554115","0.3831537118554115","0.3831537118554115","0.5382672065496444","0.5382672065496444","0.5382672065496444","0.5349660208821296","0.5349660208821296","0.5349660208821296","0.3893972155451775","0.3893972155451775","0.3893972155451775","0.3856296044588089","0.3856296044588089","0.3856296044588089"
"28300","0.5357722264528274","0.5357722264528274","0.5357722264528274","0.3846484908461571","0.3846484908461571","0.3846484908461571","0.5345868155360222","0.5345868155360222","0.5345868155360222","0.38372513294219973","0.38372513294219973","0.38372513294219973","0.5405614513158798","0.5405614513158798","0.5405614513158798","0.38690013259649275","0.38690013259649275","0.38690013259649275","0.5328229162096977","0.5328229162096977","0.5328229162096977","0.5363273364305496","0.5363273364305496","0.5363273364305496","0.38062926948070525","0.38062926948070525","0.38062926948070525","0.37688602298498153","0.37688602298498153","0.37688602298498153"
"28400","0.5354974135756493","0.5354974135756493","0.5354974135756493","0.3869812533259392","0.3869812533259392","0.3869812533259392","0.5381638833880424","0.5381638833880424","0.5381638833880424","0.39018615931272504","0.39018615931272504","0.39018615931272504","0.5383980676531792","0.5383980676531792","0.5383980676531792","0.3858379524946213","0.3858379524946213","0.3858379524946213","0.5282378843426705","0.5282378843426705","0.5282378843426705","0.537141339480877","0.537141339480877","0.537141339480877","0.3848510608077049","0.3848510608077049","0.3848510608077049","0.3888667386770248","0.3888667386770248","0.3888667386770248"
"28500","0.5377752423286438","0.5377752423286438","0.5377752423286438","0.3852676367759705","0.3852676367759705","0.3852676367759705","0.5379571479558944","0.5379571479558944","0.5379571479558944","0.3888670402765274","0.3888670402765274","0.3888670402765274","0.5370256838202476","0.5370256838202476","0.5370256838202476","0.3824948137998581","0.3824948137998581","0.3824948137998581","0.5278979590535164","0.5278979590535164","0.5278979590535164","0.5361187741160393","0.5361187741160393","0.5361187741160393","0.3791399267315865","0.3791399267315865","0.3791399267315865","0.3800567144155502","0.3800567144155502","0.3800567144155502"
"28600","0.5334607872366905","0.5334607872366905","0.5334607872366905","0.3891586136817932","0.3891586136817932","0.3891586136817932","0.5340782469511032","0.5340782469511032","0.5340782469511032","0.38149096339941024","0.38149096339941024","0.38149096339941024","0.5342463356256485","0.5342463356256485","0.5342463356256485","0.38107997059822085","0.38107997059822085","0.38107997059822085","0.5325649356842042","0.5325649356842042","0.5325649356842042","0.5431384912133217","0.5431384912133217","0.5431384912133217","0.37987994760274885","0.37987994760274885","0.37987994760274885","0.3844635736942291","0.3844635736942291","0.3844635736942291"
"28700","0.5318289166688919","0.5318289166688919","0.5318289166688919","0.3852977675199509","0.3852977675199509","0.3852977675199509","0.5373894900083542","0.5373894900083542","0.5373894900083542","0.37786169946193693","0.37786169946193693","0.37786169946193693","0.5365232905745506","0.5365232905745506","0.5365232905745506","0.39281102538108825","0.39281102538108825","0.39281102538108825","0.5322659620642662","0.5322659620642662","0.5322659620642662","0.5360812726616859","0.5360812726616859","0.5360812726616859","0.3777346986532211","0.3777346986532211","0.3777346986532211","0.3816469168663025","0.3816469168663025","0.3816469168663025"
"28800","0.529316217303276","0.529316217303276","0.529316217303276","0.3779864951968193","0.3779864951968193","0.3779864951968193","0.5343637219071389","0.5343637219071389","0.5343637219071389","0.3821071422100067","0.3821071422100067","0.3821071422100067","0.5339762398600578","0.5339762398600578","0.5339762398600578","0.3819788616895676","0.3819788616895676","0.3819788616895676","0.5343457454442978","0.5343457454442978","0.5343457454442978","0.5404020145535469","0.5404020145535469","0.5404020145535469","0.3824392560124397","0.3824392560124397","0.3824392560124397","0.3830439308285713","0.3830439308285713","0.3830439308285713"
"28900","0.5355170521140099","0.5355170521140099","0.5355170521140099","0.3826600679755211","0.3826600679755211","0.3826600679755211","0.5332732415199279","0.5332732415199279","0.5332732415199279","0.3852402964234352","0.3852402964234352","0.3852402964234352","0.535814326107502","0.535814326107502","0.535814326107502","0.38813823997974395","0.38813823997974395","0.38813823997974395","0.5349243715405464","0.5349243715405464","0.5349243715405464","0.5345182880759239","0.5345182880759239","0.5345182880759239","0.37893215924501417","0.37893215924501417","0.37893215924501417","0.385803781747818","0.385803781747818","0.385803781747818"
"29000","0.5386625000834465","0.5386625000834465","0.5386625000834465","0.38960989892482756","0.38960989892482756","0.38960989892482756","0.5266099122166633","0.5266099122166633","0.5266099122166633","0.38184286177158355","0.38184286177158355","0.38184286177158355","0.5304355660080909","0.5304355660080909","0.5304355660080909","0.385930540561676","0.385930540561676","0.385930540561676","0.5382851362228394","0.5382851362228394","0.5382851362228394","0.5296521562337876","0.5296521562337876","0.5296521562337876","0.38739111661911013","0.38739111661911013","0.38739111661911013","0.38158112168312075","0.38158112168312075","0.38158112168312075"
"29100","0.5345629778504372","0.5345629778504372","0.5345629778504372","0.38554296374320984","0.38554296374320984","0.38554296374320984","0.526868080496788","0.526868080496788","0.526868080496788","0.3738622370362282","0.3738622370362282","0.3738622370362282","0.5342642444372178","0.5342642444372178","0.5342642444372178","0.38393509566783907","0.38393509566783907","0.38393509566783907","0.5383643051981926","0.5383643051981926","0.5383643051981926","0.5354932248592377","0.5354932248592377","0.5354932248592377","0.38510556042194366","0.38510556042194366","0.38510556042194366","0.37923281371593476","0.37923281371593476","0.37923281371593476"
"29200","0.534468697309494","0.534468697309494","0.534468697309494","0.3859463152289391","0.3859463152289391","0.3859463152289391","0.5288333761692047","0.5288333761692047","0.5288333761692047","0.38220204412937164","0.38220204412937164","0.38220204412937164","0.5318869164586068","0.5318869164586068","0.5318869164586068","0.37915648967027665","0.37915648967027665","0.37915648967027665","0.5359197351336479","0.5359197351336479","0.5359197351336479","0.5359341844916343","0.5359341844916343","0.5359341844916343","0.3866421219706535","0.3866421219706535","0.3866421219706535","0.3826010796427727","0.3826010796427727","0.3826010796427727"
"29300","0.5319725281000137","0.5319725281000137","0.5319725281000137","0.38239610850811007","0.38239610850811007","0.38239610850811007","0.539954354763031","0.539954354763031","0.539954354763031","0.3859955123066902","0.3859955123066902","0.3859955123066902","0.5300607132911682","0.5300607132911682","0.5300607132911682","0.3801650035381317","0.3801650035381317","0.3801650035381317","0.5387009760737419","0.5387009760737419","0.5387009760737419","0.5316286221146583","0.5316286221146583","0.5316286221146583","0.39202695786952974","0.39202695786952974","0.39202695786952974","0.38079365372657775","0.38079365372657775","0.38079365372657775"
"29400","0.5360407492518425","0.5360407492518425","0.5360407492518425","0.3857647910714149","0.3857647910714149","0.3857647910714149","0.5326002046465874","0.5326002046465874","0.5326002046465874","0.3821593490242958","0.3821593490242958","0.3821593490242958","0.5320467892289161","0.5320467892289161","0.5320467892289161","0.38495601356029513","0.38495601356029513","0.38495601356029513","0.5274384689331054","0.5274384689331054","0.5274384689331054","0.5375496527552605","0.5375496527552605","0.5375496527552605","0.3796261876821518","0.3796261876821518","0.3796261876821518","0.38234988510608675","0.38234988510608675","0.38234988510608675"
"29500","0.5360948124527931","0.5360948124527931","0.5360948124527931","0.3801294869184494","0.3801294869184494","0.3801294869184494","0.5340701898932457","0.5340701898932457","0.5340701898932457","0.383445066511631","0.383445066511631","0.383445066511631","0.5387327727675438","0.5387327727675438","0.5387327727675438","0.38552541226148607","0.38552541226148607","0.38552541226148607","0.5309312805533409","0.5309312805533409","0.5309312805533409","0.5317584297060967","0.5317584297060967","0.5317584297060967","0.38307322829961776","0.38307322829961776","0.38307322829961776","0.38397971212863924","0.38397971212863924","0.38397971212863924"
"29600","0.5356978723406791","0.5356978723406791","0.5356978723406791","0.38330824822187426","0.38330824822187426","0.38330824822187426","0.5325452560186386","0.5325452560186386","0.5325452560186386","0.3824933272600174","0.3824933272600174","0.3824933272600174","0.5327725628018379","0.5327725628018379","0.5327725628018379","0.38032484948635104","0.38032484948635104","0.38032484948635104","0.5389694148302078","0.5389694148302078","0.5389694148302078","0.5329400008916855","0.5329400008916855","0.5329400008916855","0.38262735545635224","0.38262735545635224","0.38262735545635224","0.38172409355640413","0.38172409355640413","0.38172409355640413"
"29700","0.5363876014947891","0.5363876014947891","0.5363876014947891","0.38677519977092745","0.38677519977092745","0.38677519977092745","0.5322218978404999","0.5322218978404999","0.5322218978404999","0.38080550491809845","0.38080550491809845","0.38080550491809845","0.5351938411593438","0.5351938411593438","0.5351938411593438","0.38088922917842866","0.38088922917842866","0.38088922917842866","0.5370457148551941","0.5370457148551941","0.5370457148551941","0.5406635725498199","0.5406635725498199","0.5406635725498199","0.37842906177043917","0.37842906177043917","0.37842906177043917","0.37998397141695023","0.37998397141695023","0.37998397141695023"
"29800","0.5388515415787697","0.5388515415787697","0.5388515415787697","0.386882863342762","0.386882863342762","0.386882863342762","0.5375823810696602","0.5375823810696602","0.5375823810696602","0.38448154538869855","0.38448154538869855","0.38448154538869855","0.5339627793431282","0.5339627793431282","0.5339627793431282","0.38637883454561234","0.38637883454561234","0.38637883454561234","0.5301066619157792","0.5301066619157792","0.5301066619157792","0.5290669205784798","0.5290669205784798","0.5290669205784798","0.381710356771946","0.381710356771946","0.381710356771946","0.38306170344352725","0.38306170344352725","0.38306170344352725"
"29900","0.5372841131687164","0.5372841131687164","0.5372841131687164","0.3815876591205597","0.3815876591205597","0.3815876591205597","0.5361168706417083","0.5361168706417083","0.5361168706417083","0.37996194303035735","0.37996194303035735","0.37996194303035735","0.5423525130748749","0.5423525130748749","0.5423525130748749","0.3878036406636238","0.3878036406636238","0.3878036406636238","0.5374016070365906","0.5374016070365906","0.5374016070365906","0.5319224670529366","0.5319224670529366","0.5319224670529366","0.38303957611322403","0.38303957611322403","0.38303957611322403","0.3812731581926346","0.3812731581926346","0.3812731581926346"
"30000","0.5397116109728813","0.5397116109728813","0.5397116109728813","0.3856551018357277","0.3856551018357277","0.3856551018357277","0.5301842162013054","0.5301842162013054","0.5301842162013054","0.38257522970438","0.38257522970438","0.38257522970438","0.5368960139155388","0.5368960139155388","0.5368960139155388","0.380727698802948","0.380727698802948","0.380727698802948","0.5324807238578796","0.5324807238578796","0.5324807238578796","0.5373266050219536","0.5373266050219536","0.5373266050219536","0.37969615042209626","0.37969615042209626","0.37969615042209626","0.3769513610005379","0.3769513610005379","0.3769513610005379"
"30100","0.537595072388649","0.537595072388649","0.537595072388649","0.3831932842731476","0.3831932842731476","0.3831932842731476","0.5382892218232155","0.5382892218232155","0.5382892218232155","0.38706917107105254","0.38706917107105254","0.38706917107105254","0.5322814846038818","0.5322814846038818","0.5322814846038818","0.3825135043263435","0.3825135043263435","0.3825135043263435","0.5386316621303558","0.5386316621303558","0.5386316621303558","0.5355616363883019","0.5355616363883019","0.5355616363883019","0.3864456743001938","0.3864456743001938","0.3864456743001938","0.3786422997713089","0.3786422997713089","0.3786422997713089"
"30200","0.5363157242536545","0.5363157242536545","0.5363157242536545","0.38040775269269944","0.38040775269269944","0.38040775269269944","0.5385703417658806","0.5385703417658806","0.5385703417658806","0.3878276628255844","0.3878276628255844","0.3878276628255844","0.5367418268322944","0.5367418268322944","0.5367418268322944","0.37971668511629103","0.37971668511629103","0.37971668511629103","0.534416846036911","0.534416846036911","0.534416846036911","0.5355903595685959","0.5355903595685959","0.5355903595685959","0.3890828052163124","0.3890828052163124","0.3890828052163124","0.3906804141402245","0.3906804141402245","0.3906804141402245"
"30300","0.5311346989870072","0.5311346989870072","0.5311346989870072","0.38664993196725844","0.38664993196725844","0.38664993196725844","0.5312707343697548","0.5312707343697548","0.5312707343697548","0.38184529304504394","0.38184529304504394","0.38184529304504394","0.5305312019586563","0.5305312019586563","0.5305312019586563","0.381095874607563","0.381095874607563","0.381095874607563","0.5282137876749039","0.5282137876749039","0.5282137876749039","0.5340541800856591","0.5340541800856591","0.5340541800856591","0.3824885320663452","0.3824885320663452","0.3824885320663452","0.3726646846532822","0.3726646846532822","0.3726646846532822"
"30400","0.5315517282485962","0.5315517282485962","0.5315517282485962","0.38093735337257384","0.38093735337257384","0.38093735337257384","0.5331981536746025","0.5331981536746025","0.5331981536746025","0.38876220166683195","0.38876220166683195","0.38876220166683195","0.5402890029549599","0.5402890029549599","0.5402890029549599","0.3828897324204445","0.3828897324204445","0.3828897324204445","0.5333028268814087","0.5333028268814087","0.5333028268814087","0.5340587857365608","0.5340587857365608","0.5340587857365608","0.3814333415031433","0.3814333415031433","0.3814333415031433","0.3778933683037758","0.3778933683037758","0.3778933683037758"
"30500","0.5384239482879639","0.5384239482879639","0.5384239482879639","0.3866457086801529","0.3866457086801529","0.3866457086801529","0.5364763286709785","0.5364763286709785","0.5364763286709785","0.38374570667743685","0.38374570667743685","0.38374570667743685","0.5358418688178063","0.5358418688178063","0.5358418688178063","0.38239768147468567","0.38239768147468567","0.38239768147468567","0.5346985086798668","0.5346985086798668","0.5346985086798668","0.5391676285862923","0.5391676285862923","0.5391676285862923","0.38073989510536194","0.38073989510536194","0.38073989510536194","0.37762552857398984","0.37762552857398984","0.37762552857398984"
"30600","0.5334366393089295","0.5334366393089295","0.5334366393089295","0.3827572438120842","0.3827572438120842","0.3827572438120842","0.5383395257592202","0.5383395257592202","0.5383395257592202","0.3845994392037392","0.3845994392037392","0.3845994392037392","0.5332312053442001","0.5332312053442001","0.5332312053442001","0.3832318618893623","0.3832318618893623","0.3832318618893623","0.5328296583890915","0.5328296583890915","0.5328296583890915","0.5385724025964737","0.5385724025964737","0.5385724025964737","0.37992639780044557","0.37992639780044557","0.37992639780044557","0.38295176804065706","0.38295176804065706","0.38295176804065706"
"30700","0.539071064889431","0.539071064889431","0.539071064889431","0.3877237722277641","0.3877237722277641","0.3877237722277641","0.5341496676206589","0.5341496676206589","0.5341496676206589","0.38701121479272843","0.38701121479272843","0.38701121479272843","0.540382869541645","0.540382869541645","0.540382869541645","0.38248707562685014","0.38248707562685014","0.38248707562685014","0.5283584028482438","0.5283584028482438","0.5283584028482438","0.534489783346653","0.534489783346653","0.534489783346653","0.3772046706080437","0.3772046706080437","0.3772046706080437","0.3825739344954491","0.3825739344954491","0.3825739344954491"
"30800","0.5400098669528961","0.5400098669528961","0.5400098669528961","0.38368708938360213","0.38368708938360213","0.38368708938360213","0.5345648226141929","0.5345648226141929","0.5345648226141929","0.37917422622442243","0.37917422622442243","0.37917422622442243","0.534291849732399","0.534291849732399","0.534291849732399","0.3823299145698547","0.3823299145698547","0.3823299145698547","0.5323272004723549","0.5323272004723549","0.5323272004723549","0.5374646127223969","0.5374646127223969","0.5374646127223969","0.3839581257104874","0.3839581257104874","0.3839581257104874","0.3818235164880753","0.3818235164880753","0.3818235164880753"
"30900","0.5355292227864266","0.5355292227864266","0.5355292227864266","0.38249020487070085","0.38249020487070085","0.38249020487070085","0.531482130587101","0.531482130587101","0.531482130587101","0.3823842999339104","0.3823842999339104","0.3823842999339104","0.5331222012639045","0.5331222012639045","0.5331222012639045","0.38048724561929703","0.38048724561929703","0.38048724561929703","0.5328467184305191","0.5328467184305191","0.5328467184305191","0.5330601555109024","0.5330601555109024","0.5330601555109024","0.3838111689686775","0.3838111689686775","0.3838111689686775","0.3849867379665375","0.3849867379665375","0.3849867379665375"
"31000","0.5398734739422798","0.5398734739422798","0.5398734739422798","0.3802253741025925","0.3802253741025925","0.3802253741025925","0.5342938414216042","0.5342938414216042","0.5342938414216042","0.38152618378400804","0.38152618378400804","0.38152618378400804","0.5362660455703735","0.5362660455703735","0.5362660455703735","0.38740084230899813","0.38740084230899813","0.38740084230899813","0.5310039493441582","0.5310039493441582","0.5310039493441582","0.5374770948290825","0.5374770948290825","0.5374770948290825","0.3849529963731766","0.3849529963731766","0.3849529963731766","0.38190899342298507","0.38190899342298507","0.38190899342298507"
"31100","0.5381859678030014","0.5381859678030014","0.5381859678030014","0.38649402886629103","0.38649402886629103","0.38649402886629103","0.5367840358614921","0.5367840358614921","0.5367840358614921","0.38392433762550354","0.38392433762550354","0.38392433762550354","0.5354847958683968","0.5354847958683968","0.5354847958683968","0.3810285022854805","0.3810285022854805","0.3810285022854805","0.5388130316138268","0.5388130316138268","0.5388130316138268","0.5306127217411994","0.5306127217411994","0.5306127217411994","0.3871063855290413","0.3871063855290413","0.3871063855290413","0.3792456719279289","0.3792456719279289","0.3792456719279289"
"31200","0.5315018418431282","0.5315018418431282","0.5315018418431282","0.38210293352603913","0.38210293352603913","0.38210293352603913","0.536052405834198","0.536052405834198","0.536052405834198","0.3832756933569908","0.3832756933569908","0.3832756933569908","0.5310638004541397","0.5310638004541397","0.5310638004541397","0.38583096385002136","0.38583096385002136","0.38583096385002136","0.5364669537544251","0.5364669537544251","0.5364669537544251","0.5371644511818886","0.5371644511818886","0.5371644511818886","0.38221545696258546","0.38221545696258546","0.38221545696258546","0.378353905081749","0.378353905081749","0.378353905081749"
"31300","0.5336806455254555","0.5336806455254555","0.5336806455254555","0.3847579637169838","0.3847579637169838","0.3847579637169838","0.5275367394089698","0.5275367394089698","0.5275367394089698","0.3783646926283836","0.3783646926283836","0.3783646926283836","0.5243567314743995","0.5243567314743995","0.5243567314743995","0.3776861318945885","0.3776861318945885","0.3776861318945885","0.5404156458377838","0.5404156458377838","0.5404156458377838","0.5404020780324936","0.5404020780324936","0.5404020780324936","0.3808640649914741","0.3808640649914741","0.3808640649914741","0.38143952548503873","0.38143952548503873","0.38143952548503873"
"31400","0.5365823465585708","0.5365823465585708","0.5365823465585708","0.3876044848561287","0.3876044848561287","0.3876044848561287","0.5355207559466362","0.5355207559466362","0.5355207559466362","0.38077581793069837","0.38077581793069837","0.38077581793069837","0.5389942759275437","0.5389942759275437","0.5389942759275437","0.3852968168258667","0.3852968168258667","0.3852968168258667","0.5328385829925537","0.5328385829925537","0.5328385829925537","0.5423489132523537","0.5423489132523537","0.5423489132523537","0.38167441815137865","0.38167441815137865","0.38167441815137865","0.3825701093673706","0.3825701093673706","0.3825701093673706"
"31500","0.5371932861208916","0.5371932861208916","0.5371932861208916","0.3812682029604912","0.3812682029604912","0.3812682029604912","0.5296489736437797","0.5296489736437797","0.5296489736437797","0.3805151280760765","0.3805151280760765","0.3805151280760765","0.5346881264448166","0.5346881264448166","0.5346881264448166","0.3833977383375168","0.3833977383375168","0.3833977383375168","0.5374863892793655","0.5374863892793655","0.5374863892793655","0.5319570887088776","0.5319570887088776","0.5319570887088776","0.38583024382591247","0.38583024382591247","0.38583024382591247","0.3829547557234764","0.3829547557234764","0.3829547557234764"
"31600","0.5413495850563049","0.5413495850563049","0.5413495850563049","0.380200722515583","0.380200722515583","0.380200722515583","0.5321003431081772","0.5321003431081772","0.5321003431081772","0.384619325697422","0.384619325697422","0.384619325697422","0.5344060418009758","0.5344060418009758","0.5344060418009758","0.38020419687032697","0.38020419687032697","0.38020419687032697","0.5348707935214043","0.5348707935214043","0.5348707935214043","0.5390461495518685","0.5390461495518685","0.5390461495518685","0.3768488770723343","0.3768488770723343","0.3768488770723343","0.38312949568033217","0.38312949568033217","0.38312949568033217"
"31700","0.5374315211176872","0.5374315211176872","0.5374315211176872","0.38313824504613875","0.38313824504613875","0.38313824504613875","0.5333970719575882","0.5333970719575882","0.5333970719575882","0.3796617293357849","0.3796617293357849","0.3796617293357849","0.5304255583882331","0.5304255583882331","0.5304255583882331","0.3798224088549614","0.3798224088549614","0.3798224088549614","0.5352379646897316","0.5352379646897316","0.5352379646897316","0.530804046690464","0.530804046690464","0.530804046690464","0.384117556810379","0.384117556810379","0.384117556810379","0.3767691332101822","0.3767691332101822","0.3767691332101822"
"31800","0.5343388146162034","0.5343388146162034","0.5343388146162034","0.38090212404727936","0.38090212404727936","0.38090212404727936","0.5350475689768791","0.5350475689768791","0.5350475689768791","0.37525108098983767","0.37525108098983767","0.37525108098983767","0.5325055363774299","0.5325055363774299","0.5325055363774299","0.3783805304765701","0.3783805304765701","0.3783805304765701","0.5364565393328666","0.5364565393328666","0.5364565393328666","0.5315000385046005","0.5315000385046005","0.5315000385046005","0.38664094865322113","0.38664094865322113","0.38664094865322113","0.38990373581647875","0.38990373581647875","0.38990373581647875"
"31900","0.5356356558203698","0.5356356558203698","0.5356356558203698","0.38283105969429015","0.38283105969429015","0.38283105969429015","0.5352313175797463","0.5352313175797463","0.5352313175797463","0.3801473152637482","0.3801473152637482","0.3801473152637482","0.5331619700789452","0.5331619700789452","0.5331619700789452","0.3785769405961037","0.3785769405961037","0.3785769405961037","0.5322365409135819","0.5322365409135819","0.5322365409135819","0.5372608113288879","0.5372608113288879","0.5372608113288879","0.3810965350270271","0.3810965350270271","0.3810965350270271","0.3810168653726578","0.3810168653726578","0.3810168653726578"
"32000","0.5370225605368614","0.5370225605368614","0.5370225605368614","0.38816755563020705","0.38816755563020705","0.38816755563020705","0.5328531527519226","0.5328531527519226","0.5328531527519226","0.3844725003838539","0.3844725003838539","0.3844725003838539","0.5334972786903381","0.5334972786903381","0.5334972786903381","0.37996851801872256","0.37996851801872256","0.37996851801872256","0.531588482260704","0.531588482260704","0.531588482260704","0.5342938223481178","0.5342938223481178","0.5342938223481178","0.3755626866221428","0.3755626866221428","0.3755626866221428","0.381943818628788","0.381943818628788","0.381943818628788"
"32100","0.5414359033107757","0.5414359033107757","0.5414359033107757","0.38466168344020846","0.38466168344020846","0.38466168344020846","0.5395937007665634","0.5395937007665634","0.5395937007665634","0.38866269022226335","0.38866269022226335","0.38866269022226335","0.533633299767971","0.533633299767971","0.533633299767971","0.38274318754673003","0.38274318754673003","0.38274318754673003","0.5354585349559784","0.5354585349559784","0.5354585349559784","0.5343640780448914","0.5343640780448914","0.5343640780448914","0.3777020999789238","0.3777020999789238","0.3777020999789238","0.38082806169986727","0.38082806169986727","0.38082806169986727"
"32200","0.5296861577033997","0.5296861577033997","0.5296861577033997","0.37946427792310716","0.37946427792310716","0.37946427792310716","0.5322645914554596","0.5322645914554596","0.5322645914554596","0.38646769523620605","0.38646769523620605","0.38646769523620605","0.5343567734956741","0.5343567734956741","0.5343567734956741","0.3839877834916115","0.3839877834916115","0.3839877834916115","0.5341825231909751","0.5341825231909751","0.5341825231909751","0.5336848139762879","0.5336848139762879","0.5336848139762879","0.38243120044469836","0.38243120044469836","0.38243120044469836","0.3808921352028847","0.3808921352028847","0.3808921352028847"
"32300","0.5370853018760681","0.5370853018760681","0.5370853018760681","0.38854781925678256","0.38854781925678256","0.38854781925678256","0.5340384259819985","0.5340384259819985","0.5340384259819985","0.3882822751998901","0.3882822751998901","0.3882822751998901","0.5290937572717667","0.5290937572717667","0.5290937572717667","0.3763764813542366","0.3763764813542366","0.3763764813542366","0.5262695211172104","0.5262695211172104","0.5262695211172104","0.528599596619606","0.528599596619606","0.528599596619606","0.37777932107448575","0.37777932107448575","0.37777932107448575","0.3794525650143623","0.3794525650143623","0.3794525650143623"
"32400","0.5369303250312805","0.5369303250312805","0.5369303250312805","0.38490869164466857","0.38490869164466857","0.38490869164466857","0.5334314426779747","0.5334314426779747","0.5334314426779747","0.3838337406516075","0.3838337406516075","0.3838337406516075","0.5348046335577965","0.5348046335577965","0.5348046335577965","0.38636755853891375","0.38636755853891375","0.38636755853891375","0.5301847666501999","0.5301847666501999","0.5301847666501999","0.537886146903038","0.537886146903038","0.537886146903038","0.3866345563530922","0.3866345563530922","0.3866345563530922","0.3791277876496315","0.3791277876496315","0.3791277876496315"
"32500","0.5354439881443978","0.5354439881443978","0.5354439881443978","0.3854240795969963","0.3854240795969963","0.3854240795969963","0.5350378370285034","0.5350378370285034","0.5350378370285034","0.3820007374882698","0.3820007374882698","0.3820007374882698","0.5325105485320091","0.5325105485320091","0.5325105485320091","0.37451050877571107","0.37451050877571107","0.37451050877571107","0.5319285842776299","0.5319285842776299","0.5319285842776299","0.5330637538433075","0.5330637538433075","0.5330637538433075","0.37418039023876193","0.37418039023876193","0.37418039023876193","0.38289248555898664","0.38289248555898664","0.38289248555898664"
"32600","0.5395675447583198","0.5395675447583198","0.5395675447583198","0.38957649350166323","0.38957649350166323","0.38957649350166323","0.5318817648291588","0.5318817648291588","0.5318817648291588","0.38441520124673845","0.38441520124673845","0.38441520124673845","0.5331347391009331","0.5331347391009331","0.5331347391009331","0.3883394181728363","0.3883394181728363","0.3883394181728363","0.5341475096344948","0.5341475096344948","0.5341475096344948","0.5277544942498207","0.5277544942498207","0.5277544942498207","0.38440289586782456","0.38440289586782456","0.38440289586782456","0.3801135429739952","0.3801135429739952","0.3801135429739952"
"32700","0.535415367782116","0.535415367782116","0.535415367782116","0.38522697269916534","0.38522697269916534","0.38522697269916534","0.529576128423214","0.529576128423214","0.529576128423214","0.38262876093387604","0.38262876093387604","0.38262876093387604","0.5243470975756646","0.5243470975756646","0.5243470975756646","0.379314152598381","0.379314152598381","0.379314152598381","0.5277837789058686","0.5277837789058686","0.5277837789058686","0.5305818021297455","0.5305818021297455","0.5305818021297455","0.38156420916318895","0.38156420916318895","0.38156420916318895","0.3845659106969833","0.3845659106969833","0.3845659106969833"
"32800","0.5369296008348465","0.5369296008348465","0.5369296008348465","0.3887456870079041","0.3887456870079041","0.3887456870079041","0.5285216477513314","0.5285216477513314","0.5285216477513314","0.38112252712249756","0.38112252712249756","0.38112252712249756","0.5357753810286522","0.5357753810286522","0.5357753810286522","0.38414742678403857","0.38414742678403857","0.38414742678403857","0.5341875857114792","0.5341875857114792","0.5341875857114792","0.5357835406064987","0.5357835406064987","0.5357835406064987","0.3848830386996269","0.3848830386996269","0.3848830386996269","0.3796695485711098","0.3796695485711098","0.3796695485711098"
"32900","0.5299023798108101","0.5299023798108101","0.5299023798108101","0.3803098803758621","0.3803098803758621","0.3803098803758621","0.5278604155778885","0.5278604155778885","0.5278604155778885","0.37710435450077057","0.37710435450077057","0.37710435450077057","0.5311790868639946","0.5311790868639946","0.5311790868639946","0.3850045010447502","0.3850045010447502","0.3850045010447502","0.5332916912436485","0.5332916912436485","0.5332916912436485","0.5344397577643395","0.5344397577643395","0.5344397577643395","0.3756959202885628","0.3756959202885628","0.3756959202885628","0.37887378871440885","0.37887378871440885","0.37887378871440885"
"33000","0.5357992368936538","0.5357992368936538","0.5357992368936538","0.38434668242931364","0.38434668242931364","0.38434668242931364","0.533232030570507","0.533232030570507","0.533232030570507","0.3809521323442459","0.3809521323442459","0.3809521323442459","0.5289140802621841","0.5289140802621841","0.5289140802621841","0.37954977780580523","0.37954977780580523","0.37954977780580523","0.5370200833678246","0.5370200833678246","0.5370200833678246","0.5323104190826417","0.5323104190826417","0.5323104190826417","0.38174080073833466","0.38174080073833466","0.38174080073833466","0.3802444988489151","0.3802444988489151","0.3802444988489151"
"33100","0.5333554124832154","0.5333554124832154","0.5333554124832154","0.380278707742691","0.380278707742691","0.380278707742691","0.5260741141438484","0.5260741141438484","0.5260741141438484","0.378911435008049","0.378911435008049","0.378911435008049","0.5296200165152549","0.5296200165152549","0.5296200165152549","0.3797284957766533","0.3797284957766533","0.3797284957766533","0.5314552044868469","0.5314552044868469","0.5314552044868469","0.5328981652855873","0.5328981652855873","0.5328981652855873","0.3814440166950226","0.3814440166950226","0.3814440166950226","0.3757630115747452","0.3757630115747452","0.3757630115747452"
"33200","0.5399449157714844","0.5399449157714844","0.5399449157714844","0.37547416538000106","0.37547416538000106","0.37547416538000106","0.5306024605035782","0.5306024605035782","0.5306024605035782","0.3771401950716972","0.3771401950716972","0.3771401950716972","0.5287527245283127","0.5287527245283127","0.5287527245283127","0.3822940596938133","0.3822940596938133","0.3822940596938133","0.5275792196393013","0.5275792196393013","0.5275792196393013","0.5332016116380691","0.5332016116380691","0.5332016116380691","0.3806497144699097","0.3806497144699097","0.3806497144699097","0.38114313185215","0.38114313185215","0.38114313185215"
"33300","0.5304863771796227","0.5304863771796227","0.5304863771796227","0.3795596843957901","0.3795596843957901","0.3795596843957901","0.5327693539857864","0.5327693539857864","0.5327693539857864","0.3833184418082237","0.3833184418082237","0.3833184418082237","0.5367761233448982","0.5367761233448982","0.5367761233448982","0.38368109226226804","0.38368109226226804","0.38368109226226804","0.5291867655515671","0.5291867655515671","0.5291867655515671","0.5252117022871972","0.5252117022871972","0.5252117022871972","0.38443131268024444","0.38443131268024444","0.38443131268024444","0.3714903572201729","0.3714903572201729","0.3714903572201729"
"33400","0.5337978890538215","0.5337978890538215","0.5337978890538215","0.38204105079174044","0.38204105079174044","0.38204105079174044","0.53147237688303","0.53147237688303","0.53147237688303","0.3836412143707275","0.3836412143707275","0.3836412143707275","0.5320377767086029","0.5320377767086029","0.5320377767086029","0.3816578355431557","0.3816578355431557","0.3816578355431557","0.5275457534193992","0.5275457534193992","0.5275457534193992","0.531511450111866","0.531511450111866","0.531511450111866","0.37983954668045045","0.37983954668045045","0.37983954668045045","0.37479793667793276","0.37479793667793276","0.37479793667793276"
"33500","0.5350935587286949","0.5350935587286949","0.5350935587286949","0.3855769702792168","0.3855769702792168","0.3855769702792168","0.5354669561982155","0.5354669561982155","0.5354669561982155","0.37740481495857237","0.37740481495857237","0.37740481495857237","0.5333834525942802","0.5333834525942802","0.5333834525942802","0.38102871388196946","0.38102871388196946","0.38102871388196946","0.5308309748768807","0.5308309748768807","0.5308309748768807","0.5366932126879692","0.5366932126879692","0.5366932126879692","0.3826516896486282","0.3826516896486282","0.3826516896486282","0.38312364131212234","0.38312364131212234","0.38312364131212234"
"33600","0.5332327771186829","0.5332327771186829","0.5332327771186829","0.3773299047350884","0.3773299047350884","0.3773299047350884","0.5298983958363533","0.5298983958363533","0.5298983958363533","0.38580547481775285","0.38580547481775285","0.38580547481775285","0.5310171020030975","0.5310171020030975","0.5310171020030975","0.38724943667650225","0.38724943667650225","0.38724943667650225","0.5318339446187019","0.5318339446187019","0.5318339446187019","0.532658252120018","0.532658252120018","0.532658252120018","0.37628985941410065","0.37628985941410065","0.37628985941410065","0.3803262129426003","0.3803262129426003","0.3803262129426003"
"33700","0.530183002948761","0.530183002948761","0.530183002948761","0.3817525142431259","0.3817525142431259","0.3817525142431259","0.5299028196930885","0.5299028196930885","0.5299028196930885","0.3793434706330299","0.3793434706330299","0.3793434706330299","0.5310956403613091","0.5310956403613091","0.5310956403613091","0.37559609323740006","0.37559609323740006","0.37559609323740006","0.5338352635502815","0.5338352635502815","0.5338352635502815","0.5308499720692634","0.5308499720692634","0.5308499720692634","0.37654893547296525","0.37654893547296525","0.37654893547296525","0.3800169947743416","0.3800169947743416","0.3800169947743416"
"33800","0.5366445404291152","0.5366445404291152","0.5366445404291152","0.38259626269340513","0.38259626269340513","0.38259626269340513","0.5370735299587249","0.5370735299587249","0.5370735299587249","0.38250120371580126","0.38250120371580126","0.38250120371580126","0.5374772191047669","0.5374772191047669","0.5374772191047669","0.3795975822210312","0.3795975822210312","0.3795975822210312","0.5345221680402755","0.5345221680402755","0.5345221680402755","0.5335601586103439","0.5335601586103439","0.5335601586103439","0.3817594987154007","0.3817594987154007","0.3817594987154007","0.38342861413955687","0.38342861413955687","0.38342861413955687"
"33900","0.533426795899868","0.533426795899868","0.533426795899868","0.3826669558882713","0.3826669558882713","0.3826669558882713","0.537244419157505","0.537244419157505","0.537244419157505","0.38389918476343154","0.38389918476343154","0.38389918476343154","0.5314972460269928","0.5314972460269928","0.5314972460269928","0.37823409467935565","0.37823409467935565","0.37823409467935565","0.5349309715628624","0.5349309715628624","0.5349309715628624","0.5283276388049125","0.5283276388049125","0.5283276388049125","0.37957552790641785","0.37957552790641785","0.37957552790641785","0.38030486047267914","0.38030486047267914","0.38030486047267914"
"34000","0.5337611210346221","0.5337611210346221","0.5337611210346221","0.3749778124690056","0.3749778124690056","0.3749778124690056","0.5388305723667145","0.5388305723667145","0.5388305723667145","0.38369663923978803","0.38369663923978803","0.38369663923978803","0.5339000922441482","0.5339000922441482","0.5339000922441482","0.38011953741312027","0.38011953741312027","0.38011953741312027","0.5256773567199707","0.5256773567199707","0.5256773567199707","0.5320735746622085","0.5320735746622085","0.5320735746622085","0.3806801891326904","0.3806801891326904","0.3806801891326904","0.38162609964609145","0.38162609964609145","0.38162609964609145"
"34100","0.5331822282075882","0.5331822282075882","0.5331822282075882","0.3790754073858261","0.3790754073858261","0.3790754073858261","0.5323173269629479","0.5323173269629479","0.5323173269629479","0.3794668182730675","0.3794668182730675","0.3794668182730675","0.5407811683416367","0.5407811683416367","0.5407811683416367","0.3883601066470146","0.3883601066470146","0.3883601066470146","0.5273342287540436","0.5273342287540436","0.5273342287540436","0.5304087281227112","0.5304087281227112","0.5304087281227112","0.37576033353805544","0.37576033353805544","0.37576033353805544","0.3807690969109535","0.3807690969109535","0.3807690969109535"
"34200","0.5335705909132957","0.5335705909132957","0.5335705909132957","0.3911231827735901","0.3911231827735901","0.3911231827735901","0.5286743086576462","0.5286743086576462","0.5286743086576462","0.3742398738861084","0.3742398738861084","0.3742398738861084","0.5258897215127945","0.5258897215127945","0.5258897215127945","0.38138956636190413","0.38138956636190413","0.38138956636190413","0.5292901030182838","0.5292901030182838","0.5292901030182838","0.541555460691452","0.541555460691452","0.541555460691452","0.3837472200393677","0.3837472200393677","0.3837472200393677","0.3818952509760857","0.3818952509760857","0.3818952509760857"
"34300","0.533022241294384","0.533022241294384","0.533022241294384","0.37660001575946805","0.37660001575946805","0.37660001575946805","0.528188919723034","0.528188919723034","0.528188919723034","0.38462660104036334","0.38462660104036334","0.38462660104036334","0.5294000419974327","0.5294000419974327","0.5294000419974327","0.38167881339788434","0.38167881339788434","0.38167881339788434","0.5372206997871399","0.5372206997871399","0.5372206997871399","0.5384828174114227","0.5384828174114227","0.5384828174114227","0.38317815989255904","0.38317815989255904","0.38317815989255904","0.38180277436971666","0.38180277436971666","0.38180277436971666"
"34400","0.5347402307391167","0.5347402307391167","0.5347402307391167","0.3831965798139572","0.3831965798139572","0.3831965798139572","0.5298514863848687","0.5298514863848687","0.5298514863848687","0.37928394705057145","0.37928394705057145","0.37928394705057145","0.5310910066962242","0.5310910066962242","0.5310910066962242","0.38272549480199813","0.38272549480199813","0.38272549480199813","0.5309013652801514","0.5309013652801514","0.5309013652801514","0.5296340218186378","0.5296340218186378","0.5296340218186378","0.38209223091602323","0.38209223091602323","0.38209223091602323","0.37962643086910247","0.37962643086910247","0.37962643086910247"
"34500","0.5367667582631112","0.5367667582631112","0.5367667582631112","0.38455938071012497","0.38455938071012497","0.38455938071012497","0.5317084023356438","0.5317084023356438","0.5317084023356438","0.381469666659832","0.381469666659832","0.381469666659832","0.5335998558998107","0.5335998558998107","0.5335998558998107","0.38135859847068787","0.38135859847068787","0.38135859847068787","0.5334250503778457","0.5334250503778457","0.5334250503778457","0.5320336306095124","0.5320336306095124","0.5320336306095124","0.37797783643007277","0.37797783643007277","0.37797783643007277","0.38698326200246813","0.38698326200246813","0.38698326200246813"
"34600","0.5407849723100662","0.5407849723100662","0.5407849723100662","0.3854925408959389","0.3854925408959389","0.3854925408959389","0.532249786555767","0.532249786555767","0.532249786555767","0.37610034286975863","0.37610034286975863","0.37610034286975863","0.5296513187885284","0.5296513187885284","0.5296513187885284","0.3762305736541748","0.3762305736541748","0.3762305736541748","0.5290283873677254","0.5290283873677254","0.5290283873677254","0.5337654122710228","0.5337654122710228","0.5337654122710228","0.38013705879449844","0.38013705879449844","0.38013705879449844","0.38757418632507323","0.38757418632507323","0.38757418632507323"
"34700","0.5357300910353661","0.5357300910353661","0.5357300910353661","0.37725045055150985","0.37725045055150985","0.37725045055150985","0.5375497907400131","0.5375497907400131","0.5375497907400131","0.38441685706377027","0.38441685706377027","0.38441685706377027","0.5282955086231231","0.5282955086231231","0.5282955086231231","0.37868760764598847","0.37868760764598847","0.37868760764598847","0.5355932259559631","0.5355932259559631","0.5355932259559631","0.5351074567437172","0.5351074567437172","0.5351074567437172","0.3836045670509338","0.3836045670509338","0.3836045670509338","0.38046807497739793","0.38046807497739793","0.38046807497739793"
"34800","0.5290245303511619","0.5290245303511619","0.5290245303511619","0.3847789168357849","0.3847789168357849","0.3847789168357849","0.530875945687294","0.530875945687294","0.530875945687294","0.38112786173820495","0.38112786173820495","0.38112786173820495","0.5380744931101799","0.5380744931101799","0.5380744931101799","0.3823478734493256","0.3823478734493256","0.3823478734493256","0.5302724730968476","0.5302724730968476","0.5302724730968476","0.5342491626739502","0.5342491626739502","0.5342491626739502","0.3824092927575111","0.3824092927575111","0.3824092927575111","0.38751054674386975","0.38751054674386975","0.38751054674386975"
"34900","0.5305121520161629","0.5305121520161629","0.5305121520161629","0.37408529430627824","0.37408529430627824","0.37408529430627824","0.5332659488916397","0.5332659488916397","0.5332659488916397","0.3837710684537888","0.3837710684537888","0.3837710684537888","0.5413289588689804","0.5413289588689804","0.5413289588689804","0.3879367884993553","0.3879367884993553","0.3879367884993553","0.5282148680090905","0.5282148680090905","0.5282148680090905","0.535385643541813","0.535385643541813","0.535385643541813","0.3685165584087372","0.3685165584087372","0.3685165584087372","0.38226898163557055","0.38226898163557055","0.38226898163557055"
"35000","0.530255433022976","0.530255433022976","0.530255433022976","0.3772779631614685","0.3772779631614685","0.3772779631614685","0.531584264934063","0.531584264934063","0.531584264934063","0.3830012992024422","0.3830012992024422","0.3830012992024422","0.5358017206192016","0.5358017206192016","0.5358017206192016","0.3814400246739387","0.3814400246739387","0.3814400246739387","0.5263883274793625","0.5263883274793625","0.5263883274793625","0.5378516510128974","0.5378516510128974","0.5378516510128974","0.3812856248021126","0.3812856248021126","0.3812856248021126","0.3788417971134186","0.3788417971134186","0.3788417971134186"
"35100","0.5299148866534233","0.5299148866534233","0.5299148866534233","0.385034521818161","0.385034521818161","0.385034521818161","0.5291238009929657","0.5291238009929657","0.5291238009929657","0.3768468657135963","0.3768468657135963","0.3768468657135963","0.5311319231987","0.5311319231987","0.5311319231987","0.3822862637042999","0.3822862637042999","0.3822862637042999","0.5360079252719879","0.5360079252719879","0.5360079252719879","0.526656703054905","0.526656703054905","0.526656703054905","0.38087235629558563","0.38087235629558563","0.38087235629558563","0.3770445394515991","0.3770445394515991","0.3770445394515991"
"35200","0.5358268409967423","0.5358268409967423","0.5358268409967423","0.37778355568647387","0.37778355568647387","0.37778355568647387","0.5319119825959205","0.5319119825959205","0.5319119825959205","0.3836901631951332","0.3836901631951332","0.3836901631951332","0.5339782771468162","0.5339782771468162","0.5339782771468162","0.3820502334833145","0.3820502334833145","0.3820502334833145","0.5391055390238761","0.5391055390238761","0.5391055390238761","0.5317575371265412","0.5317575371265412","0.5317575371265412","0.377707579433918","0.377707579433918","0.377707579433918","0.38169607281684875","0.38169607281684875","0.38169607281684875"
"35300","0.5382597479224205","0.5382597479224205","0.5382597479224205","0.38089009702205656","0.38089009702205656","0.38089009702205656","0.5298029360175133","0.5298029360175133","0.5298029360175133","0.3810183697938919","0.3810183697938919","0.3810183697938919","0.5325981575250626","0.5325981575250626","0.5325981575250626","0.38242009699344637","0.38242009699344637","0.38242009699344637","0.5341052857041358","0.5341052857041358","0.5341052857041358","0.5282387486100197","0.5282387486100197","0.5282387486100197","0.38152678579092025","0.38152678579092025","0.38152678579092025","0.38519281774759295","0.38519281774759295","0.38519281774759295"