"Step","biogrid_exp_match_seed314 - train/avg_pos","biogrid_exp_match_seed314 - train/avg_pos__MIN","biogrid_exp_match_seed314 - train/avg_pos__MAX","biogrid_exp_nomatch_seed314 - train/avg_pos","biogrid_exp_nomatch_seed314 - train/avg_pos__MIN","biogrid_exp_nomatch_seed314 - train/avg_pos__MAX","biogrid_exp_match_seed550 - train/avg_pos","biogrid_exp_match_seed550 - train/avg_pos__MIN","biogrid_exp_match_seed550 - train/avg_pos__MAX","biogrid_exp_nomatch_seed550 - train/avg_pos","biogrid_exp_nomatch_seed550 - train/avg_pos__MIN","biogrid_exp_nomatch_seed550 - train/avg_pos__MAX","biogrid_exp_match_seed576 - train/avg_pos","biogrid_exp_match_seed576 - train/avg_pos__MIN","biogrid_exp_match_seed576 - train/avg_pos__MAX","biogrid_exp_nomatch_seed576 - train/avg_pos","biogrid_exp_nomatch_seed576 - train/avg_pos__MIN","biogrid_exp_nomatch_seed576 - train/avg_pos__MAX","biogrid_exp_match_seed842 - train/avg_pos","biogrid_exp_match_seed842 - train/avg_pos__MIN","biogrid_exp_match_seed842 - train/avg_pos__MAX","biogrid_exp_match_seed669 - train/avg_pos","biogrid_exp_match_seed669 - train/avg_pos__MIN","biogrid_exp_match_seed669 - train/avg_pos__MAX","biogrid_exp_nomatch_seed842 - train/avg_pos","biogrid_exp_nomatch_seed842 - train/avg_pos__MIN","biogrid_exp_nomatch_seed842 - train/avg_pos__MAX","biogrid_exp_nomatch_seed669 - train/avg_pos","biogrid_exp_nomatch_seed669 - train/avg_pos__MIN","biogrid_exp_nomatch_seed669 - train/avg_pos__MAX"
"100","0.5315603017807007","0.5315603017807007","0.5315603017807007","0.5580354332923889","0.5580354332923889","0.5580354332923889","0.5336633324623108","0.5336633324623108","0.5336633324623108","0.5598531365394592","0.5598531365394592","0.5598531365394592","0.5527520179748535","0.5527520179748535","0.5527520179748535","0.5724866390228271","0.5724866390228271","0.5724866390228271","0.5401859879493713","0.5401859879493713","0.5401859879493713","0.5329685807228088","0.5329685807228088","0.5329685807228088","0.5640040040016174","0.5640040040016174","0.5640040040016174","0.5769921541213989","0.5769921541213989","0.5769921541213989"
"200","0.5855521559715271","0.5855521559715271","0.5855521559715271","0.6977516412734985","0.6977516412734985","0.6977516412734985","0.57477205991745","0.57477205991745","0.57477205991745","0.7574741244316101","0.7574741244316101","0.7574741244316101","0.5833399295806885","0.5833399295806885","0.5833399295806885","0.7371582984924316","0.7371582984924316","0.7371582984924316","0.5881626605987549","0.5881626605987549","0.5881626605987549","0.5756023526191711","0.5756023526191711","0.5756023526191711","0.697723388671875","0.697723388671875","0.697723388671875","0.7461179494857788","0.7461179494857788","0.7461179494857788"
"300","0.5794664621353149","0.5794664621353149","0.5794664621353149","0.7823761701583862","0.7823761701583862","0.7823761701583862","0.5870578289031982","0.5870578289031982","0.5870578289031982","0.7954034209251404","0.7954034209251404","0.7954034209251404","0.5885652899742126","0.5885652899742126","0.5885652899742126","0.8007408380508423","0.8007408380508423","0.8007408380508423","0.5975057482719421","0.5975057482719421","0.5975057482719421","0.5901541709899902","0.5901541709899902","0.5901541709899902","0.7859663963317871","0.7859663963317871","0.7859663963317871","0.7951238751411438","0.7951238751411438","0.7951238751411438"
"400","0.598864734172821","0.598864734172821","0.598864734172821","0.8170560598373413","0.8170560598373413","0.8170560598373413","0.5962426066398621","0.5962426066398621","0.5962426066398621","0.8023101687431335","0.8023101687431335","0.8023101687431335","0.5930097699165344","0.5930097699165344","0.5930097699165344","0.8181451559066772","0.8181451559066772","0.8181451559066772","0.5951346755027771","0.5951346755027771","0.5951346755027771","0.5906745791435242","0.5906745791435242","0.5906745791435242","0.8104214668273926","0.8104214668273926","0.8104214668273926","0.8120255470275879","0.8120255470275879","0.8120255470275879"
"500","0.5961976051330566","0.5961976051330566","0.5961976051330566","0.8206416964530945","0.8206416964530945","0.8206416964530945","0.5954394340515137","0.5954394340515137","0.5954394340515137","0.8140710592269897","0.8140710592269897","0.8140710592269897","0.5936561822891235","0.5936561822891235","0.5936561822891235","0.8221399188041687","0.8221399188041687","0.8221399188041687","0.6006619930267334","0.6006619930267334","0.6006619930267334","0.6012588143348694","0.6012588143348694","0.6012588143348694","0.8200068473815918","0.8200068473815918","0.8200068473815918","0.8143090605735779","0.8143090605735779","0.8143090605735779"
"600","0.5961989760398865","0.5961989760398865","0.5961989760398865","0.8210338354110718","0.8210338354110718","0.8210338354110718","0.6020476818084717","0.6020476818084717","0.6020476818084717","0.8250440955162048","0.8250440955162048","0.8250440955162048","0.6027894020080566","0.6027894020080566","0.6027894020080566","0.8192272782325745","0.8192272782325745","0.8192272782325745","0.6000407338142395","0.6000407338142395","0.6000407338142395","0.5979388952255249","0.5979388952255249","0.5979388952255249","0.8147247433662415","0.8147247433662415","0.8147247433662415","0.8218604326248169","0.8218604326248169","0.8218604326248169"
"700","0.5957194566726685","0.5957194566726685","0.5957194566726685","0.8279492259025574","0.8279492259025574","0.8279492259025574","0.6059898138046265","0.6059898138046265","0.6059898138046265","0.8276501297950745","0.8276501297950745","0.8276501297950745","0.5966342687606812","0.5966342687606812","0.5966342687606812","0.8307991027832031","0.8307991027832031","0.8307991027832031","0.5957496166229248","0.5957496166229248","0.5957496166229248","0.6020438075065613","0.6020438075065613","0.6020438075065613","0.8353936672210693","0.8353936672210693","0.8353936672210693","0.8274067640304565","0.8274067640304565","0.8274067640304565"
"800","0.6058967709541321","0.6058967709541321","0.6058967709541321","0.8378466963768005","0.8378466963768005","0.8378466963768005","0.5979551076889038","0.5979551076889038","0.5979551076889038","0.8348026275634766","0.8348026275634766","0.8348026275634766","0.6085481643676758","0.6085481643676758","0.6085481643676758","0.8269318342208862","0.8269318342208862","0.8269318342208862","0.6078534126281738","0.6078534126281738","0.6078534126281738","0.6075325608253479","0.6075325608253479","0.6075325608253479","0.8291102647781372","0.8291102647781372","0.8291102647781372","0.8386649489402771","0.8386649489402771","0.8386649489402771"
"900","0.6130441427230835","0.6130441427230835","0.6130441427230835","0.8354547619819641","0.8354547619819641","0.8354547619819641","0.6059393882751465","0.6059393882751465","0.6059393882751465","0.8380333185195923","0.8380333185195923","0.8380333185195923","0.6083681583404541","0.6083681583404541","0.6083681583404541","0.8286451697349548","0.8286451697349548","0.8286451697349548","0.5997459888458252","0.5997459888458252","0.5997459888458252","0.6019996404647827","0.6019996404647827","0.6019996404647827","0.8310499787330627","0.8310499787330627","0.8310499787330627","0.8410829305648804","0.8410829305648804","0.8410829305648804"
"1000","0.5962082743644714","0.5962082743644714","0.5962082743644714","0.8371943831443787","0.8371943831443787","0.8371943831443787","0.6126785278320312","0.6126785278320312","0.6126785278320312","0.8318781852722168","0.8318781852722168","0.8318781852722168","0.610183596611023","0.610183596611023","0.610183596611023","0.8372730016708374","0.8372730016708374","0.8372730016708374","0.597603976726532","0.597603976726532","0.597603976726532","0.6086148619651794","0.6086148619651794","0.6086148619651794","0.8363304734230042","0.8363304734230042","0.8363304734230042","0.8348323702812195","0.8348323702812195","0.8348323702812195"
"1100","0.6064258813858032","0.6064258813858032","0.6064258813858032","0.8415679931640625","0.8415679931640625","0.8415679931640625","0.6005008816719055","0.6005008816719055","0.6005008816719055","0.8438783288002014","0.8438783288002014","0.8438783288002014","0.6095837950706482","0.6095837950706482","0.6095837950706482","0.8440796136856079","0.8440796136856079","0.8440796136856079","0.6070666909217834","0.6070666909217834","0.6070666909217834","0.6115871667861938","0.6115871667861938","0.6115871667861938","0.8412347435951233","0.8412347435951233","0.8412347435951233","0.8371984362602234","0.8371984362602234","0.8371984362602234"
"1200","0.6048359870910645","0.6048359870910645","0.6048359870910645","0.8462826609611511","0.8462826609611511","0.8462826609611511","0.6104390025138855","0.6104390025138855","0.6104390025138855","0.8417538404464722","0.8417538404464722","0.8417538404464722","0.6071918606758118","0.6071918606758118","0.6071918606758118","0.8425449132919312","0.8425449132919312","0.8425449132919312","0.5973889231681824","0.5973889231681824","0.5973889231681824","0.6105949282646179","0.6105949282646179","0.6105949282646179","0.8512778282165527","0.8512778282165527","0.8512778282165527","0.8475792407989502","0.8475792407989502","0.8475792407989502"
"1300","0.6180171370506287","0.6180171370506287","0.6180171370506287","0.8431513905525208","0.8431513905525208","0.8431513905525208","0.6075550317764282","0.6075550317764282","0.6075550317764282","0.8490747809410095","0.8490747809410095","0.8490747809410095","0.6113941073417664","0.6113941073417664","0.6113941073417664","0.8521338105201721","0.8521338105201721","0.8521338105201721","0.6135414838790894","0.6135414838790894","0.6135414838790894","0.6116757392883301","0.6116757392883301","0.6116757392883301","0.8456181883811951","0.8456181883811951","0.8456181883811951","0.83684903383255","0.83684903383255","0.83684903383255"
"1400","0.6088249683380127","0.6088249683380127","0.6088249683380127","0.8416032195091248","0.8416032195091248","0.8416032195091248","0.61380934715271","0.61380934715271","0.61380934715271","0.8445312976837158","0.8445312976837158","0.8445312976837158","0.6017318964004517","0.6017318964004517","0.6017318964004517","0.8455290794372559","0.8455290794372559","0.8455290794372559","0.6103873252868652","0.6103873252868652","0.6103873252868652","0.6169349551200867","0.6169349551200867","0.6169349551200867","0.8417201042175293","0.8417201042175293","0.8417201042175293","0.8495330214500427","0.8495330214500427","0.8495330214500427"
"1500","0.624086320400238","0.624086320400238","0.624086320400238","0.8467892408370972","0.8467892408370972","0.8467892408370972","0.6238383054733276","0.6238383054733276","0.6238383054733276","0.8496221303939819","0.8496221303939819","0.8496221303939819","0.6121071577072144","0.6121071577072144","0.6121071577072144","0.8507224917411804","0.8507224917411804","0.8507224917411804","0.6128034591674805","0.6128034591674805","0.6128034591674805","0.6172986626625061","0.6172986626625061","0.6172986626625061","0.8477628827095032","0.8477628827095032","0.8477628827095032","0.844115138053894","0.844115138053894","0.844115138053894"
"1600","0.6148426532745361","0.6148426532745361","0.6148426532745361","0.8495813608169556","0.8495813608169556","0.8495813608169556","0.6114411950111389","0.6114411950111389","0.6114411950111389","0.8537740111351013","0.8537740111351013","0.8537740111351013","0.6143441200256348","0.6143441200256348","0.6143441200256348","0.8478361368179321","0.8478361368179321","0.8478361368179321","0.616438090801239","0.616438090801239","0.616438090801239","0.6161260604858398","0.6161260604858398","0.6161260604858398","0.849226176738739","0.849226176738739","0.849226176738739","0.8438960909843445","0.8438960909843445","0.8438960909843445"
"1700","0.6174706816673279","0.6174706816673279","0.6174706816673279","0.8470947742462158","0.8470947742462158","0.8470947742462158","0.6136253476142883","0.6136253476142883","0.6136253476142883","0.8491207957267761","0.8491207957267761","0.8491207957267761","0.6130383014678955","0.6130383014678955","0.6130383014678955","0.8500339388847351","0.8500339388847351","0.8500339388847351","0.6250020861625671","0.6250020861625671","0.6250020861625671","0.6160364151000977","0.6160364151000977","0.6160364151000977","0.8542088866233826","0.8542088866233826","0.8542088866233826","0.8563622236251831","0.8563622236251831","0.8563622236251831"
"1800","0.6161089539527893","0.6161089539527893","0.6161089539527893","0.8519108295440674","0.8519108295440674","0.8519108295440674","0.6189615726470947","0.6189615726470947","0.6189615726470947","0.848915159702301","0.848915159702301","0.848915159702301","0.6337169408798218","0.6337169408798218","0.6337169408798218","0.8582385778427124","0.8582385778427124","0.8582385778427124","0.6083729267120361","0.6083729267120361","0.6083729267120361","0.619300365447998","0.619300365447998","0.619300365447998","0.8454349637031555","0.8454349637031555","0.8454349637031555","0.8522979021072388","0.8522979021072388","0.8522979021072388"
"1900","0.6242280602455139","0.6242280602455139","0.6242280602455139","0.8485038876533508","0.8485038876533508","0.8485038876533508","0.6151494979858398","0.6151494979858398","0.6151494979858398","0.8600031137466431","0.8600031137466431","0.8600031137466431","0.6140230298042297","0.6140230298042297","0.6140230298042297","0.8508570790290833","0.8508570790290833","0.8508570790290833","0.6293771266937256","0.6293771266937256","0.6293771266937256","0.6090677380561829","0.6090677380561829","0.6090677380561829","0.8581622838973999","0.8581622838973999","0.8581622838973999","0.8529911637306213","0.8529911637306213","0.8529911637306213"
"2000","0.6258535981178284","0.6258535981178284","0.6258535981178284","0.8574529886245728","0.8574529886245728","0.8574529886245728","0.6255411505699158","0.6255411505699158","0.6255411505699158","0.8531562685966492","0.8531562685966492","0.8531562685966492","0.6229198575019836","0.6229198575019836","0.6229198575019836","0.8531361222267151","0.8531361222267151","0.8531361222267151","0.6279245615005493","0.6279245615005493","0.6279245615005493","0.6203621625900269","0.6203621625900269","0.6203621625900269","0.8591188192367554","0.8591188192367554","0.8591188192367554","0.8583275675773621","0.8583275675773621","0.8583275675773621"
"2100","0.6310417652130127","0.6310417652130127","0.6310417652130127","0.8592265844345093","0.8592265844345093","0.8592265844345093","0.6148799061775208","0.6148799061775208","0.6148799061775208","0.8553900122642517","0.8553900122642517","0.8553900122642517","0.6305437684059143","0.6305437684059143","0.6305437684059143","0.8556273579597473","0.8556273579597473","0.8556273579597473","0.6262405514717102","0.6262405514717102","0.6262405514717102","0.6222854256629944","0.6222854256629944","0.6222854256629944","0.8478090763092041","0.8478090763092041","0.8478090763092041","0.8569643497467041","0.8569643497467041","0.8569643497467041"
"2200","0.621529221534729","0.621529221534729","0.621529221534729","0.8585551381111145","0.8585551381111145","0.8585551381111145","0.6127439141273499","0.6127439141273499","0.6127439141273499","0.8539463877677917","0.8539463877677917","0.8539463877677917","0.6363124251365662","0.6363124251365662","0.6363124251365662","0.8614299893379211","0.8614299893379211","0.8614299893379211","0.6183536648750305","0.6183536648750305","0.6183536648750305","0.6340881586074829","0.6340881586074829","0.6340881586074829","0.8643106818199158","0.8643106818199158","0.8643106818199158","0.8520597815513611","0.8520597815513611","0.8520597815513611"
"2300","0.6231408715248108","0.6231408715248108","0.6231408715248108","0.8482586145401001","0.8482586145401001","0.8482586145401001","0.6224817037582397","0.6224817037582397","0.6224817037582397","0.8573347330093384","0.8573347330093384","0.8573347330093384","0.6167028546333313","0.6167028546333313","0.6167028546333313","0.855223536491394","0.855223536491394","0.855223536491394","0.628597617149353","0.628597617149353","0.628597617149353","0.6130062937736511","0.6130062937736511","0.6130062937736511","0.8556820154190063","0.8556820154190063","0.8556820154190063","0.8575147986412048","0.8575147986412048","0.8575147986412048"
"2400","0.6235438585281372","0.6235438585281372","0.6235438585281372","0.8632469177246094","0.8632469177246094","0.8632469177246094","0.621931254863739","0.621931254863739","0.621931254863739","0.8535820841789246","0.8535820841789246","0.8535820841789246","0.6312063336372375","0.6312063336372375","0.6312063336372375","0.8553057312965393","0.8553057312965393","0.8553057312965393","0.6334339380264282","0.6334339380264282","0.6334339380264282","0.62209153175354","0.62209153175354","0.62209153175354","0.8583753705024719","0.8583753705024719","0.8583753705024719","0.8532257676124573","0.8532257676124573","0.8532257676124573"
"2500","0.6236402988433838","0.6236402988433838","0.6236402988433838","0.8633882403373718","0.8633882403373718","0.8633882403373718","0.6336824893951416","0.6336824893951416","0.6336824893951416","0.865424394607544","0.865424394607544","0.865424394607544","0.6251334547996521","0.6251334547996521","0.6251334547996521","0.8566180467605591","0.8566180467605591","0.8566180467605591","0.6304274201393127","0.6304274201393127","0.6304274201393127","0.6320856809616089","0.6320856809616089","0.6320856809616089","0.8658971190452576","0.8658971190452576","0.8658971190452576","0.8602224588394165","0.8602224588394165","0.8602224588394165"
"2600","0.6396506428718567","0.6396506428718567","0.6396506428718567","0.867239236831665","0.867239236831665","0.867239236831665","0.6335415840148926","0.6335415840148926","0.6335415840148926","0.8657814264297485","0.8657814264297485","0.8657814264297485","0.6245901584625244","0.6245901584625244","0.6245901584625244","0.8568177223205566","0.8568177223205566","0.8568177223205566","0.6268214583396912","0.6268214583396912","0.6268214583396912","0.6278828978538513","0.6278828978538513","0.6278828978538513","0.8624937534332275","0.8624937534332275","0.8624937534332275","0.8637403249740601","0.8637403249740601","0.8637403249740601"
"2700","0.627210795879364","0.627210795879364","0.627210795879364","0.8580973148345947","0.8580973148345947","0.8580973148345947","0.6159698963165283","0.6159698963165283","0.6159698963165283","0.8577205538749695","0.8577205538749695","0.8577205538749695","0.6350916028022766","0.6350916028022766","0.6350916028022766","0.8593196272850037","0.8593196272850037","0.8593196272850037","0.627119243144989","0.627119243144989","0.627119243144989","0.6352807283401489","0.6352807283401489","0.6352807283401489","0.8584588766098022","0.8584588766098022","0.8584588766098022","0.8603245615959167","0.8603245615959167","0.8603245615959167"
"2800","0.6356937289237976","0.6356937289237976","0.6356937289237976","0.862139880657196","0.862139880657196","0.862139880657196","0.6284773945808411","0.6284773945808411","0.6284773945808411","0.8577852845191956","0.8577852845191956","0.8577852845191956","0.6387092471122742","0.6387092471122742","0.6387092471122742","0.8600265383720398","0.8600265383720398","0.8600265383720398","0.6327673196792603","0.6327673196792603","0.6327673196792603","0.6246054172515869","0.6246054172515869","0.6246054172515869","0.8593160510063171","0.8593160510063171","0.8593160510063171","0.8546884655952454","0.8546884655952454","0.8546884655952454"
"2900","0.6340849995613098","0.6340849995613098","0.6340849995613098","0.861265242099762","0.861265242099762","0.861265242099762","0.6319530606269836","0.6319530606269836","0.6319530606269836","0.8584651947021484","0.8584651947021484","0.8584651947021484","0.6340033411979675","0.6340033411979675","0.6340033411979675","0.8603891134262085","0.8603891134262085","0.8603891134262085","0.6262181997299194","0.6262181997299194","0.6262181997299194","0.6351823210716248","0.6351823210716248","0.6351823210716248","0.8567101955413818","0.8567101955413818","0.8567101955413818","0.8590096831321716","0.8590096831321716","0.8590096831321716"
"3000","0.6383163928985596","0.6383163928985596","0.6383163928985596","0.8589478135108948","0.8589478135108948","0.8589478135108948","0.6254855990409851","0.6254855990409851","0.6254855990409851","0.8628429174423218","0.8628429174423218","0.8628429174423218","0.6392078995704651","0.6392078995704651","0.6392078995704651","0.8586299419403076","0.8586299419403076","0.8586299419403076","0.6346490383148193","0.6346490383148193","0.6346490383148193","0.6312827467918396","0.6312827467918396","0.6312827467918396","0.8616662621498108","0.8616662621498108","0.8616662621498108","0.8657902479171753","0.8657902479171753","0.8657902479171753"
"3100","0.6316608190536499","0.6316608190536499","0.6316608190536499","0.8616313934326172","0.8616313934326172","0.8616313934326172","0.6299973130226135","0.6299973130226135","0.6299973130226135","0.8593937158584595","0.8593937158584595","0.8593937158584595","0.641002893447876","0.641002893447876","0.641002893447876","0.8636103272438049","0.8636103272438049","0.8636103272438049","0.636976957321167","0.636976957321167","0.636976957321167","0.6325662136077881","0.6325662136077881","0.6325662136077881","0.8576911687850952","0.8576911687850952","0.8576911687850952","0.8724556565284729","0.8724556565284729","0.8724556565284729"
"3200","0.6322252154350281","0.6322252154350281","0.6322252154350281","0.8617525696754456","0.8617525696754456","0.8617525696754456","0.6477881669998169","0.6477881669998169","0.6477881669998169","0.8593553304672241","0.8593553304672241","0.8593553304672241","0.6314496994018555","0.6314496994018555","0.6314496994018555","0.8641960620880127","0.8641960620880127","0.8641960620880127","0.6321988105773926","0.6321988105773926","0.6321988105773926","0.6387483477592468","0.6387483477592468","0.6387483477592468","0.8576599359512329","0.8576599359512329","0.8576599359512329","0.8604369163513184","0.8604369163513184","0.8604369163513184"
"3300","0.637469470500946","0.637469470500946","0.637469470500946","0.8695502281188965","0.8695502281188965","0.8695502281188965","0.6394193172454834","0.6394193172454834","0.6394193172454834","0.8642728924751282","0.8642728924751282","0.8642728924751282","0.6364450454711914","0.6364450454711914","0.6364450454711914","0.8588385581970215","0.8588385581970215","0.8588385581970215","0.6369946002960205","0.6369946002960205","0.6369946002960205","0.6425635814666748","0.6425635814666748","0.6425635814666748","0.8688361644744873","0.8688361644744873","0.8688361644744873","0.8636221885681152","0.8636221885681152","0.8636221885681152"
"3400","0.6430351138114929","0.6430351138114929","0.6430351138114929","0.8681368231773376","0.8681368231773376","0.8681368231773376","0.632482647895813","0.632482647895813","0.632482647895813","0.8582025170326233","0.8582025170326233","0.8582025170326233","0.635149359703064","0.635149359703064","0.635149359703064","0.8667264580726624","0.8667264580726624","0.8667264580726624","0.6324636340141296","0.6324636340141296","0.6324636340141296","0.6369763612747192","0.6369763612747192","0.6369763612747192","0.8656792640686035","0.8656792640686035","0.8656792640686035","0.8553842306137085","0.8553842306137085","0.8553842306137085"
"3500","0.6414255499839783","0.6414255499839783","0.6414255499839783","0.8648062944412231","0.8648062944412231","0.8648062944412231","0.6302699446678162","0.6302699446678162","0.6302699446678162","0.8631376624107361","0.8631376624107361","0.8631376624107361","0.6332693696022034","0.6332693696022034","0.6332693696022034","0.8635070323944092","0.8635070323944092","0.8635070323944092","0.6259403824806213","0.6259403824806213","0.6259403824806213","0.645415723323822","0.645415723323822","0.645415723323822","0.8574069738388062","0.8574069738388062","0.8574069738388062","0.862569272518158","0.862569272518158","0.862569272518158"
"3600","0.6398774981498718","0.6398774981498718","0.6398774981498718","0.8624641299247742","0.8624641299247742","0.8624641299247742","0.644279956817627","0.644279956817627","0.644279956817627","0.8683063387870789","0.8683063387870789","0.8683063387870789","0.6501361727714539","0.6501361727714539","0.6501361727714539","0.8707117438316345","0.8707117438316345","0.8707117438316345","0.6410794258117676","0.6410794258117676","0.6410794258117676","0.6311774253845215","0.6311774253845215","0.6311774253845215","0.8653045892715454","0.8653045892715454","0.8653045892715454","0.8628250360488892","0.8628250360488892","0.8628250360488892"
"3700","0.6377885341644287","0.6377885341644287","0.6377885341644287","0.8695622086524963","0.8695622086524963","0.8695622086524963","0.6495686173439026","0.6495686173439026","0.6495686173439026","0.8688054084777832","0.8688054084777832","0.8688054084777832","0.6466845870018005","0.6466845870018005","0.6466845870018005","0.8744081854820251","0.8744081854820251","0.8744081854820251","0.6397535800933838","0.6397535800933838","0.6397535800933838","0.6466988325119019","0.6466988325119019","0.6466988325119019","0.8694753050804138","0.8694753050804138","0.8694753050804138","0.8673362135887146","0.8673362135887146","0.8673362135887146"
"3800","0.6377594470977783","0.6377594470977783","0.6377594470977783","0.8648643493652344","0.8648643493652344","0.8648643493652344","0.6376897692680359","0.6376897692680359","0.6376897692680359","0.8601558208465576","0.8601558208465576","0.8601558208465576","0.6472854614257812","0.6472854614257812","0.6472854614257812","0.8677200078964233","0.8677200078964233","0.8677200078964233","0.6453921794891357","0.6453921794891357","0.6453921794891357","0.6408675909042358","0.6408675909042358","0.6408675909042358","0.8671422600746155","0.8671422600746155","0.8671422600746155","0.8614729046821594","0.8614729046821594","0.8614729046821594"
"3900","0.6517513394355774","0.6517513394355774","0.6517513394355774","0.8706115484237671","0.8706115484237671","0.8706115484237671","0.6433454751968384","0.6433454751968384","0.6433454751968384","0.8658527135848999","0.8658527135848999","0.8658527135848999","0.6491137742996216","0.6491137742996216","0.6491137742996216","0.8697288632392883","0.8697288632392883","0.8697288632392883","0.6347784399986267","0.6347784399986267","0.6347784399986267","0.6346311569213867","0.6346311569213867","0.6346311569213867","0.8649025559425354","0.8649025559425354","0.8649025559425354","0.8696241974830627","0.8696241974830627","0.8696241974830627"
"4000","0.641174852848053","0.641174852848053","0.641174852848053","0.8652305603027344","0.8652305603027344","0.8652305603027344","0.6334666609764099","0.6334666609764099","0.6334666609764099","0.8653244972229004","0.8653244972229004","0.8653244972229004","0.6456407904624939","0.6456407904624939","0.6456407904624939","0.8776098489761353","0.8776098489761353","0.8776098489761353","0.6384004354476929","0.6384004354476929","0.6384004354476929","0.6399751901626587","0.6399751901626587","0.6399751901626587","0.8621959090232849","0.8621959090232849","0.8621959090232849","0.8687350749969482","0.8687350749969482","0.8687350749969482"
"4100","0.6516990661621094","0.6516990661621094","0.6516990661621094","0.87314772605896","0.87314772605896","0.87314772605896","0.6431185007095337","0.6431185007095337","0.6431185007095337","0.8666240572929382","0.8666240572929382","0.8666240572929382","0.6520147919654846","0.6520147919654846","0.6520147919654846","0.8733344078063965","0.8733344078063965","0.8733344078063965","0.6421661376953125","0.6421661376953125","0.6421661376953125","0.6491246223449707","0.6491246223449707","0.6491246223449707","0.8667137622833252","0.8667137622833252","0.8667137622833252","0.869018018245697","0.869018018245697","0.869018018245697"
"4200","0.6457067131996155","0.6457067131996155","0.6457067131996155","0.8690875172615051","0.8690875172615051","0.8690875172615051","0.64705491065979","0.64705491065979","0.64705491065979","0.873349666595459","0.873349666595459","0.873349666595459","0.6454660296440125","0.6454660296440125","0.6454660296440125","0.8681465983390808","0.8681465983390808","0.8681465983390808","0.6454991102218628","0.6454991102218628","0.6454991102218628","0.6402878761291504","0.6402878761291504","0.6402878761291504","0.8722100853919983","0.8722100853919983","0.8722100853919983","0.8703744411468506","0.8703744411468506","0.8703744411468506"
"4300","0.6468117237091064","0.6468117237091064","0.6468117237091064","0.8698664903640747","0.8698664903640747","0.8698664903640747","0.6505340337753296","0.6505340337753296","0.6505340337753296","0.8707563281059265","0.8707563281059265","0.8707563281059265","0.6505922675132751","0.6505922675132751","0.6505922675132751","0.868807852268219","0.868807852268219","0.868807852268219","0.6375517249107361","0.6375517249107361","0.6375517249107361","0.6405864953994751","0.6405864953994751","0.6405864953994751","0.8715841174125671","0.8715841174125671","0.8715841174125671","0.8626604676246643","0.8626604676246643","0.8626604676246643"
"4400","0.6405336856842041","0.6405336856842041","0.6405336856842041","0.87394118309021","0.87394118309021","0.87394118309021","0.6479935646057129","0.6479935646057129","0.6479935646057129","0.8700820207595825","0.8700820207595825","0.8700820207595825","0.651721179485321","0.651721179485321","0.651721179485321","0.869822084903717","0.869822084903717","0.869822084903717","0.654762327671051","0.654762327671051","0.654762327671051","0.6523625254631042","0.6523625254631042","0.6523625254631042","0.8688210844993591","0.8688210844993591","0.8688210844993591","0.8716769218444824","0.8716769218444824","0.8716769218444824"
"4500","0.6474936604499817","0.6474936604499817","0.6474936604499817","0.8697539567947388","0.8697539567947388","0.8697539567947388","0.6553332805633545","0.6553332805633545","0.6553332805633545","0.8669674396514893","0.8669674396514893","0.8669674396514893","0.6506156921386719","0.6506156921386719","0.6506156921386719","0.8751572966575623","0.8751572966575623","0.8751572966575623","0.6504769921302795","0.6504769921302795","0.6504769921302795","0.6434999108314514","0.6434999108314514","0.6434999108314514","0.8677673935890198","0.8677673935890198","0.8677673935890198","0.8695923686027527","0.8695923686027527","0.8695923686027527"
"4600","0.6428770422935486","0.6428770422935486","0.6428770422935486","0.8617784976959229","0.8617784976959229","0.8617784976959229","0.6456958055496216","0.6456958055496216","0.6456958055496216","0.8679086565971375","0.8679086565971375","0.8679086565971375","0.6382613778114319","0.6382613778114319","0.6382613778114319","0.869577169418335","0.869577169418335","0.869577169418335","0.6463674902915955","0.6463674902915955","0.6463674902915955","0.6454005241394043","0.6454005241394043","0.6454005241394043","0.8692054152488708","0.8692054152488708","0.8692054152488708","0.8672087788581848","0.8672087788581848","0.8672087788581848"
"4700","0.6587482690811157","0.6587482690811157","0.6587482690811157","0.8656163215637207","0.8656163215637207","0.8656163215637207","0.6465103030204773","0.6465103030204773","0.6465103030204773","0.8623302578926086","0.8623302578926086","0.8623302578926086","0.649386465549469","0.649386465549469","0.649386465549469","0.8733442425727844","0.8733442425727844","0.8733442425727844","0.6525949239730835","0.6525949239730835","0.6525949239730835","0.6514961123466492","0.6514961123466492","0.6514961123466492","0.8721620440483093","0.8721620440483093","0.8721620440483093","0.8714724183082581","0.8714724183082581","0.8714724183082581"
"4800","0.6471630930900574","0.6471630930900574","0.6471630930900574","0.8690337538719177","0.8690337538719177","0.8690337538719177","0.6481772065162659","0.6481772065162659","0.6481772065162659","0.8639365434646606","0.8639365434646606","0.8639365434646606","0.6520531177520752","0.6520531177520752","0.6520531177520752","0.8715589046478271","0.8715589046478271","0.8715589046478271","0.6450528502464294","0.6450528502464294","0.6450528502464294","0.6538028717041016","0.6538028717041016","0.6538028717041016","0.8722276091575623","0.8722276091575623","0.8722276091575623","0.8714805841445923","0.8714805841445923","0.8714805841445923"
"4900","0.6490042209625244","0.6490042209625244","0.6490042209625244","0.8665180206298828","0.8665180206298828","0.8665180206298828","0.6569753885269165","0.6569753885269165","0.6569753885269165","0.871741771697998","0.871741771697998","0.871741771697998","0.646586000919342","0.646586000919342","0.646586000919342","0.8727803826332092","0.8727803826332092","0.8727803826332092","0.6593984365463257","0.6593984365463257","0.6593984365463257","0.6468186974525452","0.6468186974525452","0.6468186974525452","0.8698951601982117","0.8698951601982117","0.8698951601982117","0.8711656332015991","0.8711656332015991","0.8711656332015991"
"5000","0.642681896686554","0.642681896686554","0.642681896686554","0.8640300035476685","0.8640300035476685","0.8640300035476685","0.6496204137802124","0.6496204137802124","0.6496204137802124","0.8758602738380432","0.8758602738380432","0.8758602738380432","0.6566756963729858","0.6566756963729858","0.6566756963729858","0.8754158020019531","0.8754158020019531","0.8754158020019531","0.6587944030761719","0.6587944030761719","0.6587944030761719","0.6626001000404358","0.6626001000404358","0.6626001000404358","0.8760846853256226","0.8760846853256226","0.8760846853256226","0.8783767223358154","0.8783767223358154","0.8783767223358154"
"5100","0.6540541648864746","0.6540541648864746","0.6540541648864746","0.8840768933296204","0.8840768933296204","0.8840768933296204","0.65740567445755","0.65740567445755","0.65740567445755","0.8649585843086243","0.8649585843086243","0.8649585843086243","0.6575310230255127","0.6575310230255127","0.6575310230255127","0.8796371221542358","0.8796371221542358","0.8796371221542358","0.6415274143218994","0.6415274143218994","0.6415274143218994","0.6587411761283875","0.6587411761283875","0.6587411761283875","0.8607141375541687","0.8607141375541687","0.8607141375541687","0.8725748658180237","0.8725748658180237","0.8725748658180237"
"5200","0.6515864729881287","0.6515864729881287","0.6515864729881287","0.8679041266441345","0.8679041266441345","0.8679041266441345","0.6515863537788391","0.6515863537788391","0.6515863537788391","0.8768330216407776","0.8768330216407776","0.8768330216407776","0.6664944291114807","0.6664944291114807","0.6664944291114807","0.8826996088027954","0.8826996088027954","0.8826996088027954","0.6669826507568359","0.6669826507568359","0.6669826507568359","0.6547248959541321","0.6547248959541321","0.6547248959541321","0.86649489402771","0.86649489402771","0.86649489402771","0.8762756586074829","0.8762756586074829","0.8762756586074829"
"5300","0.6612603068351746","0.6612603068351746","0.6612603068351746","0.8714820742607117","0.8714820742607117","0.8714820742607117","0.6527266502380371","0.6527266502380371","0.6527266502380371","0.8750700354576111","0.8750700354576111","0.8750700354576111","0.6506231427192688","0.6506231427192688","0.6506231427192688","0.8741065263748169","0.8741065263748169","0.8741065263748169","0.6544936299324036","0.6544936299324036","0.6544936299324036","0.6628655195236206","0.6628655195236206","0.6628655195236206","0.8785427808761597","0.8785427808761597","0.8785427808761597","0.870516836643219","0.870516836643219","0.870516836643219"
"5400","0.6564041376113892","0.6564041376113892","0.6564041376113892","0.8762769103050232","0.8762769103050232","0.8762769103050232","0.6503500938415527","0.6503500938415527","0.6503500938415527","0.879296064376831","0.879296064376831","0.879296064376831","0.6584219336509705","0.6584219336509705","0.6584219336509705","0.8708692193031311","0.8708692193031311","0.8708692193031311","0.6519748568534851","0.6519748568534851","0.6519748568534851","0.6573739051818848","0.6573739051818848","0.6573739051818848","0.8711128234863281","0.8711128234863281","0.8711128234863281","0.8744783997535706","0.8744783997535706","0.8744783997535706"
"5500","0.6590482592582703","0.6590482592582703","0.6590482592582703","0.8747598528862","0.8747598528862","0.8747598528862","0.6545870304107666","0.6545870304107666","0.6545870304107666","0.8633226752281189","0.8633226752281189","0.8633226752281189","0.6631723046302795","0.6631723046302795","0.6631723046302795","0.8834719061851501","0.8834719061851501","0.8834719061851501","0.6495984792709351","0.6495984792709351","0.6495984792709351","0.6527698636054993","0.6527698636054993","0.6527698636054993","0.8719964027404785","0.8719964027404785","0.8719964027404785","0.8677248954772949","0.8677248954772949","0.8677248954772949"
"5600","0.6615048050880432","0.6615048050880432","0.6615048050880432","0.8767081499099731","0.8767081499099731","0.8767081499099731","0.6513293385505676","0.6513293385505676","0.6513293385505676","0.8707531094551086","0.8707531094551086","0.8707531094551086","0.6504269242286682","0.6504269242286682","0.6504269242286682","0.8708524107933044","0.8708524107933044","0.8708524107933044","0.6576632857322693","0.6576632857322693","0.6576632857322693","0.6526811718940735","0.6526811718940735","0.6526811718940735","0.8793081641197205","0.8793081641197205","0.8793081641197205","0.8804484009742737","0.8804484009742737","0.8804484009742737"
"5700","0.663252592086792","0.663252592086792","0.663252592086792","0.8750285506248474","0.8750285506248474","0.8750285506248474","0.6648564338684082","0.6648564338684082","0.6648564338684082","0.8683133125305176","0.8683133125305176","0.8683133125305176","0.6601312160491943","0.6601312160491943","0.6601312160491943","0.8748721480369568","0.8748721480369568","0.8748721480369568","0.659209668636322","0.659209668636322","0.659209668636322","0.6568331718444824","0.6568331718444824","0.6568331718444824","0.8784739971160889","0.8784739971160889","0.8784739971160889","0.8794462084770203","0.8794462084770203","0.8794462084770203"
"5800","0.6616244316101074","0.6616244316101074","0.6616244316101074","0.8712244629859924","0.8712244629859924","0.8712244629859924","0.6569031476974487","0.6569031476974487","0.6569031476974487","0.8761269450187683","0.8761269450187683","0.8761269450187683","0.6718829274177551","0.6718829274177551","0.6718829274177551","0.870615541934967","0.870615541934967","0.870615541934967","0.6560394763946533","0.6560394763946533","0.6560394763946533","0.6628981232643127","0.6628981232643127","0.6628981232643127","0.8810526132583618","0.8810526132583618","0.8810526132583618","0.8716071844100952","0.8716071844100952","0.8716071844100952"
"5900","0.6493683457374573","0.6493683457374573","0.6493683457374573","0.8746905326843262","0.8746905326843262","0.8746905326843262","0.6628521084785461","0.6628521084785461","0.6628521084785461","0.8753821849822998","0.8753821849822998","0.8753821849822998","0.6663385033607483","0.6663385033607483","0.6663385033607483","0.8696218132972717","0.8696218132972717","0.8696218132972717","0.6525123715400696","0.6525123715400696","0.6525123715400696","0.6624525189399719","0.6624525189399719","0.6624525189399719","0.8730866312980652","0.8730866312980652","0.8730866312980652","0.878600537776947","0.878600537776947","0.878600537776947"
"6000","0.664039671421051","0.664039671421051","0.664039671421051","0.8748428821563721","0.8748428821563721","0.8748428821563721","0.6652069687843323","0.6652069687843323","0.6652069687843323","0.8758223652839661","0.8758223652839661","0.8758223652839661","0.6629137396812439","0.6629137396812439","0.6629137396812439","0.8773259520530701","0.8773259520530701","0.8773259520530701","0.6575236320495605","0.6575236320495605","0.6575236320495605","0.6615970730781555","0.6615970730781555","0.6615970730781555","0.8785013556480408","0.8785013556480408","0.8785013556480408","0.8772996664047241","0.8772996664047241","0.8772996664047241"
"6100","0.6700561046600342","0.6700561046600342","0.6700561046600342","0.8817476034164429","0.8817476034164429","0.8817476034164429","0.6586837768554688","0.6586837768554688","0.6586837768554688","0.8766024112701416","0.8766024112701416","0.8766024112701416","0.6637353301048279","0.6637353301048279","0.6637353301048279","0.8773704767227173","0.8773704767227173","0.8773704767227173","0.6578710675239563","0.6578710675239563","0.6578710675239563","0.6611260771751404","0.6611260771751404","0.6611260771751404","0.8775708675384521","0.8775708675384521","0.8775708675384521","0.868263840675354","0.868263840675354","0.868263840675354"
"6200","0.6622602939605713","0.6622602939605713","0.6622602939605713","0.8792548179626465","0.8792548179626465","0.8792548179626465","0.6690405011177063","0.6690405011177063","0.6690405011177063","0.8780447244644165","0.8780447244644165","0.8780447244644165","0.670835554599762","0.670835554599762","0.670835554599762","0.8854947090148926","0.8854947090148926","0.8854947090148926","0.6619777679443359","0.6619777679443359","0.6619777679443359","0.6657078266143799","0.6657078266143799","0.6657078266143799","0.8749596476554871","0.8749596476554871","0.8749596476554871","0.8760340809822083","0.8760340809822083","0.8760340809822083"
"6300","0.6642913222312927","0.6642913222312927","0.6642913222312927","0.8798657059669495","0.8798657059669495","0.8798657059669495","0.674011766910553","0.674011766910553","0.674011766910553","0.8801683783531189","0.8801683783531189","0.8801683783531189","0.656954824924469","0.656954824924469","0.656954824924469","0.8782407641410828","0.8782407641410828","0.8782407641410828","0.6702938079833984","0.6702938079833984","0.6702938079833984","0.6682930588722229","0.6682930588722229","0.6682930588722229","0.8823722004890442","0.8823722004890442","0.8823722004890442","0.8780956864356995","0.8780956864356995","0.8780956864356995"
"6400","0.6662720441818237","0.6662720441818237","0.6662720441818237","0.8754937648773193","0.8754937648773193","0.8754937648773193","0.663923442363739","0.663923442363739","0.663923442363739","0.8788675665855408","0.8788675665855408","0.8788675665855408","0.6652835011482239","0.6652835011482239","0.6652835011482239","0.8800029158592224","0.8800029158592224","0.8800029158592224","0.659648597240448","0.659648597240448","0.659648597240448","0.6626755595207214","0.6626755595207214","0.6626755595207214","0.881191611289978","0.881191611289978","0.881191611289978","0.8783078193664551","0.8783078193664551","0.8783078193664551"
"6500","0.6658980846405029","0.6658980846405029","0.6658980846405029","0.8601750135421753","0.8601750135421753","0.8601750135421753","0.669636607170105","0.669636607170105","0.669636607170105","0.8785316944122314","0.8785316944122314","0.8785316944122314","0.6710224151611328","0.6710224151611328","0.6710224151611328","0.8756259083747864","0.8756259083747864","0.8756259083747864","0.6720786094665527","0.6720786094665527","0.6720786094665527","0.6758858561515808","0.6758858561515808","0.6758858561515808","0.8796050548553467","0.8796050548553467","0.8796050548553467","0.8771011233329773","0.8771011233329773","0.8771011233329773"
"6600","0.6732542514801025","0.6732542514801025","0.6732542514801025","0.8682804703712463","0.8682804703712463","0.8682804703712463","0.6671647429466248","0.6671647429466248","0.6671647429466248","0.8744168281555176","0.8744168281555176","0.8744168281555176","0.6706024408340454","0.6706024408340454","0.6706024408340454","0.8814719319343567","0.8814719319343567","0.8814719319343567","0.6589720249176025","0.6589720249176025","0.6589720249176025","0.668748140335083","0.668748140335083","0.668748140335083","0.8761579990386963","0.8761579990386963","0.8761579990386963","0.8803549408912659","0.8803549408912659","0.8803549408912659"
"6700","0.671831488609314","0.671831488609314","0.671831488609314","0.8786888122558594","0.8786888122558594","0.8786888122558594","0.6592943072319031","0.6592943072319031","0.6592943072319031","0.8774852752685547","0.8774852752685547","0.8774852752685547","0.665076494216919","0.665076494216919","0.665076494216919","0.8859792351722717","0.8859792351722717","0.8859792351722717","0.6663408875465393","0.6663408875465393","0.6663408875465393","0.677754282951355","0.677754282951355","0.677754282951355","0.8830229043960571","0.8830229043960571","0.8830229043960571","0.8767247200012207","0.8767247200012207","0.8767247200012207"
"6800","0.6705936193466187","0.6705936193466187","0.6705936193466187","0.8793724179267883","0.8793724179267883","0.8793724179267883","0.6746912598609924","0.6746912598609924","0.6746912598609924","0.8846063017845154","0.8846063017845154","0.8846063017845154","0.6774634718894958","0.6774634718894958","0.6774634718894958","0.8768377900123596","0.8768377900123596","0.8768377900123596","0.6681392192840576","0.6681392192840576","0.6681392192840576","0.6661191582679749","0.6661191582679749","0.6661191582679749","0.8770021796226501","0.8770021796226501","0.8770021796226501","0.8774362802505493","0.8774362802505493","0.8774362802505493"
"6900","0.6752156615257263","0.6752156615257263","0.6752156615257263","0.8832855820655823","0.8832855820655823","0.8832855820655823","0.6732695698738098","0.6732695698738098","0.6732695698738098","0.8826243877410889","0.8826243877410889","0.8826243877410889","0.6823905110359192","0.6823905110359192","0.6823905110359192","0.8859738111495972","0.8859738111495972","0.8859738111495972","0.6676326990127563","0.6676326990127563","0.6676326990127563","0.6731787919998169","0.6731787919998169","0.6731787919998169","0.8791157007217407","0.8791157007217407","0.8791157007217407","0.8738842010498047","0.8738842010498047","0.8738842010498047"
"7000","0.6703296899795532","0.6703296899795532","0.6703296899795532","0.8774296045303345","0.8774296045303345","0.8774296045303345","0.6691553592681885","0.6691553592681885","0.6691553592681885","0.8828189373016357","0.8828189373016357","0.8828189373016357","0.6784459948539734","0.6784459948539734","0.6784459948539734","0.884573757648468","0.884573757648468","0.884573757648468","0.6634553670883179","0.6634553670883179","0.6634553670883179","0.66990065574646","0.66990065574646","0.66990065574646","0.877488911151886","0.877488911151886","0.877488911151886","0.8887220025062561","0.8887220025062561","0.8887220025062561"
"7100","0.6777815222740173","0.6777815222740173","0.6777815222740173","0.8798561096191406","0.8798561096191406","0.8798561096191406","0.6727493405342102","0.6727493405342102","0.6727493405342102","0.8794757127761841","0.8794757127761841","0.8794757127761841","0.6790224313735962","0.6790224313735962","0.6790224313735962","0.8789541721343994","0.8789541721343994","0.8789541721343994","0.6700990796089172","0.6700990796089172","0.6700990796089172","0.6682784557342529","0.6682784557342529","0.6682784557342529","0.8768678903579712","0.8768678903579712","0.8768678903579712","0.8858637809753418","0.8858637809753418","0.8858637809753418"
"7200","0.6744371056556702","0.6744371056556702","0.6744371056556702","0.8846801519393921","0.8846801519393921","0.8846801519393921","0.6653459668159485","0.6653459668159485","0.6653459668159485","0.8834076523780823","0.8834076523780823","0.8834076523780823","0.6685531139373779","0.6685531139373779","0.6685531139373779","0.877098023891449","0.877098023891449","0.877098023891449","0.6667316555976868","0.6667316555976868","0.6667316555976868","0.6647213697433472","0.6647213697433472","0.6647213697433472","0.8796144723892212","0.8796144723892212","0.8796144723892212","0.8767641186714172","0.8767641186714172","0.8767641186714172"
"7300","0.6697805523872375","0.6697805523872375","0.6697805523872375","0.8853054642677307","0.8853054642677307","0.8853054642677307","0.677225649356842","0.677225649356842","0.677225649356842","0.8746917843818665","0.8746917843818665","0.8746917843818665","0.6777593493461609","0.6777593493461609","0.6777593493461609","0.876487135887146","0.876487135887146","0.876487135887146","0.6752488613128662","0.6752488613128662","0.6752488613128662","0.6696301102638245","0.6696301102638245","0.6696301102638245","0.8842353224754333","0.8842353224754333","0.8842353224754333","0.877634584903717","0.877634584903717","0.877634584903717"
"7400","0.667341947555542","0.667341947555542","0.667341947555542","0.8842018842697144","0.8842018842697144","0.8842018842697144","0.6778848171234131","0.6778848171234131","0.6778848171234131","0.8876718878746033","0.8876718878746033","0.8876718878746033","0.6746643781661987","0.6746643781661987","0.6746643781661987","0.8793998956680298","0.8793998956680298","0.8793998956680298","0.6704253554344177","0.6704253554344177","0.6704253554344177","0.6675838232040405","0.6675838232040405","0.6675838232040405","0.8747280836105347","0.8747280836105347","0.8747280836105347","0.8786206245422363","0.8786206245422363","0.8786206245422363"
"7500","0.674466073513031","0.674466073513031","0.674466073513031","0.880267322063446","0.880267322063446","0.880267322063446","0.6696884632110596","0.6696884632110596","0.6696884632110596","0.8824000358581543","0.8824000358581543","0.8824000358581543","0.6748166680335999","0.6748166680335999","0.6748166680335999","0.8781147003173828","0.8781147003173828","0.8781147003173828","0.6766709089279175","0.6766709089279175","0.6766709089279175","0.6684557199478149","0.6684557199478149","0.6684557199478149","0.88289475440979","0.88289475440979","0.88289475440979","0.8814667463302612","0.8814667463302612","0.8814667463302612"
"7600","0.6832694411277771","0.6832694411277771","0.6832694411277771","0.8826155662536621","0.8826155662536621","0.8826155662536621","0.6734809875488281","0.6734809875488281","0.6734809875488281","0.8865046501159668","0.8865046501159668","0.8865046501159668","0.6797826290130615","0.6797826290130615","0.6797826290130615","0.888784646987915","0.888784646987915","0.888784646987915","0.6734025478363037","0.6734025478363037","0.6734025478363037","0.6697023510932922","0.6697023510932922","0.6697023510932922","0.8782082200050354","0.8782082200050354","0.8782082200050354","0.8860222697257996","0.8860222697257996","0.8860222697257996"
"7700","0.6756221055984497","0.6756221055984497","0.6756221055984497","0.885966420173645","0.885966420173645","0.885966420173645","0.6799888014793396","0.6799888014793396","0.6799888014793396","0.8847296237945557","0.8847296237945557","0.8847296237945557","0.6759293079376221","0.6759293079376221","0.6759293079376221","0.8785343766212463","0.8785343766212463","0.8785343766212463","0.6736434102058411","0.6736434102058411","0.6736434102058411","0.676937997341156","0.676937997341156","0.676937997341156","0.882967472076416","0.882967472076416","0.882967472076416","0.8864817023277283","0.8864817023277283","0.8864817023277283"
"7800","0.6777286529541016","0.6777286529541016","0.6777286529541016","0.8839391469955444","0.8839391469955444","0.8839391469955444","0.6738196015357971","0.6738196015357971","0.6738196015357971","0.8854917883872986","0.8854917883872986","0.8854917883872986","0.6732904314994812","0.6732904314994812","0.6732904314994812","0.8829184770584106","0.8829184770584106","0.8829184770584106","0.6731810569763184","0.6731810569763184","0.6731810569763184","0.6700177788734436","0.6700177788734436","0.6700177788734436","0.8730800747871399","0.8730800747871399","0.8730800747871399","0.8872454166412354","0.8872454166412354","0.8872454166412354"
"7900","0.6763138771057129","0.6763138771057129","0.6763138771057129","0.8826820850372314","0.8826820850372314","0.8826820850372314","0.6737803816795349","0.6737803816795349","0.6737803816795349","0.881157398223877","0.881157398223877","0.881157398223877","0.6830330491065979","0.6830330491065979","0.6830330491065979","0.8885029554367065","0.8885029554367065","0.8885029554367065","0.6822728514671326","0.6822728514671326","0.6822728514671326","0.6835662126541138","0.6835662126541138","0.6835662126541138","0.8829290270805359","0.8829290270805359","0.8829290270805359","0.8849081993103027","0.8849081993103027","0.8849081993103027"
"8000","0.6846640110015869","0.6846640110015869","0.6846640110015869","0.8896332383155823","0.8896332383155823","0.8896332383155823","0.681132972240448","0.681132972240448","0.681132972240448","0.8883661031723022","0.8883661031723022","0.8883661031723022","0.6764876842498779","0.6764876842498779","0.6764876842498779","0.876015841960907","0.876015841960907","0.876015841960907","0.6743439435958862","0.6743439435958862","0.6743439435958862","0.6799011826515198","0.6799011826515198","0.6799011826515198","0.8737300634384155","0.8737300634384155","0.8737300634384155","0.8943471312522888","0.8943471312522888","0.8943471312522888"
"8100","0.6798710823059082","0.6798710823059082","0.6798710823059082","0.8869438767433167","0.8869438767433167","0.8869438767433167","0.6804431676864624","0.6804431676864624","0.6804431676864624","0.8834236264228821","0.8834236264228821","0.8834236264228821","0.6820484399795532","0.6820484399795532","0.6820484399795532","0.8823701739311218","0.8823701739311218","0.8823701739311218","0.6763883829116821","0.6763883829116821","0.6763883829116821","0.6755080223083496","0.6755080223083496","0.6755080223083496","0.8834023475646973","0.8834023475646973","0.8834023475646973","0.8837541937828064","0.8837541937828064","0.8837541937828064"
"8200","0.6778305768966675","0.6778305768966675","0.6778305768966675","0.8838138580322266","0.8838138580322266","0.8838138580322266","0.6822003126144409","0.6822003126144409","0.6822003126144409","0.8838921189308167","0.8838921189308167","0.8838921189308167","0.6852441430091858","0.6852441430091858","0.6852441430091858","0.8870889544487","0.8870889544487","0.8870889544487","0.6723371148109436","0.6723371148109436","0.6723371148109436","0.6719654202461243","0.6719654202461243","0.6719654202461243","0.8795435428619385","0.8795435428619385","0.8795435428619385","0.8844377994537354","0.8844377994537354","0.8844377994537354"
"8300","0.680149257183075","0.680149257183075","0.680149257183075","0.8816864490509033","0.8816864490509033","0.8816864490509033","0.6783708930015564","0.6783708930015564","0.6783708930015564","0.8884860277175903","0.8884860277175903","0.8884860277175903","0.6853880882263184","0.6853880882263184","0.6853880882263184","0.882356584072113","0.882356584072113","0.882356584072113","0.6820371747016907","0.6820371747016907","0.6820371747016907","0.6789063215255737","0.6789063215255737","0.6789063215255737","0.8903816342353821","0.8903816342353821","0.8903816342353821","0.8879404664039612","0.8879404664039612","0.8879404664039612"
"8400","0.6782352924346924","0.6782352924346924","0.6782352924346924","0.8889220952987671","0.8889220952987671","0.8889220952987671","0.6844252943992615","0.6844252943992615","0.6844252943992615","0.8900249004364014","0.8900249004364014","0.8900249004364014","0.6811943054199219","0.6811943054199219","0.6811943054199219","0.8865036964416504","0.8865036964416504","0.8865036964416504","0.6865917444229126","0.6865917444229126","0.6865917444229126","0.6740463376045227","0.6740463376045227","0.6740463376045227","0.8826606273651123","0.8826606273651123","0.8826606273651123","0.891556978225708","0.891556978225708","0.891556978225708"
"8500","0.680927038192749","0.680927038192749","0.680927038192749","0.8875797986984253","0.8875797986984253","0.8875797986984253","0.6830266714096069","0.6830266714096069","0.6830266714096069","0.8850253820419312","0.8850253820419312","0.8850253820419312","0.6832621693611145","0.6832621693611145","0.6832621693611145","0.8864535689353943","0.8864535689353943","0.8864535689353943","0.6785420179367065","0.6785420179367065","0.6785420179367065","0.6875208020210266","0.6875208020210266","0.6875208020210266","0.882671058177948","0.882671058177948","0.882671058177948","0.8874233365058899","0.8874233365058899","0.8874233365058899"
"8600","0.6907106637954712","0.6907106637954712","0.6907106637954712","0.8850661516189575","0.8850661516189575","0.8850661516189575","0.6768471002578735","0.6768471002578735","0.6768471002578735","0.8884904384613037","0.8884904384613037","0.8884904384613037","0.6807340383529663","0.6807340383529663","0.6807340383529663","0.8826138973236084","0.8826138973236084","0.8826138973236084","0.683524489402771","0.683524489402771","0.683524489402771","0.6835697889328003","0.6835697889328003","0.6835697889328003","0.8889819979667664","0.8889819979667664","0.8889819979667664","0.8837876319885254","0.8837876319885254","0.8837876319885254"
"8700","0.6879624724388123","0.6879624724388123","0.6879624724388123","0.8874430060386658","0.8874430060386658","0.8874430060386658","0.6820241808891296","0.6820241808891296","0.6820241808891296","0.8931593298912048","0.8931593298912048","0.8931593298912048","0.6788368225097656","0.6788368225097656","0.6788368225097656","0.8849160671234131","0.8849160671234131","0.8849160671234131","0.6809825301170349","0.6809825301170349","0.6809825301170349","0.6823814511299133","0.6823814511299133","0.6823814511299133","0.8835422992706299","0.8835422992706299","0.8835422992706299","0.8868448734283447","0.8868448734283447","0.8868448734283447"
"8800","0.6822943687438965","0.6822943687438965","0.6822943687438965","0.882834255695343","0.882834255695343","0.882834255695343","0.6782573461532593","0.6782573461532593","0.6782573461532593","0.8811302781105042","0.8811302781105042","0.8811302781105042","0.6814696788787842","0.6814696788787842","0.6814696788787842","0.8942519426345825","0.8942519426345825","0.8942519426345825","0.6795424818992615","0.6795424818992615","0.6795424818992615","0.6714611649513245","0.6714611649513245","0.6714611649513245","0.8839046955108643","0.8839046955108643","0.8839046955108643","0.8845903277397156","0.8845903277397156","0.8845903277397156"
"8900","0.6815440654754639","0.6815440654754639","0.6815440654754639","0.8930627703666687","0.8930627703666687","0.8930627703666687","0.6856862902641296","0.6856862902641296","0.6856862902641296","0.889950156211853","0.889950156211853","0.889950156211853","0.6916177272796631","0.6916177272796631","0.6916177272796631","0.887139081954956","0.887139081954956","0.887139081954956","0.6865936517715454","0.6865936517715454","0.6865936517715454","0.681576669216156","0.681576669216156","0.681576669216156","0.885313868522644","0.885313868522644","0.885313868522644","0.8842616081237793","0.8842616081237793","0.8842616081237793"
"9000","0.683616042137146","0.683616042137146","0.683616042137146","0.8840493559837341","0.8840493559837341","0.8840493559837341","0.6833043694496155","0.6833043694496155","0.6833043694496155","0.8914611339569092","0.8914611339569092","0.8914611339569092","0.685214102268219","0.685214102268219","0.685214102268219","0.881266713142395","0.881266713142395","0.881266713142395","0.6868852972984314","0.6868852972984314","0.6868852972984314","0.6804534792900085","0.6804534792900085","0.6804534792900085","0.8864631056785583","0.8864631056785583","0.8864631056785583","0.8838192224502563","0.8838192224502563","0.8838192224502563"
"9100","0.6827706694602966","0.6827706694602966","0.6827706694602966","0.8881609439849854","0.8881609439849854","0.8881609439849854","0.6816188097000122","0.6816188097000122","0.6816188097000122","0.8889577984809875","0.8889577984809875","0.8889577984809875","0.6882356405258179","0.6882356405258179","0.6882356405258179","0.8878478407859802","0.8878478407859802","0.8878478407859802","0.6856544613838196","0.6856544613838196","0.6856544613838196","0.6785470843315125","0.6785470843315125","0.6785470843315125","0.8918254971504211","0.8918254971504211","0.8918254971504211","0.8884410858154297","0.8884410858154297","0.8884410858154297"
"9200","0.6844398379325867","0.6844398379325867","0.6844398379325867","0.8874045610427856","0.8874045610427856","0.8874045610427856","0.6855419278144836","0.6855419278144836","0.6855419278144836","0.8936900496482849","0.8936900496482849","0.8936900496482849","0.6904280185699463","0.6904280185699463","0.6904280185699463","0.8875094056129456","0.8875094056129456","0.8875094056129456","0.6786777377128601","0.6786777377128601","0.6786777377128601","0.6817435622215271","0.6817435622215271","0.6817435622215271","0.8865072131156921","0.8865072131156921","0.8865072131156921","0.8920464515686035","0.8920464515686035","0.8920464515686035"
"9300","0.6844524145126343","0.6844524145126343","0.6844524145126343","0.8886922597885132","0.8886922597885132","0.8886922597885132","0.68392014503479","0.68392014503479","0.68392014503479","0.885376513004303","0.885376513004303","0.885376513004303","0.6823082566261292","0.6823082566261292","0.6823082566261292","0.8915176391601562","0.8915176391601562","0.8915176391601562","0.6818352341651917","0.6818352341651917","0.6818352341651917","0.6842198967933655","0.6842198967933655","0.6842198967933655","0.8884426951408386","0.8884426951408386","0.8884426951408386","0.8899409770965576","0.8899409770965576","0.8899409770965576"
"9400","0.683164656162262","0.683164656162262","0.683164656162262","0.8905361294746399","0.8905361294746399","0.8905361294746399","0.6870163679122925","0.6870163679122925","0.6870163679122925","0.8908296823501587","0.8908296823501587","0.8908296823501587","0.6909789443016052","0.6909789443016052","0.6909789443016052","0.8886263370513916","0.8886263370513916","0.8886263370513916","0.6887272596359253","0.6887272596359253","0.6887272596359253","0.685133695602417","0.685133695602417","0.685133695602417","0.885261058807373","0.885261058807373","0.885261058807373","0.8890793323516846","0.8890793323516846","0.8890793323516846"
"9500","0.6933290958404541","0.6933290958404541","0.6933290958404541","0.8941750526428223","0.8941750526428223","0.8941750526428223","0.6774032711982727","0.6774032711982727","0.6774032711982727","0.8921317458152771","0.8921317458152771","0.8921317458152771","0.693458080291748","0.693458080291748","0.693458080291748","0.8989724516868591","0.8989724516868591","0.8989724516868591","0.6815147399902344","0.6815147399902344","0.6815147399902344","0.6850346326828003","0.6850346326828003","0.6850346326828003","0.8842062950134277","0.8842062950134277","0.8842062950134277","0.8892309069633484","0.8892309069633484","0.8892309069633484"
"9600","0.6837811470031738","0.6837811470031738","0.6837811470031738","0.8833327293395996","0.8833327293395996","0.8833327293395996","0.6896140575408936","0.6896140575408936","0.6896140575408936","0.8929765224456787","0.8929765224456787","0.8929765224456787","0.6903936862945557","0.6903936862945557","0.6903936862945557","0.8943614959716797","0.8943614959716797","0.8943614959716797","0.6890890002250671","0.6890890002250671","0.6890890002250671","0.6826293468475342","0.6826293468475342","0.6826293468475342","0.893069863319397","0.893069863319397","0.893069863319397","0.8837792277336121","0.8837792277336121","0.8837792277336121"
"9700","0.6995107531547546","0.6995107531547546","0.6995107531547546","0.892147421836853","0.892147421836853","0.892147421836853","0.6897063255310059","0.6897063255310059","0.6897063255310059","0.8897315263748169","0.8897315263748169","0.8897315263748169","0.690531849861145","0.690531849861145","0.690531849861145","0.8908485174179077","0.8908485174179077","0.8908485174179077","0.6938381195068359","0.6938381195068359","0.6938381195068359","0.689537525177002","0.689537525177002","0.689537525177002","0.8898705244064331","0.8898705244064331","0.8898705244064331","0.8966003656387329","0.8966003656387329","0.8966003656387329"
"9800","0.6883112192153931","0.6883112192153931","0.6883112192153931","0.8901748657226562","0.8901748657226562","0.8901748657226562","0.6869481801986694","0.6869481801986694","0.6869481801986694","0.8908162117004395","0.8908162117004395","0.8908162117004395","0.6867347955703735","0.6867347955703735","0.6867347955703735","0.889621376991272","0.889621376991272","0.889621376991272","0.6853875517845154","0.6853875517845154","0.6853875517845154","0.6863813996315002","0.6863813996315002","0.6863813996315002","0.8899113535881042","0.8899113535881042","0.8899113535881042","0.8948354125022888","0.8948354125022888","0.8948354125022888"
"9900","0.6964588165283203","0.6964588165283203","0.6964588165283203","0.8925039172172546","0.8925039172172546","0.8925039172172546","0.6846131086349487","0.6846131086349487","0.6846131086349487","0.8930558562278748","0.8930558562278748","0.8930558562278748","0.6936134099960327","0.6936134099960327","0.6936134099960327","0.8994931578636169","0.8994931578636169","0.8994931578636169","0.6907790899276733","0.6907790899276733","0.6907790899276733","0.6900405287742615","0.6900405287742615","0.6900405287742615","0.8951082825660706","0.8951082825660706","0.8951082825660706","0.8962912559509277","0.8962912559509277","0.8962912559509277"
"10000","0.7007009983062744","0.7007009983062744","0.7007009983062744","0.8934838175773621","0.8934838175773621","0.8934838175773621","0.6819392442703247","0.6819392442703247","0.6819392442703247","0.890063464641571","0.890063464641571","0.890063464641571","0.6891602873802185","0.6891602873802185","0.6891602873802185","0.894553005695343","0.894553005695343","0.894553005695343","0.6825686097145081","0.6825686097145081","0.6825686097145081","0.686225950717926","0.686225950717926","0.686225950717926","0.8867705464363098","0.8867705464363098","0.8867705464363098","0.8915925025939941","0.8915925025939941","0.8915925025939941"
"10100","0.688393771648407","0.688393771648407","0.688393771648407","0.8903096914291382","0.8903096914291382","0.8903096914291382","0.6919940710067749","0.6919940710067749","0.6919940710067749","0.8916837573051453","0.8916837573051453","0.8916837573051453","0.6919856071472168","0.6919856071472168","0.6919856071472168","0.8919661045074463","0.8919661045074463","0.8919661045074463","0.6935339570045471","0.6935339570045471","0.6935339570045471","0.6916133165359497","0.6916133165359497","0.6916133165359497","0.896476686000824","0.896476686000824","0.896476686000824","0.884829044342041","0.884829044342041","0.884829044342041"
"10200","0.6884984374046326","0.6884984374046326","0.6884984374046326","0.8846993446350098","0.8846993446350098","0.8846993446350098","0.689674437046051","0.689674437046051","0.689674437046051","0.8881824016571045","0.8881824016571045","0.8881824016571045","0.6932348012924194","0.6932348012924194","0.6932348012924194","0.8914214968681335","0.8914214968681335","0.8914214968681335","0.6894142031669617","0.6894142031669617","0.6894142031669617","0.69746994972229","0.69746994972229","0.69746994972229","0.8883163928985596","0.8883163928985596","0.8883163928985596","0.8971944451332092","0.8971944451332092","0.8971944451332092"
"10300","0.6930448412895203","0.6930448412895203","0.6930448412895203","0.8928696513175964","0.8928696513175964","0.8928696513175964","0.692322850227356","0.692322850227356","0.692322850227356","0.8946770429611206","0.8946770429611206","0.8946770429611206","0.6885836720466614","0.6885836720466614","0.6885836720466614","0.8885266780853271","0.8885266780853271","0.8885266780853271","0.6902573108673096","0.6902573108673096","0.6902573108673096","0.7025685906410217","0.7025685906410217","0.7025685906410217","0.8961352705955505","0.8961352705955505","0.8961352705955505","0.8894524574279785","0.8894524574279785","0.8894524574279785"
"10400","0.6892354488372803","0.6892354488372803","0.6892354488372803","0.8918895721435547","0.8918895721435547","0.8918895721435547","0.6876904368400574","0.6876904368400574","0.6876904368400574","0.8943870663642883","0.8943870663642883","0.8943870663642883","0.6902354955673218","0.6902354955673218","0.6902354955673218","0.8986214399337769","0.8986214399337769","0.8986214399337769","0.6892430186271667","0.6892430186271667","0.6892430186271667","0.6978097558021545","0.6978097558021545","0.6978097558021545","0.8990908265113831","0.8990908265113831","0.8990908265113831","0.8905137777328491","0.8905137777328491","0.8905137777328491"
"10500","0.6877439618110657","0.6877439618110657","0.6877439618110657","0.891604483127594","0.891604483127594","0.891604483127594","0.6879397034645081","0.6879397034645081","0.6879397034645081","0.8979936242103577","0.8979936242103577","0.8979936242103577","0.6980549693107605","0.6980549693107605","0.6980549693107605","0.8968947529792786","0.8968947529792786","0.8968947529792786","0.706581711769104","0.706581711769104","0.706581711769104","0.6875994205474854","0.6875994205474854","0.6875994205474854","0.8946132659912109","0.8946132659912109","0.8946132659912109","0.8910914063453674","0.8910914063453674","0.8910914063453674"
"10600","0.6962082386016846","0.6962082386016846","0.6962082386016846","0.8960464596748352","0.8960464596748352","0.8960464596748352","0.6968699097633362","0.6968699097633362","0.6968699097633362","0.8857674598693848","0.8857674598693848","0.8857674598693848","0.6989524960517883","0.6989524960517883","0.6989524960517883","0.8976990580558777","0.8976990580558777","0.8976990580558777","0.6894010305404663","0.6894010305404663","0.6894010305404663","0.6989437341690063","0.6989437341690063","0.6989437341690063","0.8963762521743774","0.8963762521743774","0.8963762521743774","0.8950808048248291","0.8950808048248291","0.8950808048248291"
"10700","0.699431300163269","0.699431300163269","0.699431300163269","0.8955813646316528","0.8955813646316528","0.8955813646316528","0.6871288418769836","0.6871288418769836","0.6871288418769836","0.896567165851593","0.896567165851593","0.896567165851593","0.6866095066070557","0.6866095066070557","0.6866095066070557","0.8910995721817017","0.8910995721817017","0.8910995721817017","0.6940154433250427","0.6940154433250427","0.6940154433250427","0.6928149461746216","0.6928149461746216","0.6928149461746216","0.8986721634864807","0.8986721634864807","0.8986721634864807","0.8958606719970703","0.8958606719970703","0.8958606719970703"
"10800","0.6879460215568542","0.6879460215568542","0.6879460215568542","0.8855798840522766","0.8855798840522766","0.8855798840522766","0.6898425221443176","0.6898425221443176","0.6898425221443176","0.8966476321220398","0.8966476321220398","0.8966476321220398","0.70348060131073","0.70348060131073","0.70348060131073","0.8980614542961121","0.8980614542961121","0.8980614542961121","0.7042306661605835","0.7042306661605835","0.7042306661605835","0.6955157518386841","0.6955157518386841","0.6955157518386841","0.8984142541885376","0.8984142541885376","0.8984142541885376","0.8916401863098145","0.8916401863098145","0.8916401863098145"
"10900","0.6946231722831726","0.6946231722831726","0.6946231722831726","0.896515965461731","0.896515965461731","0.896515965461731","0.6893632411956787","0.6893632411956787","0.6893632411956787","0.9019190073013306","0.9019190073013306","0.9019190073013306","0.6970629096031189","0.6970629096031189","0.6970629096031189","0.8941726088523865","0.8941726088523865","0.8941726088523865","0.6945288181304932","0.6945288181304932","0.6945288181304932","0.6968837976455688","0.6968837976455688","0.6968837976455688","0.8972305059432983","0.8972305059432983","0.8972305059432983","0.8940088152885437","0.8940088152885437","0.8940088152885437"
"11000","0.6994563341140747","0.6994563341140747","0.6994563341140747","0.8936986327171326","0.8936986327171326","0.8936986327171326","0.70296311378479","0.70296311378479","0.70296311378479","0.8981019854545593","0.8981019854545593","0.8981019854545593","0.696901798248291","0.696901798248291","0.696901798248291","0.8938050866127014","0.8938050866127014","0.8938050866127014","0.6914350390434265","0.6914350390434265","0.6914350390434265","0.6979138255119324","0.6979138255119324","0.6979138255119324","0.8843743801116943","0.8843743801116943","0.8843743801116943","0.8968369960784912","0.8968369960784912","0.8968369960784912"
"11100","0.6839436292648315","0.6839436292648315","0.6839436292648315","0.8955519795417786","0.8955519795417786","0.8955519795417786","0.6961243152618408","0.6961243152618408","0.6961243152618408","0.8974853754043579","0.8974853754043579","0.8974853754043579","0.6980674266815186","0.6980674266815186","0.6980674266815186","0.8959864974021912","0.8959864974021912","0.8959864974021912","0.6996287703514099","0.6996287703514099","0.6996287703514099","0.6892057657241821","0.6892057657241821","0.6892057657241821","0.8897241950035095","0.8897241950035095","0.8897241950035095","0.8951701521873474","0.8951701521873474","0.8951701521873474"
"11200","0.6955618262290955","0.6955618262290955","0.6955618262290955","0.8910016417503357","0.8910016417503357","0.8910016417503357","0.6931632161140442","0.6931632161140442","0.6931632161140442","0.8952962756156921","0.8952962756156921","0.8952962756156921","0.6932405829429626","0.6932405829429626","0.6932405829429626","0.8913037776947021","0.8913037776947021","0.8913037776947021","0.6932560205459595","0.6932560205459595","0.6932560205459595","0.701395571231842","0.701395571231842","0.701395571231842","0.8952457308769226","0.8952457308769226","0.8952457308769226","0.8968788385391235","0.8968788385391235","0.8968788385391235"
"11300","0.6870258450508118","0.6870258450508118","0.6870258450508118","0.8927133679389954","0.8927133679389954","0.8927133679389954","0.6919876933097839","0.6919876933097839","0.6919876933097839","0.8996860384941101","0.8996860384941101","0.8996860384941101","0.6976174712181091","0.6976174712181091","0.6976174712181091","0.8944270610809326","0.8944270610809326","0.8944270610809326","0.6927400827407837","0.6927400827407837","0.6927400827407837","0.6893168091773987","0.6893168091773987","0.6893168091773987","0.8945014476776123","0.8945014476776123","0.8945014476776123","0.8945449590682983","0.8945449590682983","0.8945449590682983"
"11400","0.7001877427101135","0.7001877427101135","0.7001877427101135","0.8925904631614685","0.8925904631614685","0.8925904631614685","0.6935911774635315","0.6935911774635315","0.6935911774635315","0.8975023031234741","0.8975023031234741","0.8975023031234741","0.6919946074485779","0.6919946074485779","0.6919946074485779","0.8981009125709534","0.8981009125709534","0.8981009125709534","0.6947664618492126","0.6947664618492126","0.6947664618492126","0.6950498819351196","0.6950498819351196","0.6950498819351196","0.8996209502220154","0.8996209502220154","0.8996209502220154","0.8948711156845093","0.8948711156845093","0.8948711156845093"
"11500","0.6894643306732178","0.6894643306732178","0.6894643306732178","0.8926026821136475","0.8926026821136475","0.8926026821136475","0.7009651064872742","0.7009651064872742","0.7009651064872742","0.897728681564331","0.897728681564331","0.897728681564331","0.7018201351165771","0.7018201351165771","0.7018201351165771","0.8948372602462769","0.8948372602462769","0.8948372602462769","0.6928754448890686","0.6928754448890686","0.6928754448890686","0.6958019733428955","0.6958019733428955","0.6958019733428955","0.8967664241790771","0.8967664241790771","0.8967664241790771","0.8981979489326477","0.8981979489326477","0.8981979489326477"
"11600","0.7024850249290466","0.7024850249290466","0.7024850249290466","0.8956118822097778","0.8956118822097778","0.8956118822097778","0.7037264108657837","0.7037264108657837","0.7037264108657837","0.9010261297225952","0.9010261297225952","0.9010261297225952","0.7028114795684814","0.7028114795684814","0.7028114795684814","0.8974848985671997","0.8974848985671997","0.8974848985671997","0.6973092555999756","0.6973092555999756","0.6973092555999756","0.6977895498275757","0.6977895498275757","0.6977895498275757","0.8993701934814453","0.8993701934814453","0.8993701934814453","0.8913856744766235","0.8913856744766235","0.8913856744766235"
"11700","0.6975892782211304","0.6975892782211304","0.6975892782211304","0.8911073207855225","0.8911073207855225","0.8911073207855225","0.6967899799346924","0.6967899799346924","0.6967899799346924","0.9001388549804688","0.9001388549804688","0.9001388549804688","0.6993415951728821","0.6993415951728821","0.6993415951728821","0.8995135426521301","0.8995135426521301","0.8995135426521301","0.6994408965110779","0.6994408965110779","0.6994408965110779","0.6924849152565002","0.6924849152565002","0.6924849152565002","0.8976017236709595","0.8976017236709595","0.8976017236709595","0.8981950283050537","0.8981950283050537","0.8981950283050537"
"11800","0.6947755217552185","0.6947755217552185","0.6947755217552185","0.900408148765564","0.900408148765564","0.900408148765564","0.6940522789955139","0.6940522789955139","0.6940522789955139","0.9026352763175964","0.9026352763175964","0.9026352763175964","0.7024474143981934","0.7024474143981934","0.7024474143981934","0.8921460509300232","0.8921460509300232","0.8921460509300232","0.6986831426620483","0.6986831426620483","0.6986831426620483","0.7026547789573669","0.7026547789573669","0.7026547789573669","0.8986274003982544","0.8986274003982544","0.8986274003982544","0.8982934355735779","0.8982934355735779","0.8982934355735779"
"11900","0.6991035342216492","0.6991035342216492","0.6991035342216492","0.8984490036964417","0.8984490036964417","0.8984490036964417","0.6928415894508362","0.6928415894508362","0.6928415894508362","0.9006124138832092","0.9006124138832092","0.9006124138832092","0.6960888504981995","0.6960888504981995","0.6960888504981995","0.9061570763587952","0.9061570763587952","0.9061570763587952","0.7005220055580139","0.7005220055580139","0.7005220055580139","0.6964901089668274","0.6964901089668274","0.6964901089668274","0.8956007957458496","0.8956007957458496","0.8956007957458496","0.8944205641746521","0.8944205641746521","0.8944205641746521"
"12000","0.6988336443901062","0.6988336443901062","0.6988336443901062","0.8990114331245422","0.8990114331245422","0.8990114331245422","0.6966509222984314","0.6966509222984314","0.6966509222984314","0.9002756476402283","0.9002756476402283","0.9002756476402283","0.7020046710968018","0.7020046710968018","0.7020046710968018","0.9024410247802734","0.9024410247802734","0.9024410247802734","0.6953509449958801","0.6953509449958801","0.6953509449958801","0.6984046697616577","0.6984046697616577","0.6984046697616577","0.9007874131202698","0.9007874131202698","0.9007874131202698","0.9002901315689087","0.9002901315689087","0.9002901315689087"
"12100","0.6955568790435791","0.6955568790435791","0.6955568790435791","0.8957292437553406","0.8957292437553406","0.8957292437553406","0.6957181692123413","0.6957181692123413","0.6957181692123413","0.9026257395744324","0.9026257395744324","0.9026257395744324","0.6982223391532898","0.6982223391532898","0.6982223391532898","0.897392988204956","0.897392988204956","0.897392988204956","0.7023745179176331","0.7023745179176331","0.7023745179176331","0.7023866176605225","0.7023866176605225","0.7023866176605225","0.9017857909202576","0.9017857909202576","0.9017857909202576","0.9000365734100342","0.9000365734100342","0.9000365734100342"
"12200","0.6943308115005493","0.6943308115005493","0.6943308115005493","0.8970712423324585","0.8970712423324585","0.8970712423324585","0.7012178897857666","0.7012178897857666","0.7012178897857666","0.901787519454956","0.901787519454956","0.901787519454956","0.7138616442680359","0.7138616442680359","0.7138616442680359","0.8995615243911743","0.8995615243911743","0.8995615243911743","0.7011498212814331","0.7011498212814331","0.7011498212814331","0.6989266872406006","0.6989266872406006","0.6989266872406006","0.8981356024742126","0.8981356024742126","0.8981356024742126","0.8955767750740051","0.8955767750740051","0.8955767750740051"
"12300","0.7017095685005188","0.7017095685005188","0.7017095685005188","0.8985552787780762","0.8985552787780762","0.8985552787780762","0.7044838666915894","0.7044838666915894","0.7044838666915894","0.9039655327796936","0.9039655327796936","0.9039655327796936","0.705401599407196","0.705401599407196","0.705401599407196","0.902381420135498","0.902381420135498","0.902381420135498","0.7016100883483887","0.7016100883483887","0.7016100883483887","0.6971997618675232","0.6971997618675232","0.6971997618675232","0.902326762676239","0.902326762676239","0.902326762676239","0.9059739112854004","0.9059739112854004","0.9059739112854004"
"12400","0.7017295956611633","0.7017295956611633","0.7017295956611633","0.8973486423492432","0.8973486423492432","0.8973486423492432","0.7057201862335205","0.7057201862335205","0.7057201862335205","0.8964952826499939","0.8964952826499939","0.8964952826499939","0.7008408904075623","0.7008408904075623","0.7008408904075623","0.9026519656181335","0.9026519656181335","0.9026519656181335","0.7002007961273193","0.7002007961273193","0.7002007961273193","0.6994516253471375","0.6994516253471375","0.6994516253471375","0.8918195962905884","0.8918195962905884","0.8918195962905884","0.9018594622612","0.9018594622612","0.9018594622612"
"12500","0.7022239565849304","0.7022239565849304","0.7022239565849304","0.8997162580490112","0.8997162580490112","0.8997162580490112","0.7008042335510254","0.7008042335510254","0.7008042335510254","0.9050438404083252","0.9050438404083252","0.9050438404083252","0.7015783190727234","0.7015783190727234","0.7015783190727234","0.8998280167579651","0.8998280167579651","0.8998280167579651","0.6959462761878967","0.6959462761878967","0.6959462761878967","0.6942552328109741","0.6942552328109741","0.6942552328109741","0.8993880748748779","0.8993880748748779","0.8993880748748779","0.9008190631866455","0.9008190631866455","0.9008190631866455"
"12600","0.7032569646835327","0.7032569646835327","0.7032569646835327","0.8996118307113647","0.8996118307113647","0.8996118307113647","0.700837254524231","0.700837254524231","0.700837254524231","0.9004184603691101","0.9004184603691101","0.9004184603691101","0.7012103199958801","0.7012103199958801","0.7012103199958801","0.9057233333587646","0.9057233333587646","0.9057233333587646","0.713184118270874","0.713184118270874","0.713184118270874","0.7050401568412781","0.7050401568412781","0.7050401568412781","0.9022900462150574","0.9022900462150574","0.9022900462150574","0.9018663167953491","0.9018663167953491","0.9018663167953491"
"12700","0.7048854231834412","0.7048854231834412","0.7048854231834412","0.9063460826873779","0.9063460826873779","0.9063460826873779","0.698000967502594","0.698000967502594","0.698000967502594","0.8996198773384094","0.8996198773384094","0.8996198773384094","0.7012010812759399","0.7012010812759399","0.7012010812759399","0.9007909893989563","0.9007909893989563","0.9007909893989563","0.6944980621337891","0.6944980621337891","0.6944980621337891","0.6976059079170227","0.6976059079170227","0.6976059079170227","0.9001773595809937","0.9001773595809937","0.9001773595809937","0.9041363596916199","0.9041363596916199","0.9041363596916199"
"12800","0.7092580199241638","0.7092580199241638","0.7092580199241638","0.903046190738678","0.903046190738678","0.903046190738678","0.7059509754180908","0.7059509754180908","0.7059509754180908","0.8995029926300049","0.8995029926300049","0.8995029926300049","0.7028255462646484","0.7028255462646484","0.7028255462646484","0.9068281650543213","0.9068281650543213","0.9068281650543213","0.7003239989280701","0.7003239989280701","0.7003239989280701","0.6952930688858032","0.6952930688858032","0.6952930688858032","0.9028328657150269","0.9028328657150269","0.9028328657150269","0.8975773453712463","0.8975773453712463","0.8975773453712463"
"12900","0.6920381188392639","0.6920381188392639","0.6920381188392639","0.8966423273086548","0.8966423273086548","0.8966423273086548","0.7040350437164307","0.7040350437164307","0.7040350437164307","0.9043946266174316","0.9043946266174316","0.9043946266174316","0.7016597986221313","0.7016597986221313","0.7016597986221313","0.9061127305030823","0.9061127305030823","0.9061127305030823","0.704620361328125","0.704620361328125","0.704620361328125","0.7075322866439819","0.7075322866439819","0.7075322866439819","0.9064546227455139","0.9064546227455139","0.9064546227455139","0.898205041885376","0.898205041885376","0.898205041885376"
"13000","0.7056314945220947","0.7056314945220947","0.7056314945220947","0.9109023213386536","0.9109023213386536","0.9109023213386536","0.7058019042015076","0.7058019042015076","0.7058019042015076","0.90077805519104","0.90077805519104","0.90077805519104","0.6989931464195251","0.6989931464195251","0.6989931464195251","0.9021003842353821","0.9021003842353821","0.9021003842353821","0.6998700499534607","0.6998700499534607","0.6998700499534607","0.702090322971344","0.702090322971344","0.702090322971344","0.9051606059074402","0.9051606059074402","0.9051606059074402","0.9054164886474609","0.9054164886474609","0.9054164886474609"
"13100","0.7080094814300537","0.7080094814300537","0.7080094814300537","0.9032778739929199","0.9032778739929199","0.9032778739929199","0.7086071968078613","0.7086071968078613","0.7086071968078613","0.8988760113716125","0.8988760113716125","0.8988760113716125","0.7032985687255859","0.7032985687255859","0.7032985687255859","0.9043272137641907","0.9043272137641907","0.9043272137641907","0.6999395489692688","0.6999395489692688","0.6999395489692688","0.6997274160385132","0.6997274160385132","0.6997274160385132","0.8944096565246582","0.8944096565246582","0.8944096565246582","0.8991731405258179","0.8991731405258179","0.8991731405258179"
"13200","0.7058294415473938","0.7058294415473938","0.7058294415473938","0.9001979231834412","0.9001979231834412","0.9001979231834412","0.7025900483131409","0.7025900483131409","0.7025900483131409","0.903899073600769","0.903899073600769","0.903899073600769","0.7021813988685608","0.7021813988685608","0.7021813988685608","0.9068353772163391","0.9068353772163391","0.9068353772163391","0.7128227353096008","0.7128227353096008","0.7128227353096008","0.7005637288093567","0.7005637288093567","0.7005637288093567","0.9009524583816528","0.9009524583816528","0.9009524583816528","0.9016766548156738","0.9016766548156738","0.9016766548156738"
"13300","0.7029924988746643","0.7029924988746643","0.7029924988746643","0.9017770886421204","0.9017770886421204","0.9017770886421204","0.6976394057273865","0.6976394057273865","0.6976394057273865","0.9051951766014099","0.9051951766014099","0.9051951766014099","0.7031487822532654","0.7031487822532654","0.7031487822532654","0.9024737477302551","0.9024737477302551","0.9024737477302551","0.6958215236663818","0.6958215236663818","0.6958215236663818","0.7002168893814087","0.7002168893814087","0.7002168893814087","0.9049221277236938","0.9049221277236938","0.9049221277236938","0.9005472660064697","0.9005472660064697","0.9005472660064697"
"13400","0.7117260098457336","0.7117260098457336","0.7117260098457336","0.9013625979423523","0.9013625979423523","0.9013625979423523","0.7088527083396912","0.7088527083396912","0.7088527083396912","0.9071973562240601","0.9071973562240601","0.9071973562240601","0.7063846588134766","0.7063846588134766","0.7063846588134766","0.9024837017059326","0.9024837017059326","0.9024837017059326","0.7084004878997803","0.7084004878997803","0.7084004878997803","0.7039615511894226","0.7039615511894226","0.7039615511894226","0.906574010848999","0.906574010848999","0.906574010848999","0.9022111296653748","0.9022111296653748","0.9022111296653748"
"13500","0.7108396291732788","0.7108396291732788","0.7108396291732788","0.9022976160049438","0.9022976160049438","0.9022976160049438","0.7010892629623413","0.7010892629623413","0.7010892629623413","0.903718113899231","0.903718113899231","0.903718113899231","0.7068577408790588","0.7068577408790588","0.7068577408790588","0.9016844034194946","0.9016844034194946","0.9016844034194946","0.6995149850845337","0.6995149850845337","0.6995149850845337","0.7050405144691467","0.7050405144691467","0.7050405144691467","0.9041657447814941","0.9041657447814941","0.9041657447814941","0.9037794470787048","0.9037794470787048","0.9037794470787048"
"13600","0.710188627243042","0.710188627243042","0.710188627243042","0.904309868812561","0.904309868812561","0.904309868812561","0.7089555263519287","0.7089555263519287","0.7089555263519287","0.904297411441803","0.904297411441803","0.904297411441803","0.7068069577217102","0.7068069577217102","0.7068069577217102","0.9067839980125427","0.9067839980125427","0.9067839980125427","0.7040992975234985","0.7040992975234985","0.7040992975234985","0.7072092294692993","0.7072092294692993","0.7072092294692993","0.9002246260643005","0.9002246260643005","0.9002246260643005","0.9018797278404236","0.9018797278404236","0.9018797278404236"
"13700","0.7029776573181152","0.7029776573181152","0.7029776573181152","0.9054298996925354","0.9054298996925354","0.9054298996925354","0.6951603889465332","0.6951603889465332","0.6951603889465332","0.9011527895927429","0.9011527895927429","0.9011527895927429","0.7119323015213013","0.7119323015213013","0.7119323015213013","0.9088323712348938","0.9088323712348938","0.9088323712348938","0.710767924785614","0.710767924785614","0.710767924785614","0.699796736240387","0.699796736240387","0.699796736240387","0.8999606966972351","0.8999606966972351","0.8999606966972351","0.9041746258735657","0.9041746258735657","0.9041746258735657"
"13800","0.7136290073394775","0.7136290073394775","0.7136290073394775","0.9014594554901123","0.9014594554901123","0.9014594554901123","0.7038727402687073","0.7038727402687073","0.7038727402687073","0.9107654094696045","0.9107654094696045","0.9107654094696045","0.7047557234764099","0.7047557234764099","0.7047557234764099","0.9050287008285522","0.9050287008285522","0.9050287008285522","0.7088130712509155","0.7088130712509155","0.7088130712509155","0.7013697624206543","0.7013697624206543","0.7013697624206543","0.9056326150894165","0.9056326150894165","0.9056326150894165","0.9070141315460205","0.9070141315460205","0.9070141315460205"
"13900","0.7069792747497559","0.7069792747497559","0.7069792747497559","0.9076346755027771","0.9076346755027771","0.9076346755027771","0.7106924653053284","0.7106924653053284","0.7106924653053284","0.906026303768158","0.906026303768158","0.906026303768158","0.7059454917907715","0.7059454917907715","0.7059454917907715","0.9085552096366882","0.9085552096366882","0.9085552096366882","0.6972535848617554","0.6972535848617554","0.6972535848617554","0.7041370868682861","0.7041370868682861","0.7041370868682861","0.9021573066711426","0.9021573066711426","0.9021573066711426","0.9043737053871155","0.9043737053871155","0.9043737053871155"
"14000","0.7030996084213257","0.7030996084213257","0.7030996084213257","0.9009009003639221","0.9009009003639221","0.9009009003639221","0.7051712870597839","0.7051712870597839","0.7051712870597839","0.900057852268219","0.900057852268219","0.900057852268219","0.7115652561187744","0.7115652561187744","0.7115652561187744","0.8989165425300598","0.8989165425300598","0.8989165425300598","0.7032185196876526","0.7032185196876526","0.7032185196876526","0.7137130498886108","0.7137130498886108","0.7137130498886108","0.8994091749191284","0.8994091749191284","0.8994091749191284","0.9076465368270874","0.9076465368270874","0.9076465368270874"
"14100","0.7100368738174438","0.7100368738174438","0.7100368738174438","0.9042916297912598","0.9042916297912598","0.9042916297912598","0.7117912173271179","0.7117912173271179","0.7117912173271179","0.9079166650772095","0.9079166650772095","0.9079166650772095","0.7014979720115662","0.7014979720115662","0.7014979720115662","0.9041513800621033","0.9041513800621033","0.9041513800621033","0.7104317545890808","0.7104317545890808","0.7104317545890808","0.707007646560669","0.707007646560669","0.707007646560669","0.9113764762878418","0.9113764762878418","0.9113764762878418","0.8994928002357483","0.8994928002357483","0.8994928002357483"
"14200","0.7075331211090088","0.7075331211090088","0.7075331211090088","0.9054543375968933","0.9054543375968933","0.9054543375968933","0.7085696458816528","0.7085696458816528","0.7085696458816528","0.9030848741531372","0.9030848741531372","0.9030848741531372","0.6985692381858826","0.6985692381858826","0.6985692381858826","0.9074152112007141","0.9074152112007141","0.9074152112007141","0.7096603512763977","0.7096603512763977","0.7096603512763977","0.7099407911300659","0.7099407911300659","0.7099407911300659","0.9069227576255798","0.9069227576255798","0.9069227576255798","0.9080079793930054","0.9080079793930054","0.9080079793930054"
"14300","0.7033231854438782","0.7033231854438782","0.7033231854438782","0.8983222842216492","0.8983222842216492","0.8983222842216492","0.7069107294082642","0.7069107294082642","0.7069107294082642","0.9038751721382141","0.9038751721382141","0.9038751721382141","0.7165378332138062","0.7165378332138062","0.7165378332138062","0.9046429395675659","0.9046429395675659","0.9046429395675659","0.7109988927841187","0.7109988927841187","0.7109988927841187","0.7099323868751526","0.7099323868751526","0.7099323868751526","0.9059690237045288","0.9059690237045288","0.9059690237045288","0.9107469916343689","0.9107469916343689","0.9107469916343689"
"14400","0.7097200155258179","0.7097200155258179","0.7097200155258179","0.9029289484024048","0.9029289484024048","0.9029289484024048","0.7112273573875427","0.7112273573875427","0.7112273573875427","0.9111993312835693","0.9111993312835693","0.9111993312835693","0.7060360908508301","0.7060360908508301","0.7060360908508301","0.9061848521232605","0.9061848521232605","0.9061848521232605","0.6983718872070312","0.6983718872070312","0.6983718872070312","0.7069891095161438","0.7069891095161438","0.7069891095161438","0.9094963073730469","0.9094963073730469","0.9094963073730469","0.9061949253082275","0.9061949253082275","0.9061949253082275"
"14500","0.7149585485458374","0.7149585485458374","0.7149585485458374","0.9063290357589722","0.9063290357589722","0.9063290357589722","0.7066258192062378","0.7066258192062378","0.7066258192062378","0.9064949750900269","0.9064949750900269","0.9064949750900269","0.712310254573822","0.712310254573822","0.712310254573822","0.906087338924408","0.906087338924408","0.906087338924408","0.7101752758026123","0.7101752758026123","0.7101752758026123","0.6957455277442932","0.6957455277442932","0.6957455277442932","0.9142693877220154","0.9142693877220154","0.9142693877220154","0.9053265452384949","0.9053265452384949","0.9053265452384949"
"14600","0.7135124206542969","0.7135124206542969","0.7135124206542969","0.9059755206108093","0.9059755206108093","0.9059755206108093","0.7140238285064697","0.7140238285064697","0.7140238285064697","0.9062950611114502","0.9062950611114502","0.9062950611114502","0.708512544631958","0.708512544631958","0.708512544631958","0.9041288495063782","0.9041288495063782","0.9041288495063782","0.7151774764060974","0.7151774764060974","0.7151774764060974","0.7055585980415344","0.7055585980415344","0.7055585980415344","0.9111602902412415","0.9111602902412415","0.9111602902412415","0.9084489345550537","0.9084489345550537","0.9084489345550537"
"14700","0.7137958407402039","0.7137958407402039","0.7137958407402039","0.902090311050415","0.902090311050415","0.902090311050415","0.708049476146698","0.708049476146698","0.708049476146698","0.9064541459083557","0.9064541459083557","0.9064541459083557","0.7040579915046692","0.7040579915046692","0.7040579915046692","0.910927414894104","0.910927414894104","0.910927414894104","0.7047645449638367","0.7047645449638367","0.7047645449638367","0.7110942602157593","0.7110942602157593","0.7110942602157593","0.9083215594291687","0.9083215594291687","0.9083215594291687","0.9027591943740845","0.9027591943740845","0.9027591943740845"
"14800","0.7073806524276733","0.7073806524276733","0.7073806524276733","0.9063569903373718","0.9063569903373718","0.9063569903373718","0.7101895809173584","0.7101895809173584","0.7101895809173584","0.9129320383071899","0.9129320383071899","0.9129320383071899","0.712614119052887","0.712614119052887","0.712614119052887","0.9111725091934204","0.9111725091934204","0.9111725091934204","0.7107372879981995","0.7107372879981995","0.7107372879981995","0.7085258364677429","0.7085258364677429","0.7085258364677429","0.9092500805854797","0.9092500805854797","0.9092500805854797","0.9050061106681824","0.9050061106681824","0.9050061106681824"
"14900","0.714458167552948","0.714458167552948","0.714458167552948","0.9103808403015137","0.9103808403015137","0.9103808403015137","0.7039454579353333","0.7039454579353333","0.7039454579353333","0.9056504964828491","0.9056504964828491","0.9056504964828491","0.7188733816146851","0.7188733816146851","0.7188733816146851","0.9108470678329468","0.9108470678329468","0.9108470678329468","0.7079123854637146","0.7079123854637146","0.7079123854637146","0.7042589783668518","0.7042589783668518","0.7042589783668518","0.9051627516746521","0.9051627516746521","0.9051627516746521","0.9093942046165466","0.9093942046165466","0.9093942046165466"
"15000","0.7104895114898682","0.7104895114898682","0.7104895114898682","0.909288227558136","0.909288227558136","0.909288227558136","0.705799400806427","0.705799400806427","0.705799400806427","0.9080584049224854","0.9080584049224854","0.9080584049224854","0.7198508977890015","0.7198508977890015","0.7198508977890015","0.9047342538833618","0.9047342538833618","0.9047342538833618","0.7122518420219421","0.7122518420219421","0.7122518420219421","0.7051988840103149","0.7051988840103149","0.7051988840103149","0.9049161672592163","0.9049161672592163","0.9049161672592163","0.9057211875915527","0.9057211875915527","0.9057211875915527"
"15100","0.7050284743309021","0.7050284743309021","0.7050284743309021","0.908832311630249","0.908832311630249","0.908832311630249","0.7167587876319885","0.7167587876319885","0.7167587876319885","0.9151933789253235","0.9151933789253235","0.9151933789253235","0.7163223028182983","0.7163223028182983","0.7163223028182983","0.9099380970001221","0.9099380970001221","0.9099380970001221","0.715297520160675","0.715297520160675","0.715297520160675","0.7111362218856812","0.7111362218856812","0.7111362218856812","0.905809760093689","0.905809760093689","0.905809760093689","0.9081175327301025","0.9081175327301025","0.9081175327301025"
"15200","0.7142617702484131","0.7142617702484131","0.7142617702484131","0.9101898670196533","0.9101898670196533","0.9101898670196533","0.7146328091621399","0.7146328091621399","0.7146328091621399","0.9064391851425171","0.9064391851425171","0.9064391851425171","0.7145646810531616","0.7145646810531616","0.7145646810531616","0.9084797501564026","0.9084797501564026","0.9084797501564026","0.7084169983863831","0.7084169983863831","0.7084169983863831","0.7137522101402283","0.7137522101402283","0.7137522101402283","0.9117023348808289","0.9117023348808289","0.9117023348808289","0.9102903604507446","0.9102903604507446","0.9102903604507446"
"15300","0.7081582546234131","0.7081582546234131","0.7081582546234131","0.9094695448875427","0.9094695448875427","0.9094695448875427","0.7210560441017151","0.7210560441017151","0.7210560441017151","0.9125880599021912","0.9125880599021912","0.9125880599021912","0.7134943604469299","0.7134943604469299","0.7134943604469299","0.9089641571044922","0.9089641571044922","0.9089641571044922","0.7107058763504028","0.7107058763504028","0.7107058763504028","0.7075598239898682","0.7075598239898682","0.7075598239898682","0.9079984426498413","0.9079984426498413","0.9079984426498413","0.9084089398384094","0.9084089398384094","0.9084089398384094"
"15400","0.7116109728813171","0.7116109728813171","0.7116109728813171","0.9079715609550476","0.9079715609550476","0.9079715609550476","0.711526095867157","0.711526095867157","0.711526095867157","0.9069108366966248","0.9069108366966248","0.9069108366966248","0.7123976945877075","0.7123976945877075","0.7123976945877075","0.9100643396377563","0.9100643396377563","0.9100643396377563","0.7144331932067871","0.7144331932067871","0.7144331932067871","0.7115844488143921","0.7115844488143921","0.7115844488143921","0.906279444694519","0.906279444694519","0.906279444694519","0.9084372520446777","0.9084372520446777","0.9084372520446777"
"15500","0.7129224538803101","0.7129224538803101","0.7129224538803101","0.9086393713951111","0.9086393713951111","0.9086393713951111","0.7082587480545044","0.7082587480545044","0.7082587480545044","0.9121575355529785","0.9121575355529785","0.9121575355529785","0.717541515827179","0.717541515827179","0.717541515827179","0.9122132658958435","0.9122132658958435","0.9122132658958435","0.7138635516166687","0.7138635516166687","0.7138635516166687","0.7139778733253479","0.7139778733253479","0.7139778733253479","0.9075899720191956","0.9075899720191956","0.9075899720191956","0.9027276039123535","0.9027276039123535","0.9027276039123535"
"15600","0.7161486744880676","0.7161486744880676","0.7161486744880676","0.9134926795959473","0.9134926795959473","0.9134926795959473","0.716075599193573","0.716075599193573","0.716075599193573","0.904803991317749","0.904803991317749","0.904803991317749","0.7163867950439453","0.7163867950439453","0.7163867950439453","0.9113551378250122","0.9113551378250122","0.9113551378250122","0.708967924118042","0.708967924118042","0.708967924118042","0.7087796926498413","0.7087796926498413","0.7087796926498413","0.9072628617286682","0.9072628617286682","0.9072628617286682","0.9055325388908386","0.9055325388908386","0.9055325388908386"
"15700","0.7160688042640686","0.7160688042640686","0.7160688042640686","0.9120117425918579","0.9120117425918579","0.9120117425918579","0.7164265513420105","0.7164265513420105","0.7164265513420105","0.9193213582038879","0.9193213582038879","0.9193213582038879","0.713539719581604","0.713539719581604","0.713539719581604","0.9059470295906067","0.9059470295906067","0.9059470295906067","0.717792272567749","0.717792272567749","0.717792272567749","0.7107075452804565","0.7107075452804565","0.7107075452804565","0.9106282591819763","0.9106282591819763","0.9106282591819763","0.9096522331237793","0.9096522331237793","0.9096522331237793"
"15800","0.7148240804672241","0.7148240804672241","0.7148240804672241","0.9097529649734497","0.9097529649734497","0.9097529649734497","0.7184115648269653","0.7184115648269653","0.7184115648269653","0.9118096828460693","0.9118096828460693","0.9118096828460693","0.7191852331161499","0.7191852331161499","0.7191852331161499","0.90846848487854","0.90846848487854","0.90846848487854","0.7127432227134705","0.7127432227134705","0.7127432227134705","0.7190811038017273","0.7190811038017273","0.7190811038017273","0.9056944847106934","0.9056944847106934","0.9056944847106934","0.9064624309539795","0.9064624309539795","0.9064624309539795"
"15900","0.7144293189048767","0.7144293189048767","0.7144293189048767","0.9088156223297119","0.9088156223297119","0.9088156223297119","0.7170467376708984","0.7170467376708984","0.7170467376708984","0.9112619161605835","0.9112619161605835","0.9112619161605835","0.7157936692237854","0.7157936692237854","0.7157936692237854","0.9091607928276062","0.9091607928276062","0.9091607928276062","0.715836763381958","0.715836763381958","0.715836763381958","0.7100294232368469","0.7100294232368469","0.7100294232368469","0.9085854291915894","0.9085854291915894","0.9085854291915894","0.9112697839736938","0.9112697839736938","0.9112697839736938"
"16000","0.7143298983573914","0.7143298983573914","0.7143298983573914","0.9087135195732117","0.9087135195732117","0.9087135195732117","0.7070419788360596","0.7070419788360596","0.7070419788360596","0.9079692959785461","0.9079692959785461","0.9079692959785461","0.7114108800888062","0.7114108800888062","0.7114108800888062","0.9089548587799072","0.9089548587799072","0.9089548587799072","0.7182400226593018","0.7182400226593018","0.7182400226593018","0.71108078956604","0.71108078956604","0.71108078956604","0.9051992893218994","0.9051992893218994","0.9051992893218994","0.9120151996612549","0.9120151996612549","0.9120151996612549"
"16100","0.7059895992279053","0.7059895992279053","0.7059895992279053","0.908295750617981","0.908295750617981","0.908295750617981","0.715279221534729","0.715279221534729","0.715279221534729","0.91184401512146","0.91184401512146","0.91184401512146","0.7217134237289429","0.7217134237289429","0.7217134237289429","0.9130545854568481","0.9130545854568481","0.9130545854568481","0.713804304599762","0.713804304599762","0.713804304599762","0.7129496932029724","0.7129496932029724","0.7129496932029724","0.9116389751434326","0.9116389751434326","0.9116389751434326","0.913270115852356","0.913270115852356","0.913270115852356"
"16200","0.7168012261390686","0.7168012261390686","0.7168012261390686","0.9128193855285645","0.9128193855285645","0.9128193855285645","0.7189546227455139","0.7189546227455139","0.7189546227455139","0.9144788980484009","0.9144788980484009","0.9144788980484009","0.7139020562171936","0.7139020562171936","0.7139020562171936","0.9127543568611145","0.9127543568611145","0.9127543568611145","0.7183733582496643","0.7183733582496643","0.7183733582496643","0.7203347682952881","0.7203347682952881","0.7203347682952881","0.9050754308700562","0.9050754308700562","0.9050754308700562","0.9053307175636292","0.9053307175636292","0.9053307175636292"
"16300","0.7173756957054138","0.7173756957054138","0.7173756957054138","0.9076274633407593","0.9076274633407593","0.9076274633407593","0.7120177745819092","0.7120177745819092","0.7120177745819092","0.9109647274017334","0.9109647274017334","0.9109647274017334","0.718563973903656","0.718563973903656","0.718563973903656","0.9088394641876221","0.9088394641876221","0.9088394641876221","0.7121491432189941","0.7121491432189941","0.7121491432189941","0.722048282623291","0.722048282623291","0.722048282623291","0.9100410342216492","0.9100410342216492","0.9100410342216492","0.9107604026794434","0.9107604026794434","0.9107604026794434"
"16400","0.7119712233543396","0.7119712233543396","0.7119712233543396","0.9110814929008484","0.9110814929008484","0.9110814929008484","0.7132377028465271","0.7132377028465271","0.7132377028465271","0.9118115305900574","0.9118115305900574","0.9118115305900574","0.7173526883125305","0.7173526883125305","0.7173526883125305","0.9130895137786865","0.9130895137786865","0.9130895137786865","0.7193657755851746","0.7193657755851746","0.7193657755851746","0.7167944312095642","0.7167944312095642","0.7167944312095642","0.9164277911186218","0.9164277911186218","0.9164277911186218","0.9139071106910706","0.9139071106910706","0.9139071106910706"
"16500","0.7171733975410461","0.7171733975410461","0.7171733975410461","0.9125465154647827","0.9125465154647827","0.9125465154647827","0.7209783792495728","0.7209783792495728","0.7209783792495728","0.9135943055152893","0.9135943055152893","0.9135943055152893","0.7147173285484314","0.7147173285484314","0.7147173285484314","0.9161888360977173","0.9161888360977173","0.9161888360977173","0.7173161506652832","0.7173161506652832","0.7173161506652832","0.7172520160675049","0.7172520160675049","0.7172520160675049","0.9083666205406189","0.9083666205406189","0.9083666205406189","0.911561906337738","0.911561906337738","0.911561906337738"
"16600","0.7174422740936279","0.7174422740936279","0.7174422740936279","0.9137347340583801","0.9137347340583801","0.9137347340583801","0.7253392934799194","0.7253392934799194","0.7253392934799194","0.9114336967468262","0.9114336967468262","0.9114336967468262","0.7206467986106873","0.7206467986106873","0.7206467986106873","0.9123069047927856","0.9123069047927856","0.9123069047927856","0.7222440242767334","0.7222440242767334","0.7222440242767334","0.7169678211212158","0.7169678211212158","0.7169678211212158","0.9109873175621033","0.9109873175621033","0.9109873175621033","0.9127222299575806","0.9127222299575806","0.9127222299575806"
"16700","0.7196313738822937","0.7196313738822937","0.7196313738822937","0.9183055758476257","0.9183055758476257","0.9183055758476257","0.7184219360351562","0.7184219360351562","0.7184219360351562","0.9131210446357727","0.9131210446357727","0.9131210446357727","0.7187871336936951","0.7187871336936951","0.7187871336936951","0.915895402431488","0.915895402431488","0.915895402431488","0.7154843807220459","0.7154843807220459","0.7154843807220459","0.7203406691551208","0.7203406691551208","0.7203406691551208","0.9137578010559082","0.9137578010559082","0.9137578010559082","0.9076849222183228","0.9076849222183228","0.9076849222183228"
"16800","0.7142497301101685","0.7142497301101685","0.7142497301101685","0.9141035676002502","0.9141035676002502","0.9141035676002502","0.7168559432029724","0.7168559432029724","0.7168559432029724","0.9151769280433655","0.9151769280433655","0.9151769280433655","0.7170898914337158","0.7170898914337158","0.7170898914337158","0.9160374999046326","0.9160374999046326","0.9160374999046326","0.7212035655975342","0.7212035655975342","0.7212035655975342","0.7171172499656677","0.7171172499656677","0.7171172499656677","0.914153516292572","0.914153516292572","0.914153516292572","0.9074766635894775","0.9074766635894775","0.9074766635894775"
"16900","0.7138440012931824","0.7138440012931824","0.7138440012931824","0.9139643907546997","0.9139643907546997","0.9139643907546997","0.7109919786453247","0.7109919786453247","0.7109919786453247","0.9147437214851379","0.9147437214851379","0.9147437214851379","0.7241595387458801","0.7241595387458801","0.7241595387458801","0.9165241122245789","0.9165241122245789","0.9165241122245789","0.7246289253234863","0.7246289253234863","0.7246289253234863","0.7199146151542664","0.7199146151542664","0.7199146151542664","0.9121705889701843","0.9121705889701843","0.9121705889701843","0.9117034673690796","0.9117034673690796","0.9117034673690796"
"17000","0.7162521481513977","0.7162521481513977","0.7162521481513977","0.9129960536956787","0.9129960536956787","0.9129960536956787","0.717285692691803","0.717285692691803","0.717285692691803","0.9140508770942688","0.9140508770942688","0.9140508770942688","0.7153275012969971","0.7153275012969971","0.7153275012969971","0.9126465320587158","0.9126465320587158","0.9126465320587158","0.7181958556175232","0.7181958556175232","0.7181958556175232","0.7074370384216309","0.7074370384216309","0.7074370384216309","0.9166009426116943","0.9166009426116943","0.9166009426116943","0.9132804870605469","0.9132804870605469","0.9132804870605469"
"17100","0.7233833074569702","0.7233833074569702","0.7233833074569702","0.9140012860298157","0.9140012860298157","0.9140012860298157","0.7180137634277344","0.7180137634277344","0.7180137634277344","0.9157407879829407","0.9157407879829407","0.9157407879829407","0.7118794918060303","0.7118794918060303","0.7118794918060303","0.9177437424659729","0.9177437424659729","0.9177437424659729","0.7135146856307983","0.7135146856307983","0.7135146856307983","0.7164232134819031","0.7164232134819031","0.7164232134819031","0.9071936011314392","0.9071936011314392","0.9071936011314392","0.9159915447235107","0.9159915447235107","0.9159915447235107"
"17200","0.7193200588226318","0.7193200588226318","0.7193200588226318","0.9168431162834167","0.9168431162834167","0.9168431162834167","0.713218629360199","0.713218629360199","0.713218629360199","0.9156205654144287","0.9156205654144287","0.9156205654144287","0.7180968523025513","0.7180968523025513","0.7180968523025513","0.9128309488296509","0.9128309488296509","0.9128309488296509","0.7239952087402344","0.7239952087402344","0.7239952087402344","0.71917325258255","0.71917325258255","0.71917325258255","0.9140092730522156","0.9140092730522156","0.9140092730522156","0.9123853445053101","0.9123853445053101","0.9123853445053101"
"17300","0.7196522355079651","0.7196522355079651","0.7196522355079651","0.9176371693611145","0.9176371693611145","0.9176371693611145","0.7231767773628235","0.7231767773628235","0.7231767773628235","0.9141823649406433","0.9141823649406433","0.9141823649406433","0.7211275696754456","0.7211275696754456","0.7211275696754456","0.9110927581787109","0.9110927581787109","0.9110927581787109","0.7238785028457642","0.7238785028457642","0.7238785028457642","0.7149587273597717","0.7149587273597717","0.7149587273597717","0.9084516167640686","0.9084516167640686","0.9084516167640686","0.9134545922279358","0.9134545922279358","0.9134545922279358"
"17400","0.7231529355049133","0.7231529355049133","0.7231529355049133","0.9123010039329529","0.9123010039329529","0.9123010039329529","0.7212415933609009","0.7212415933609009","0.7212415933609009","0.9144247174263","0.9144247174263","0.9144247174263","0.7140841484069824","0.7140841484069824","0.7140841484069824","0.9117758274078369","0.9117758274078369","0.9117758274078369","0.7161496877670288","0.7161496877670288","0.7161496877670288","0.7175271511077881","0.7175271511077881","0.7175271511077881","0.9128196239471436","0.9128196239471436","0.9128196239471436","0.9116634130477905","0.9116634130477905","0.9116634130477905"
"17500","0.7214750647544861","0.7214750647544861","0.7214750647544861","0.9170447587966919","0.9170447587966919","0.9170447587966919","0.7125599384307861","0.7125599384307861","0.7125599384307861","0.9145137667655945","0.9145137667655945","0.9145137667655945","0.7244553565979004","0.7244553565979004","0.7244553565979004","0.9175463914871216","0.9175463914871216","0.9175463914871216","0.7286921739578247","0.7286921739578247","0.7286921739578247","0.7199762463569641","0.7199762463569641","0.7199762463569641","0.9173129200935364","0.9173129200935364","0.9173129200935364","0.9187524318695068","0.9187524318695068","0.9187524318695068"
"17600","0.716274082660675","0.716274082660675","0.716274082660675","0.9156233072280884","0.9156233072280884","0.9156233072280884","0.7112595438957214","0.7112595438957214","0.7112595438957214","0.9144238829612732","0.9144238829612732","0.9144238829612732","0.7198283672332764","0.7198283672332764","0.7198283672332764","0.9157084822654724","0.9157084822654724","0.9157084822654724","0.7216900587081909","0.7216900587081909","0.7216900587081909","0.7150390148162842","0.7150390148162842","0.7150390148162842","0.9174700379371643","0.9174700379371643","0.9174700379371643","0.9146973490715027","0.9146973490715027","0.9146973490715027"
"17700","0.7192821502685547","0.7192821502685547","0.7192821502685547","0.9119622111320496","0.9119622111320496","0.9119622111320496","0.7160928845405579","0.7160928845405579","0.7160928845405579","0.9175422191619873","0.9175422191619873","0.9175422191619873","0.7304107546806335","0.7304107546806335","0.7304107546806335","0.9199302196502686","0.9199302196502686","0.9199302196502686","0.7163615226745605","0.7163615226745605","0.7163615226745605","0.717698872089386","0.717698872089386","0.717698872089386","0.9143783450126648","0.9143783450126648","0.9143783450126648","0.9124326109886169","0.9124326109886169","0.9124326109886169"
"17800","0.7200877666473389","0.7200877666473389","0.7200877666473389","0.918760359287262","0.918760359287262","0.918760359287262","0.7218906283378601","0.7218906283378601","0.7218906283378601","0.9186734557151794","0.9186734557151794","0.9186734557151794","0.7225344777107239","0.7225344777107239","0.7225344777107239","0.9189967513084412","0.9189967513084412","0.9189967513084412","0.7154325842857361","0.7154325842857361","0.7154325842857361","0.7175060510635376","0.7175060510635376","0.7175060510635376","0.9160542488098145","0.9160542488098145","0.9160542488098145","0.9181613922119141","0.9181613922119141","0.9181613922119141"
"17900","0.7156571745872498","0.7156571745872498","0.7156571745872498","0.9202644228935242","0.9202644228935242","0.9202644228935242","0.7207951545715332","0.7207951545715332","0.7207951545715332","0.9137430787086487","0.9137430787086487","0.9137430787086487","0.7176031470298767","0.7176031470298767","0.7176031470298767","0.9175829887390137","0.9175829887390137","0.9175829887390137","0.7270540595054626","0.7270540595054626","0.7270540595054626","0.7216600179672241","0.7216600179672241","0.7216600179672241","0.9152787923812866","0.9152787923812866","0.9152787923812866","0.916761040687561","0.916761040687561","0.916761040687561"
"18000","0.7183714509010315","0.7183714509010315","0.7183714509010315","0.9144403338432312","0.9144403338432312","0.9144403338432312","0.7174115777015686","0.7174115777015686","0.7174115777015686","0.9202061295509338","0.9202061295509338","0.9202061295509338","0.7223237752914429","0.7223237752914429","0.7223237752914429","0.9176590442657471","0.9176590442657471","0.9176590442657471","0.7185921669006348","0.7185921669006348","0.7185921669006348","0.7218565940856934","0.7218565940856934","0.7218565940856934","0.9114772081375122","0.9114772081375122","0.9114772081375122","0.9150713086128235","0.9150713086128235","0.9150713086128235"
"18100","0.716728150844574","0.716728150844574","0.716728150844574","0.9131060838699341","0.9131060838699341","0.9131060838699341","0.7207699418067932","0.7207699418067932","0.7207699418067932","0.9199870824813843","0.9199870824813843","0.9199870824813843","0.7246000170707703","0.7246000170707703","0.7246000170707703","0.915203332901001","0.915203332901001","0.915203332901001","0.7220097184181213","0.7220097184181213","0.7220097184181213","0.7256746888160706","0.7256746888160706","0.7256746888160706","0.9173034429550171","0.9173034429550171","0.9173034429550171","0.9152411818504333","0.9152411818504333","0.9152411818504333"
"18200","0.7278974056243896","0.7278974056243896","0.7278974056243896","0.9169561266899109","0.9169561266899109","0.9169561266899109","0.7262028455734253","0.7262028455734253","0.7262028455734253","0.9142346978187561","0.9142346978187561","0.9142346978187561","0.7214403748512268","0.7214403748512268","0.7214403748512268","0.9175603985786438","0.9175603985786438","0.9175603985786438","0.7240545749664307","0.7240545749664307","0.7240545749664307","0.720940113067627","0.720940113067627","0.720940113067627","0.9175316095352173","0.9175316095352173","0.9175316095352173","0.9152216911315918","0.9152216911315918","0.9152216911315918"
"18300","0.7220267653465271","0.7220267653465271","0.7220267653465271","0.918121874332428","0.918121874332428","0.918121874332428","0.7242563366889954","0.7242563366889954","0.7242563366889954","0.9181357026100159","0.9181357026100159","0.9181357026100159","0.7189993262290955","0.7189993262290955","0.7189993262290955","0.9209815859794617","0.9209815859794617","0.9209815859794617","0.722800076007843","0.722800076007843","0.722800076007843","0.7228238582611084","0.7228238582611084","0.7228238582611084","0.9172801375389099","0.9172801375389099","0.9172801375389099","0.9136096239089966","0.9136096239089966","0.9136096239089966"
"18400","0.7179769277572632","0.7179769277572632","0.7179769277572632","0.9159714579582214","0.9159714579582214","0.9159714579582214","0.7219992280006409","0.7219992280006409","0.7219992280006409","0.915561318397522","0.915561318397522","0.915561318397522","0.7169031500816345","0.7169031500816345","0.7169031500816345","0.9168139100074768","0.9168139100074768","0.9168139100074768","0.7234603762626648","0.7234603762626648","0.7234603762626648","0.7184954881668091","0.7184954881668091","0.7184954881668091","0.913542628288269","0.913542628288269","0.913542628288269","0.9241504073143005","0.9241504073143005","0.9241504073143005"
"18500","0.7267324328422546","0.7267324328422546","0.7267324328422546","0.9205755591392517","0.9205755591392517","0.9205755591392517","0.7269392609596252","0.7269392609596252","0.7269392609596252","0.920173704624176","0.920173704624176","0.920173704624176","0.7154090404510498","0.7154090404510498","0.7154090404510498","0.9169896841049194","0.9169896841049194","0.9169896841049194","0.7211859822273254","0.7211859822273254","0.7211859822273254","0.7151191234588623","0.7151191234588623","0.7151191234588623","0.918027400970459","0.918027400970459","0.918027400970459","0.9194183349609375","0.9194183349609375","0.9194183349609375"
"18600","0.7218847870826721","0.7218847870826721","0.7218847870826721","0.9170081615447998","0.9170081615447998","0.9170081615447998","0.7189500331878662","0.7189500331878662","0.7189500331878662","0.9180393815040588","0.9180393815040588","0.9180393815040588","0.7275363206863403","0.7275363206863403","0.7275363206863403","0.9188527464866638","0.9188527464866638","0.9188527464866638","0.7263962626457214","0.7263962626457214","0.7263962626457214","0.7270587086677551","0.7270587086677551","0.7270587086677551","0.9145911931991577","0.9145911931991577","0.9145911931991577","0.9167417883872986","0.9167417883872986","0.9167417883872986"
"18700","0.7283323407173157","0.7283323407173157","0.7283323407173157","0.919599711894989","0.919599711894989","0.919599711894989","0.7213515639305115","0.7213515639305115","0.7213515639305115","0.9229488968849182","0.9229488968849182","0.9229488968849182","0.7239108085632324","0.7239108085632324","0.7239108085632324","0.9201526045799255","0.9201526045799255","0.9201526045799255","0.7261298894882202","0.7261298894882202","0.7261298894882202","0.721520185470581","0.721520185470581","0.721520185470581","0.9174387454986572","0.9174387454986572","0.9174387454986572","0.9209433197975159","0.9209433197975159","0.9209433197975159"
"18800","0.7258740067481995","0.7258740067481995","0.7258740067481995","0.916350245475769","0.916350245475769","0.916350245475769","0.7236720323562622","0.7236720323562622","0.7236720323562622","0.9186921715736389","0.9186921715736389","0.9186921715736389","0.7220585346221924","0.7220585346221924","0.7220585346221924","0.9142778515815735","0.9142778515815735","0.9142778515815735","0.7210524082183838","0.7210524082183838","0.7210524082183838","0.721106767654419","0.721106767654419","0.721106767654419","0.9191256165504456","0.9191256165504456","0.9191256165504456","0.9127085208892822","0.9127085208892822","0.9127085208892822"
"18900","0.7333143353462219","0.7333143353462219","0.7333143353462219","0.9225894808769226","0.9225894808769226","0.9225894808769226","0.7251023650169373","0.7251023650169373","0.7251023650169373","0.9179583787918091","0.9179583787918091","0.9179583787918091","0.7197120189666748","0.7197120189666748","0.7197120189666748","0.9179573059082031","0.9179573059082031","0.9179573059082031","0.7276551127433777","0.7276551127433777","0.7276551127433777","0.7187519669532776","0.7187519669532776","0.7187519669532776","0.9208565354347229","0.9208565354347229","0.9208565354347229","0.9212320446968079","0.9212320446968079","0.9212320446968079"
"19000","0.7235352993011475","0.7235352993011475","0.7235352993011475","0.9183093309402466","0.9183093309402466","0.9183093309402466","0.7208232879638672","0.7208232879638672","0.7208232879638672","0.9189873337745667","0.9189873337745667","0.9189873337745667","0.7159731388092041","0.7159731388092041","0.7159731388092041","0.9236221313476562","0.9236221313476562","0.9236221313476562","0.7256838083267212","0.7256838083267212","0.7256838083267212","0.7278666496276855","0.7278666496276855","0.7278666496276855","0.9228824377059937","0.9228824377059937","0.9228824377059937","0.9156082272529602","0.9156082272529602","0.9156082272529602"
"19100","0.7340725660324097","0.7340725660324097","0.7340725660324097","0.9226114153862","0.9226114153862","0.9226114153862","0.7303117513656616","0.7303117513656616","0.7303117513656616","0.9180956482887268","0.9180956482887268","0.9180956482887268","0.7230493426322937","0.7230493426322937","0.7230493426322937","0.9201744198799133","0.9201744198799133","0.9201744198799133","0.7258608937263489","0.7258608937263489","0.7258608937263489","0.7218066453933716","0.7218066453933716","0.7218066453933716","0.9207332134246826","0.9207332134246826","0.9207332134246826","0.9173949956893921","0.9173949956893921","0.9173949956893921"
"19200","0.7237522006034851","0.7237522006034851","0.7237522006034851","0.9184953570365906","0.9184953570365906","0.9184953570365906","0.7300108075141907","0.7300108075141907","0.7300108075141907","0.9216722249984741","0.9216722249984741","0.9216722249984741","0.7225561738014221","0.7225561738014221","0.7225561738014221","0.9255297780036926","0.9255297780036926","0.9255297780036926","0.7230782508850098","0.7230782508850098","0.7230782508850098","0.7229787707328796","0.7229787707328796","0.7229787707328796","0.9156347513198853","0.9156347513198853","0.9156347513198853","0.9145728349685669","0.9145728349685669","0.9145728349685669"
"19300","0.724219799041748","0.724219799041748","0.724219799041748","0.9168292284011841","0.9168292284011841","0.9168292284011841","0.7340445518493652","0.7340445518493652","0.7340445518493652","0.9166505932807922","0.9166505932807922","0.9166505932807922","0.7247852087020874","0.7247852087020874","0.7247852087020874","0.9193975329399109","0.9193975329399109","0.9193975329399109","0.7227658033370972","0.7227658033370972","0.7227658033370972","0.7271069884300232","0.7271069884300232","0.7271069884300232","0.9185373187065125","0.9185373187065125","0.9185373187065125","0.922244668006897","0.922244668006897","0.922244668006897"
"19400","0.7200561761856079","0.7200561761856079","0.7200561761856079","0.9224916696548462","0.9224916696548462","0.9224916696548462","0.7281439900398254","0.7281439900398254","0.7281439900398254","0.9142616391181946","0.9142616391181946","0.9142616391181946","0.7236676812171936","0.7236676812171936","0.7236676812171936","0.9175419807434082","0.9175419807434082","0.9175419807434082","0.7238946557044983","0.7238946557044983","0.7238946557044983","0.7219679355621338","0.7219679355621338","0.7219679355621338","0.925068199634552","0.925068199634552","0.925068199634552","0.9182391166687012","0.9182391166687012","0.9182391166687012"
"19500","0.7269600629806519","0.7269600629806519","0.7269600629806519","0.920163631439209","0.920163631439209","0.920163631439209","0.7228404879570007","0.7228404879570007","0.7228404879570007","0.9158139228820801","0.9158139228820801","0.9158139228820801","0.72845458984375","0.72845458984375","0.72845458984375","0.9157910346984863","0.9157910346984863","0.9157910346984863","0.7206112146377563","0.7206112146377563","0.7206112146377563","0.725959837436676","0.725959837436676","0.725959837436676","0.9255106449127197","0.9255106449127197","0.9255106449127197","0.921123743057251","0.921123743057251","0.921123743057251"
"19600","0.729625403881073","0.729625403881073","0.729625403881073","0.9172536730766296","0.9172536730766296","0.9172536730766296","0.7256259322166443","0.7256259322166443","0.7256259322166443","0.9164128303527832","0.9164128303527832","0.9164128303527832","0.7198905348777771","0.7198905348777771","0.7198905348777771","0.9205893874168396","0.9205893874168396","0.9205893874168396","0.7301456928253174","0.7301456928253174","0.7301456928253174","0.7219955921173096","0.7219955921173096","0.7219955921173096","0.923237144947052","0.923237144947052","0.923237144947052","0.9220922589302063","0.9220922589302063","0.9220922589302063"
"19700","0.7271870970726013","0.7271870970726013","0.7271870970726013","0.9175025820732117","0.9175025820732117","0.9175025820732117","0.7301604747772217","0.7301604747772217","0.7301604747772217","0.9210339188575745","0.9210339188575745","0.9210339188575745","0.7297504544258118","0.7297504544258118","0.7297504544258118","0.9188047647476196","0.9188047647476196","0.9188047647476196","0.7222557663917542","0.7222557663917542","0.7222557663917542","0.7225292325019836","0.7225292325019836","0.7225292325019836","0.9254150986671448","0.9254150986671448","0.9254150986671448","0.9169066548347473","0.9169066548347473","0.9169066548347473"
"19800","0.722451388835907","0.722451388835907","0.722451388835907","0.919413149356842","0.919413149356842","0.919413149356842","0.7286553382873535","0.7286553382873535","0.7286553382873535","0.9243057370185852","0.9243057370185852","0.9243057370185852","0.7282642126083374","0.7282642126083374","0.7282642126083374","0.9185963273048401","0.9185963273048401","0.9185963273048401","0.7254227995872498","0.7254227995872498","0.7254227995872498","0.7228417992591858","0.7228417992591858","0.7228417992591858","0.9194152355194092","0.9194152355194092","0.9194152355194092","0.9183202981948853","0.9183202981948853","0.9183202981948853"
"19900","0.7323846220970154","0.7323846220970154","0.7323846220970154","0.9214160442352295","0.9214160442352295","0.9214160442352295","0.735457181930542","0.735457181930542","0.735457181930542","0.9284307360649109","0.9284307360649109","0.9284307360649109","0.7281877398490906","0.7281877398490906","0.7281877398490906","0.9242154955863953","0.9242154955863953","0.9242154955863953","0.7348114848136902","0.7348114848136902","0.7348114848136902","0.7281099557876587","0.7281099557876587","0.7281099557876587","0.9202998876571655","0.9202998876571655","0.9202998876571655","0.9226486682891846","0.9226486682891846","0.9226486682891846"
"20000","0.7287192344665527","0.7287192344665527","0.7287192344665527","0.9187867641448975","0.9187867641448975","0.9187867641448975","0.7328615784645081","0.7328615784645081","0.7328615784645081","0.9219496846199036","0.9219496846199036","0.9219496846199036","0.7253808379173279","0.7253808379173279","0.7253808379173279","0.9198251366615295","0.9198251366615295","0.9198251366615295","0.7275353074073792","0.7275353074073792","0.7275353074073792","0.7259128093719482","0.7259128093719482","0.7259128093719482","0.9229922294616699","0.9229922294616699","0.9229922294616699","0.9217126965522766","0.9217126965522766","0.9217126965522766"
"20100","0.7250331044197083","0.7250331044197083","0.7250331044197083","0.9238772392272949","0.9238772392272949","0.9238772392272949","0.7313756346702576","0.7313756346702576","0.7313756346702576","0.9192742705345154","0.9192742705345154","0.9192742705345154","0.7238408923149109","0.7238408923149109","0.7238408923149109","0.9241389632225037","0.9241389632225037","0.9241389632225037","0.7247156500816345","0.7247156500816345","0.7247156500816345","0.7311285138130188","0.7311285138130188","0.7311285138130188","0.9170110821723938","0.9170110821723938","0.9170110821723938","0.9150971174240112","0.9150971174240112","0.9150971174240112"
"20200","0.7235374450683594","0.7235374450683594","0.7235374450683594","0.9226142168045044","0.9226142168045044","0.9226142168045044","0.728994607925415","0.728994607925415","0.728994607925415","0.9236267805099487","0.9236267805099487","0.9236267805099487","0.7265093326568604","0.7265093326568604","0.7265093326568604","0.9212107062339783","0.9212107062339783","0.9212107062339783","0.7368299961090088","0.7368299961090088","0.7368299961090088","0.7306091785430908","0.7306091785430908","0.7306091785430908","0.9217092394828796","0.9217092394828796","0.9217092394828796","0.9193512797355652","0.9193512797355652","0.9193512797355652"
"20300","0.7174450159072876","0.7174450159072876","0.7174450159072876","0.9152224063873291","0.9152224063873291","0.9152224063873291","0.7287813425064087","0.7287813425064087","0.7287813425064087","0.9231994152069092","0.9231994152069092","0.9231994152069092","0.7298275232315063","0.7298275232315063","0.7298275232315063","0.9213581681251526","0.9213581681251526","0.9213581681251526","0.725557804107666","0.725557804107666","0.725557804107666","0.7248644232749939","0.7248644232749939","0.7248644232749939","0.9228349924087524","0.9228349924087524","0.9228349924087524","0.9226657748222351","0.9226657748222351","0.9226657748222351"
"20400","0.7287587523460388","0.7287587523460388","0.7287587523460388","0.9155676364898682","0.9155676364898682","0.9155676364898682","0.7228976488113403","0.7228976488113403","0.7228976488113403","0.9198945760726929","0.9198945760726929","0.9198945760726929","0.7231226563453674","0.7231226563453674","0.7231226563453674","0.9215930700302124","0.9215930700302124","0.9215930700302124","0.7311304211616516","0.7311304211616516","0.7311304211616516","0.7263541221618652","0.7263541221618652","0.7263541221618652","0.9201918244361877","0.9201918244361877","0.9201918244361877","0.9144788384437561","0.9144788384437561","0.9144788384437561"
"20500","0.7229697704315186","0.7229697704315186","0.7229697704315186","0.9274508953094482","0.9274508953094482","0.9274508953094482","0.7297161817550659","0.7297161817550659","0.7297161817550659","0.9178222417831421","0.9178222417831421","0.9178222417831421","0.727185845375061","0.727185845375061","0.727185845375061","0.9196155667304993","0.9196155667304993","0.9196155667304993","0.7205255031585693","0.7205255031585693","0.7205255031585693","0.7300321459770203","0.7300321459770203","0.7300321459770203","0.920406699180603","0.920406699180603","0.920406699180603","0.9203386902809143","0.9203386902809143","0.9203386902809143"
"20600","0.7282252311706543","0.7282252311706543","0.7282252311706543","0.9225960373878479","0.9225960373878479","0.9225960373878479","0.7290436625480652","0.7290436625480652","0.7290436625480652","0.9259446859359741","0.9259446859359741","0.9259446859359741","0.7257877588272095","0.7257877588272095","0.7257877588272095","0.9261364936828613","0.9261364936828613","0.9261364936828613","0.7306490540504456","0.7306490540504456","0.7306490540504456","0.7268527746200562","0.7268527746200562","0.7268527746200562","0.9237371683120728","0.9237371683120728","0.9237371683120728","0.9195983409881592","0.9195983409881592","0.9195983409881592"
"20700","0.7299298644065857","0.7299298644065857","0.7299298644065857","0.9204109907150269","0.9204109907150269","0.9204109907150269","0.7386683821678162","0.7386683821678162","0.7386683821678162","0.9202549457550049","0.9202549457550049","0.9202549457550049","0.7317078113555908","0.7317078113555908","0.7317078113555908","0.9216402173042297","0.9216402173042297","0.9216402173042297","0.7312825918197632","0.7312825918197632","0.7312825918197632","0.7228792309761047","0.7228792309761047","0.7228792309761047","0.9229583144187927","0.9229583144187927","0.9229583144187927","0.9222936034202576","0.9222936034202576","0.9222936034202576"
"20800","0.7270407676696777","0.7270407676696777","0.7270407676696777","0.9180404543876648","0.9180404543876648","0.9180404543876648","0.7311100959777832","0.7311100959777832","0.7311100959777832","0.9190080165863037","0.9190080165863037","0.9190080165863037","0.727506697177887","0.727506697177887","0.727506697177887","0.9260055422782898","0.9260055422782898","0.9260055422782898","0.7227161526679993","0.7227161526679993","0.7227161526679993","0.7279310822486877","0.7279310822486877","0.7279310822486877","0.920727550983429","0.920727550983429","0.920727550983429","0.922863245010376","0.922863245010376","0.922863245010376"
"20900","0.7304543852806091","0.7304543852806091","0.7304543852806091","0.9277616143226624","0.9277616143226624","0.9277616143226624","0.7304176092147827","0.7304176092147827","0.7304176092147827","0.9238283634185791","0.9238283634185791","0.9238283634185791","0.7317035794258118","0.7317035794258118","0.7317035794258118","0.926612377166748","0.926612377166748","0.926612377166748","0.7247887253761292","0.7247887253761292","0.7247887253761292","0.7308285236358643","0.7308285236358643","0.7308285236358643","0.9239186644554138","0.9239186644554138","0.9239186644554138","0.9230091571807861","0.9230091571807861","0.9230091571807861"
"21000","0.7359970808029175","0.7359970808029175","0.7359970808029175","0.9264956116676331","0.9264956116676331","0.9264956116676331","0.7256827354431152","0.7256827354431152","0.7256827354431152","0.9215371608734131","0.9215371608734131","0.9215371608734131","0.730400025844574","0.730400025844574","0.730400025844574","0.9223998188972473","0.9223998188972473","0.9223998188972473","0.7289831042289734","0.7289831042289734","0.7289831042289734","0.7332937121391296","0.7332937121391296","0.7332937121391296","0.9252302050590515","0.9252302050590515","0.9252302050590515","0.9238918423652649","0.9238918423652649","0.9238918423652649"
"21100","0.7253793478012085","0.7253793478012085","0.7253793478012085","0.9247215390205383","0.9247215390205383","0.9247215390205383","0.7390983700752258","0.7390983700752258","0.7390983700752258","0.9228758811950684","0.9228758811950684","0.9228758811950684","0.7391746640205383","0.7391746640205383","0.7391746640205383","0.9272485375404358","0.9272485375404358","0.9272485375404358","0.7341632843017578","0.7341632843017578","0.7341632843017578","0.7258662581443787","0.7258662581443787","0.7258662581443787","0.9277852773666382","0.9277852773666382","0.9277852773666382","0.9219234585762024","0.9219234585762024","0.9219234585762024"
"21200","0.7276799082756042","0.7276799082756042","0.7276799082756042","0.9214614033699036","0.9214614033699036","0.9214614033699036","0.7315741777420044","0.7315741777420044","0.7315741777420044","0.9237237572669983","0.9237237572669983","0.9237237572669983","0.7358976602554321","0.7358976602554321","0.7358976602554321","0.931922972202301","0.931922972202301","0.931922972202301","0.7248616218566895","0.7248616218566895","0.7248616218566895","0.726004958152771","0.726004958152771","0.726004958152771","0.9272291660308838","0.9272291660308838","0.9272291660308838","0.9222478270530701","0.9222478270530701","0.9222478270530701"
"21300","0.7266650199890137","0.7266650199890137","0.7266650199890137","0.9168144464492798","0.9168144464492798","0.9168144464492798","0.7371323108673096","0.7371323108673096","0.7371323108673096","0.9274027943611145","0.9274027943611145","0.9274027943611145","0.7293657660484314","0.7293657660484314","0.7293657660484314","0.9229103326797485","0.9229103326797485","0.9229103326797485","0.7319835424423218","0.7319835424423218","0.7319835424423218","0.7153672575950623","0.7153672575950623","0.7153672575950623","0.9198185205459595","0.9198185205459595","0.9198185205459595","0.9242298007011414","0.9242298007011414","0.9242298007011414"
"21400","0.7283072471618652","0.7283072471618652","0.7283072471618652","0.9214945435523987","0.9214945435523987","0.9214945435523987","0.7325156927108765","0.7325156927108765","0.7325156927108765","0.9224158525466919","0.9224158525466919","0.9224158525466919","0.72559654712677","0.72559654712677","0.72559654712677","0.9281594753265381","0.9281594753265381","0.9281594753265381","0.7307451367378235","0.7307451367378235","0.7307451367378235","0.7345496416091919","0.7345496416091919","0.7345496416091919","0.921551525592804","0.921551525592804","0.921551525592804","0.9261801838874817","0.9261801838874817","0.9261801838874817"
"21500","0.727435827255249","0.727435827255249","0.727435827255249","0.9226238131523132","0.9226238131523132","0.9226238131523132","0.726789653301239","0.726789653301239","0.726789653301239","0.9268673062324524","0.9268673062324524","0.9268673062324524","0.7357478141784668","0.7357478141784668","0.7357478141784668","0.922778308391571","0.922778308391571","0.922778308391571","0.7322611808776855","0.7322611808776855","0.7322611808776855","0.7240584492683411","0.7240584492683411","0.7240584492683411","0.9218159317970276","0.9218159317970276","0.9218159317970276","0.9241195917129517","0.9241195917129517","0.9241195917129517"
"21600","0.7330156564712524","0.7330156564712524","0.7330156564712524","0.9207080006599426","0.9207080006599426","0.9207080006599426","0.7278876304626465","0.7278876304626465","0.7278876304626465","0.9262235760688782","0.9262235760688782","0.9262235760688782","0.7264038920402527","0.7264038920402527","0.7264038920402527","0.9236758947372437","0.9236758947372437","0.9236758947372437","0.730659544467926","0.730659544467926","0.730659544467926","0.7302316427230835","0.7302316427230835","0.7302316427230835","0.9208900928497314","0.9208900928497314","0.9208900928497314","0.9252292513847351","0.9252292513847351","0.9252292513847351"
"21700","0.7301567792892456","0.7301567792892456","0.7301567792892456","0.9250543713569641","0.9250543713569641","0.9250543713569641","0.7336550354957581","0.7336550354957581","0.7336550354957581","0.9247815012931824","0.9247815012931824","0.9247815012931824","0.7306060791015625","0.7306060791015625","0.7306060791015625","0.9164980053901672","0.9164980053901672","0.9164980053901672","0.7359496355056763","0.7359496355056763","0.7359496355056763","0.732087254524231","0.732087254524231","0.732087254524231","0.9247970581054688","0.9247970581054688","0.9247970581054688","0.9258138537406921","0.9258138537406921","0.9258138537406921"
"21800","0.7195034623146057","0.7195034623146057","0.7195034623146057","0.9239810705184937","0.9239810705184937","0.9239810705184937","0.731730580329895","0.731730580329895","0.731730580329895","0.9244440197944641","0.9244440197944641","0.9244440197944641","0.7304959893226624","0.7304959893226624","0.7304959893226624","0.9248462915420532","0.9248462915420532","0.9248462915420532","0.7284436821937561","0.7284436821937561","0.7284436821937561","0.7323325276374817","0.7323325276374817","0.7323325276374817","0.9262998700141907","0.9262998700141907","0.9262998700141907","0.9227241277694702","0.9227241277694702","0.9227241277694702"
"21900","0.7311723828315735","0.7311723828315735","0.7311723828315735","0.9215681552886963","0.9215681552886963","0.9215681552886963","0.7257030606269836","0.7257030606269836","0.7257030606269836","0.9181131720542908","0.9181131720542908","0.9181131720542908","0.7331445813179016","0.7331445813179016","0.7331445813179016","0.9314359426498413","0.9314359426498413","0.9314359426498413","0.7287423014640808","0.7287423014640808","0.7287423014640808","0.734473705291748","0.734473705291748","0.734473705291748","0.9282649755477905","0.9282649755477905","0.9282649755477905","0.9270403385162354","0.9270403385162354","0.9270403385162354"
"22000","0.7343635559082031","0.7343635559082031","0.7343635559082031","0.9236332774162292","0.9236332774162292","0.9236332774162292","0.7314791083335876","0.7314791083335876","0.7314791083335876","0.9202908873558044","0.9202908873558044","0.9202908873558044","0.7322785258293152","0.7322785258293152","0.7322785258293152","0.9294540286064148","0.9294540286064148","0.9294540286064148","0.7347793579101562","0.7347793579101562","0.7347793579101562","0.7245011925697327","0.7245011925697327","0.7245011925697327","0.9254189133644104","0.9254189133644104","0.9254189133644104","0.9205129742622375","0.9205129742622375","0.9205129742622375"
"22100","0.7331652641296387","0.7331652641296387","0.7331652641296387","0.9251489043235779","0.9251489043235779","0.9251489043235779","0.7241963148117065","0.7241963148117065","0.7241963148117065","0.9193055629730225","0.9193055629730225","0.9193055629730225","0.735597550868988","0.735597550868988","0.735597550868988","0.9290724396705627","0.9290724396705627","0.9290724396705627","0.7290181517601013","0.7290181517601013","0.7290181517601013","0.7336485981941223","0.7336485981941223","0.7336485981941223","0.9236554503440857","0.9236554503440857","0.9236554503440857","0.9229417443275452","0.9229417443275452","0.9229417443275452"
"22200","0.7297437787055969","0.7297437787055969","0.7297437787055969","0.9247373342514038","0.9247373342514038","0.9247373342514038","0.733053982257843","0.733053982257843","0.733053982257843","0.9244112968444824","0.9244112968444824","0.9244112968444824","0.7315690517425537","0.7315690517425537","0.7315690517425537","0.928723931312561","0.928723931312561","0.928723931312561","0.7245715856552124","0.7245715856552124","0.7245715856552124","0.7371360659599304","0.7371360659599304","0.7371360659599304","0.9209626913070679","0.9209626913070679","0.9209626913070679","0.9264877438545227","0.9264877438545227","0.9264877438545227"
"22300","0.7361760139465332","0.7361760139465332","0.7361760139465332","0.9231577515602112","0.9231577515602112","0.9231577515602112","0.7329801321029663","0.7329801321029663","0.7329801321029663","0.9212400317192078","0.9212400317192078","0.9212400317192078","0.7351812720298767","0.7351812720298767","0.7351812720298767","0.9252284169197083","0.9252284169197083","0.9252284169197083","0.7295842170715332","0.7295842170715332","0.7295842170715332","0.7356845736503601","0.7356845736503601","0.7356845736503601","0.9282038807868958","0.9282038807868958","0.9282038807868958","0.9240701794624329","0.9240701794624329","0.9240701794624329"
"22400","0.7256627082824707","0.7256627082824707","0.7256627082824707","0.921898365020752","0.921898365020752","0.921898365020752","0.7329153418540955","0.7329153418540955","0.7329153418540955","0.9292235374450684","0.9292235374450684","0.9292235374450684","0.7369695901870728","0.7369695901870728","0.7369695901870728","0.9265136122703552","0.9265136122703552","0.9265136122703552","0.7282994985580444","0.7282994985580444","0.7282994985580444","0.7363908290863037","0.7363908290863037","0.7363908290863037","0.9177047610282898","0.9177047610282898","0.9177047610282898","0.923238217830658","0.923238217830658","0.923238217830658"
"22500","0.7405468225479126","0.7405468225479126","0.7405468225479126","0.923718273639679","0.923718273639679","0.923718273639679","0.7311570644378662","0.7311570644378662","0.7311570644378662","0.9258384704589844","0.9258384704589844","0.9258384704589844","0.7325085997581482","0.7325085997581482","0.7325085997581482","0.9295747876167297","0.9295747876167297","0.9295747876167297","0.7378608584403992","0.7378608584403992","0.7378608584403992","0.7257883548736572","0.7257883548736572","0.7257883548736572","0.9307522773742676","0.9307522773742676","0.9307522773742676","0.9239233136177063","0.9239233136177063","0.9239233136177063"
"22600","0.7293960452079773","0.7293960452079773","0.7293960452079773","0.9237411618232727","0.9237411618232727","0.9237411618232727","0.7296996116638184","0.7296996116638184","0.7296996116638184","0.9252498149871826","0.9252498149871826","0.9252498149871826","0.7325724959373474","0.7325724959373474","0.7325724959373474","0.9238585829734802","0.9238585829734802","0.9238585829734802","0.7347164154052734","0.7347164154052734","0.7347164154052734","0.7271014451980591","0.7271014451980591","0.7271014451980591","0.9311058521270752","0.9311058521270752","0.9311058521270752","0.9224855899810791","0.9224855899810791","0.9224855899810791"
"22700","0.7305172085762024","0.7305172085762024","0.7305172085762024","0.9240837693214417","0.9240837693214417","0.9240837693214417","0.7278205752372742","0.7278205752372742","0.7278205752372742","0.9244778156280518","0.9244778156280518","0.9244778156280518","0.732984721660614","0.732984721660614","0.732984721660614","0.9246634840965271","0.9246634840965271","0.9246634840965271","0.7335357069969177","0.7335357069969177","0.7335357069969177","0.7360712289810181","0.7360712289810181","0.7360712289810181","0.9321535229682922","0.9321535229682922","0.9321535229682922","0.9268772006034851","0.9268772006034851","0.9268772006034851"
"22800","0.7288579344749451","0.7288579344749451","0.7288579344749451","0.925101637840271","0.925101637840271","0.925101637840271","0.733558714389801","0.733558714389801","0.733558714389801","0.9228570461273193","0.9228570461273193","0.9228570461273193","0.7379086017608643","0.7379086017608643","0.7379086017608643","0.9311428070068359","0.9311428070068359","0.9311428070068359","0.7345036268234253","0.7345036268234253","0.7345036268234253","0.7295705676078796","0.7295705676078796","0.7295705676078796","0.9254637360572815","0.9254637360572815","0.9254637360572815","0.9229779839515686","0.9229779839515686","0.9229779839515686"
"22900","0.7283439040184021","0.7283439040184021","0.7283439040184021","0.9270613789558411","0.9270613789558411","0.9270613789558411","0.7362090349197388","0.7362090349197388","0.7362090349197388","0.9282344579696655","0.9282344579696655","0.9282344579696655","0.7373711466789246","0.7373711466789246","0.7373711466789246","0.9265240430831909","0.9265240430831909","0.9265240430831909","0.7288604974746704","0.7288604974746704","0.7288604974746704","0.7233138084411621","0.7233138084411621","0.7233138084411621","0.9232057332992554","0.9232057332992554","0.9232057332992554","0.9287910461425781","0.9287910461425781","0.9287910461425781"
"23000","0.735154926776886","0.735154926776886","0.735154926776886","0.9252752661705017","0.9252752661705017","0.9252752661705017","0.7288313508033752","0.7288313508033752","0.7288313508033752","0.9277929663658142","0.9277929663658142","0.9277929663658142","0.7312244176864624","0.7312244176864624","0.7312244176864624","0.9267221689224243","0.9267221689224243","0.9267221689224243","0.7336913347244263","0.7336913347244263","0.7336913347244263","0.7358545064926147","0.7358545064926147","0.7358545064926147","0.9234998822212219","0.9234998822212219","0.9234998822212219","0.9300278425216675","0.9300278425216675","0.9300278425216675"
"23100","0.7357528209686279","0.7357528209686279","0.7357528209686279","0.9214699268341064","0.9214699268341064","0.9214699268341064","0.7376889586448669","0.7376889586448669","0.7376889586448669","0.9290922284126282","0.9290922284126282","0.9290922284126282","0.7360584139823914","0.7360584139823914","0.7360584139823914","0.9290952086448669","0.9290952086448669","0.9290952086448669","0.7325462102890015","0.7325462102890015","0.7325462102890015","0.7283904552459717","0.7283904552459717","0.7283904552459717","0.9272940158843994","0.9272940158843994","0.9272940158843994","0.928810179233551","0.928810179233551","0.928810179233551"
"23200","0.7370491027832031","0.7370491027832031","0.7370491027832031","0.9193331003189087","0.9193331003189087","0.9193331003189087","0.7374433279037476","0.7374433279037476","0.7374433279037476","0.9274864196777344","0.9274864196777344","0.9274864196777344","0.7312703728675842","0.7312703728675842","0.7312703728675842","0.9264978170394897","0.9264978170394897","0.9264978170394897","0.7397817373275757","0.7397817373275757","0.7397817373275757","0.7348728775978088","0.7348728775978088","0.7348728775978088","0.927951455116272","0.927951455116272","0.927951455116272","0.9257515072822571","0.9257515072822571","0.9257515072822571"
"23300","0.736042857170105","0.736042857170105","0.736042857170105","0.925808310508728","0.925808310508728","0.925808310508728","0.7347385287284851","0.7347385287284851","0.7347385287284851","0.9256219267845154","0.9256219267845154","0.9256219267845154","0.7290780544281006","0.7290780544281006","0.7290780544281006","0.9252957105636597","0.9252957105636597","0.9252957105636597","0.7338575720787048","0.7338575720787048","0.7338575720787048","0.729351282119751","0.729351282119751","0.729351282119751","0.9285964965820312","0.9285964965820312","0.9285964965820312","0.9258580803871155","0.9258580803871155","0.9258580803871155"
"23400","0.7357609272003174","0.7357609272003174","0.7357609272003174","0.9231112599372864","0.9231112599372864","0.9231112599372864","0.7369574904441833","0.7369574904441833","0.7369574904441833","0.925041675567627","0.925041675567627","0.925041675567627","0.7384235262870789","0.7384235262870789","0.7384235262870789","0.931438148021698","0.931438148021698","0.931438148021698","0.7292320728302002","0.7292320728302002","0.7292320728302002","0.7382758855819702","0.7382758855819702","0.7382758855819702","0.9292420744895935","0.9292420744895935","0.9292420744895935","0.9254255890846252","0.9254255890846252","0.9254255890846252"
"23500","0.7370873093605042","0.7370873093605042","0.7370873093605042","0.9230223894119263","0.9230223894119263","0.9230223894119263","0.7387692332267761","0.7387692332267761","0.7387692332267761","0.9278327226638794","0.9278327226638794","0.9278327226638794","0.7311720848083496","0.7311720848083496","0.7311720848083496","0.9277782440185547","0.9277782440185547","0.9277782440185547","0.7378247976303101","0.7378247976303101","0.7378247976303101","0.7366112470626831","0.7366112470626831","0.7366112470626831","0.928605318069458","0.928605318069458","0.928605318069458","0.9275307655334473","0.9275307655334473","0.9275307655334473"
"23600","0.7382509112358093","0.7382509112358093","0.7382509112358093","0.9305455684661865","0.9305455684661865","0.9305455684661865","0.7370340824127197","0.7370340824127197","0.7370340824127197","0.9250684380531311","0.9250684380531311","0.9250684380531311","0.7324045300483704","0.7324045300483704","0.7324045300483704","0.923880398273468","0.923880398273468","0.923880398273468","0.7253208160400391","0.7253208160400391","0.7253208160400391","0.7366446852684021","0.7366446852684021","0.7366446852684021","0.9242054224014282","0.9242054224014282","0.9242054224014282","0.9293283224105835","0.9293283224105835","0.9293283224105835"
"23700","0.7361328601837158","0.7361328601837158","0.7361328601837158","0.9261708855628967","0.9261708855628967","0.9261708855628967","0.74261474609375","0.74261474609375","0.74261474609375","0.9286514520645142","0.9286514520645142","0.9286514520645142","0.736680805683136","0.736680805683136","0.736680805683136","0.9299641251564026","0.9299641251564026","0.9299641251564026","0.737351655960083","0.737351655960083","0.737351655960083","0.7288916110992432","0.7288916110992432","0.7288916110992432","0.9306201338768005","0.9306201338768005","0.9306201338768005","0.9269278645515442","0.9269278645515442","0.9269278645515442"
"23800","0.737261176109314","0.737261176109314","0.737261176109314","0.9288240075111389","0.9288240075111389","0.9288240075111389","0.7356599569320679","0.7356599569320679","0.7356599569320679","0.9227579236030579","0.9227579236030579","0.9227579236030579","0.7396914958953857","0.7396914958953857","0.7396914958953857","0.9325313568115234","0.9325313568115234","0.9325313568115234","0.7404533624649048","0.7404533624649048","0.7404533624649048","0.7243192791938782","0.7243192791938782","0.7243192791938782","0.9259479641914368","0.9259479641914368","0.9259479641914368","0.9271785020828247","0.9271785020828247","0.9271785020828247"
"23900","0.7377915382385254","0.7377915382385254","0.7377915382385254","0.9279333353042603","0.9279333353042603","0.9279333353042603","0.7378316521644592","0.7378316521644592","0.7378316521644592","0.9239763021469116","0.9239763021469116","0.9239763021469116","0.7378703951835632","0.7378703951835632","0.7378703951835632","0.9263131022453308","0.9263131022453308","0.9263131022453308","0.7317947149276733","0.7317947149276733","0.7317947149276733","0.7340050339698792","0.7340050339698792","0.7340050339698792","0.9235031008720398","0.9235031008720398","0.9235031008720398","0.9302904009819031","0.9302904009819031","0.9302904009819031"
"24000","0.7393656969070435","0.7393656969070435","0.7393656969070435","0.9318918585777283","0.9318918585777283","0.9318918585777283","0.7351502180099487","0.7351502180099487","0.7351502180099487","0.927846372127533","0.927846372127533","0.927846372127533","0.7300584316253662","0.7300584316253662","0.7300584316253662","0.9239017963409424","0.9239017963409424","0.9239017963409424","0.7360482811927795","0.7360482811927795","0.7360482811927795","0.7310875058174133","0.7310875058174133","0.7310875058174133","0.9251089692115784","0.9251089692115784","0.9251089692115784","0.9227275252342224","0.9227275252342224","0.9227275252342224"
"24100","0.7325765490531921","0.7325765490531921","0.7325765490531921","0.9240667223930359","0.9240667223930359","0.9240667223930359","0.734940767288208","0.734940767288208","0.734940767288208","0.9287721514701843","0.9287721514701843","0.9287721514701843","0.7397305965423584","0.7397305965423584","0.7397305965423584","0.9313973784446716","0.9313973784446716","0.9313973784446716","0.7334697842597961","0.7334697842597961","0.7334697842597961","0.7352376580238342","0.7352376580238342","0.7352376580238342","0.9305627942085266","0.9305627942085266","0.9305627942085266","0.9278174042701721","0.9278174042701721","0.9278174042701721"
"24200","0.7330927848815918","0.7330927848815918","0.7330927848815918","0.9305422306060791","0.9305422306060791","0.9305422306060791","0.736386239528656","0.736386239528656","0.736386239528656","0.9289913773536682","0.9289913773536682","0.9289913773536682","0.7351717948913574","0.7351717948913574","0.7351717948913574","0.9227853417396545","0.9227853417396545","0.9227853417396545","0.7351389527320862","0.7351389527320862","0.7351389527320862","0.740034282207489","0.740034282207489","0.740034282207489","0.9262510538101196","0.9262510538101196","0.9262510538101196","0.9275349378585815","0.9275349378585815","0.9275349378585815"
"24300","0.7463152408599854","0.7463152408599854","0.7463152408599854","0.931220293045044","0.931220293045044","0.931220293045044","0.7402269244194031","0.7402269244194031","0.7402269244194031","0.9310954213142395","0.9310954213142395","0.9310954213142395","0.7397841811180115","0.7397841811180115","0.7397841811180115","0.9299293756484985","0.9299293756484985","0.9299293756484985","0.7376503944396973","0.7376503944396973","0.7376503944396973","0.727090060710907","0.727090060710907","0.727090060710907","0.9288503527641296","0.9288503527641296","0.9288503527641296","0.9306569695472717","0.9306569695472717","0.9306569695472717"
"24400","0.731519341468811","0.731519341468811","0.731519341468811","0.9296159148216248","0.9296159148216248","0.9296159148216248","0.7389439940452576","0.7389439940452576","0.7389439940452576","0.9298301935195923","0.9298301935195923","0.9298301935195923","0.7443897724151611","0.7443897724151611","0.7443897724151611","0.9291894435882568","0.9291894435882568","0.9291894435882568","0.7413612604141235","0.7413612604141235","0.7413612604141235","0.7342334985733032","0.7342334985733032","0.7342334985733032","0.9284689426422119","0.9284689426422119","0.9284689426422119","0.923402726650238","0.923402726650238","0.923402726650238"
"24500","0.7352563738822937","0.7352563738822937","0.7352563738822937","0.929943859577179","0.929943859577179","0.929943859577179","0.7325792908668518","0.7325792908668518","0.7325792908668518","0.9285709857940674","0.9285709857940674","0.9285709857940674","0.7402032613754272","0.7402032613754272","0.7402032613754272","0.9277679324150085","0.9277679324150085","0.9277679324150085","0.7333992719650269","0.7333992719650269","0.7333992719650269","0.7256540060043335","0.7256540060043335","0.7256540060043335","0.9285669922828674","0.9285669922828674","0.9285669922828674","0.9247384071350098","0.9247384071350098","0.9247384071350098"
"24600","0.7377749681472778","0.7377749681472778","0.7377749681472778","0.928236722946167","0.928236722946167","0.928236722946167","0.7314121127128601","0.7314121127128601","0.7314121127128601","0.9306414723396301","0.9306414723396301","0.9306414723396301","0.7353517413139343","0.7353517413139343","0.7353517413139343","0.9242274761199951","0.9242274761199951","0.9242274761199951","0.738548994064331","0.738548994064331","0.738548994064331","0.737781822681427","0.737781822681427","0.737781822681427","0.9284964203834534","0.9284964203834534","0.9284964203834534","0.9277902245521545","0.9277902245521545","0.9277902245521545"
"24700","0.7406567335128784","0.7406567335128784","0.7406567335128784","0.9301943182945251","0.9301943182945251","0.9301943182945251","0.7420468926429749","0.7420468926429749","0.7420468926429749","0.9330700635910034","0.9330700635910034","0.9330700635910034","0.7320343255996704","0.7320343255996704","0.7320343255996704","0.9309042096138","0.9309042096138","0.9309042096138","0.7414323687553406","0.7414323687553406","0.7414323687553406","0.7371432781219482","0.7371432781219482","0.7371432781219482","0.9292375445365906","0.9292375445365906","0.9292375445365906","0.9298714995384216","0.9298714995384216","0.9298714995384216"
"24800","0.7350823879241943","0.7350823879241943","0.7350823879241943","0.9312679171562195","0.9312679171562195","0.9312679171562195","0.7360365986824036","0.7360365986824036","0.7360365986824036","0.9301544427871704","0.9301544427871704","0.9301544427871704","0.7342216372489929","0.7342216372489929","0.7342216372489929","0.9283632040023804","0.9283632040023804","0.9283632040023804","0.7397024631500244","0.7397024631500244","0.7397024631500244","0.7411361932754517","0.7411361932754517","0.7411361932754517","0.9328052997589111","0.9328052997589111","0.9328052997589111","0.932996392250061","0.932996392250061","0.932996392250061"
"24900","0.7418583035469055","0.7418583035469055","0.7418583035469055","0.9269925951957703","0.9269925951957703","0.9269925951957703","0.7380467057228088","0.7380467057228088","0.7380467057228088","0.9318483471870422","0.9318483471870422","0.9318483471870422","0.7435483336448669","0.7435483336448669","0.7435483336448669","0.9296524524688721","0.9296524524688721","0.9296524524688721","0.7448337078094482","0.7448337078094482","0.7448337078094482","0.7339779734611511","0.7339779734611511","0.7339779734611511","0.9337578415870667","0.9337578415870667","0.9337578415870667","0.9312503337860107","0.9312503337860107","0.9312503337860107"
"25000","0.742383599281311","0.742383599281311","0.742383599281311","0.9306480288505554","0.9306480288505554","0.9306480288505554","0.7418770790100098","0.7418770790100098","0.7418770790100098","0.9271236658096313","0.9271236658096313","0.9271236658096313","0.7382159233093262","0.7382159233093262","0.7382159233093262","0.9295874834060669","0.9295874834060669","0.9295874834060669","0.7321990728378296","0.7321990728378296","0.7321990728378296","0.7339442372322083","0.7339442372322083","0.7339442372322083","0.9291951656341553","0.9291951656341553","0.9291951656341553","0.9300035834312439","0.9300035834312439","0.9300035834312439"
"25100","0.7384659051895142","0.7384659051895142","0.7384659051895142","0.9342389106750488","0.9342389106750488","0.9342389106750488","0.7291349768638611","0.7291349768638611","0.7291349768638611","0.9291123151779175","0.9291123151779175","0.9291123151779175","0.7390300035476685","0.7390300035476685","0.7390300035476685","0.9302147626876831","0.9302147626876831","0.9302147626876831","0.7361122965812683","0.7361122965812683","0.7361122965812683","0.7365125417709351","0.7365125417709351","0.7365125417709351","0.9289878010749817","0.9289878010749817","0.9289878010749817","0.9293979406356812","0.9293979406356812","0.9293979406356812"
"25200","0.7359825372695923","0.7359825372695923","0.7359825372695923","0.9271646738052368","0.9271646738052368","0.9271646738052368","0.7492568492889404","0.7492568492889404","0.7492568492889404","0.9321337938308716","0.9321337938308716","0.9321337938308716","0.737141489982605","0.737141489982605","0.737141489982605","0.9314488172531128","0.9314488172531128","0.9314488172531128","0.7369585633277893","0.7369585633277893","0.7369585633277893","0.7420949339866638","0.7420949339866638","0.7420949339866638","0.9228801131248474","0.9228801131248474","0.9228801131248474","0.9325873851776123","0.9325873851776123","0.9325873851776123"
"25300","0.7377660870552063","0.7377660870552063","0.7377660870552063","0.9310674071311951","0.9310674071311951","0.9310674071311951","0.742422342300415","0.742422342300415","0.742422342300415","0.9309344291687012","0.9309344291687012","0.9309344291687012","0.7405518889427185","0.7405518889427185","0.7405518889427185","0.9316932559013367","0.9316932559013367","0.9316932559013367","0.7410986423492432","0.7410986423492432","0.7410986423492432","0.7335537672042847","0.7335537672042847","0.7335537672042847","0.9327253699302673","0.9327253699302673","0.9327253699302673","0.9311694502830505","0.9311694502830505","0.9311694502830505"
"25400","0.72943115234375","0.72943115234375","0.72943115234375","0.9306027293205261","0.9306027293205261","0.9306027293205261","0.740164041519165","0.740164041519165","0.740164041519165","0.9306991696357727","0.9306991696357727","0.9306991696357727","0.7392409443855286","0.7392409443855286","0.7392409443855286","0.93285071849823","0.93285071849823","0.93285071849823","0.7365755438804626","0.7365755438804626","0.7365755438804626","0.7409248948097229","0.7409248948097229","0.7409248948097229","0.9306347370147705","0.9306347370147705","0.9306347370147705","0.9277660250663757","0.9277660250663757","0.9277660250663757"
"25500","0.7349377274513245","0.7349377274513245","0.7349377274513245","0.931100606918335","0.931100606918335","0.931100606918335","0.7372117042541504","0.7372117042541504","0.7372117042541504","0.9315328001976013","0.9315328001976013","0.9315328001976013","0.7395215034484863","0.7395215034484863","0.7395215034484863","0.9310948252677917","0.9310948252677917","0.9310948252677917","0.7422118186950684","0.7422118186950684","0.7422118186950684","0.7363566756248474","0.7363566756248474","0.7363566756248474","0.9285330176353455","0.9285330176353455","0.9285330176353455","0.9343274831771851","0.9343274831771851","0.9343274831771851"
"25600","0.735725462436676","0.735725462436676","0.735725462436676","0.9295403957366943","0.9295403957366943","0.9295403957366943","0.74128258228302","0.74128258228302","0.74128258228302","0.9343153238296509","0.9343153238296509","0.9343153238296509","0.7439092993736267","0.7439092993736267","0.7439092993736267","0.9294455051422119","0.9294455051422119","0.9294455051422119","0.7423316836357117","0.7423316836357117","0.7423316836357117","0.7364044785499573","0.7364044785499573","0.7364044785499573","0.9300898909568787","0.9300898909568787","0.9300898909568787","0.9296250343322754","0.9296250343322754","0.9296250343322754"
"25700","0.7393355369567871","0.7393355369567871","0.7393355369567871","0.9351499080657959","0.9351499080657959","0.9351499080657959","0.7416727542877197","0.7416727542877197","0.7416727542877197","0.9283016324043274","0.9283016324043274","0.9283016324043274","0.7339981198310852","0.7339981198310852","0.7339981198310852","0.9368036389350891","0.9368036389350891","0.9368036389350891","0.7434572577476501","0.7434572577476501","0.7434572577476501","0.7442883849143982","0.7442883849143982","0.7442883849143982","0.9286485910415649","0.9286485910415649","0.9286485910415649","0.9295805096626282","0.9295805096626282","0.9295805096626282"
"25800","0.737121045589447","0.737121045589447","0.737121045589447","0.9287956953048706","0.9287956953048706","0.9287956953048706","0.7312458157539368","0.7312458157539368","0.7312458157539368","0.9303428530693054","0.9303428530693054","0.9303428530693054","0.7394794225692749","0.7394794225692749","0.7394794225692749","0.9325070977210999","0.9325070977210999","0.9325070977210999","0.7405321002006531","0.7405321002006531","0.7405321002006531","0.739563524723053","0.739563524723053","0.739563524723053","0.9278431534767151","0.9278431534767151","0.9278431534767151","0.9318220019340515","0.9318220019340515","0.9318220019340515"
"25900","0.7341064214706421","0.7341064214706421","0.7341064214706421","0.9298434257507324","0.9298434257507324","0.9298434257507324","0.742623507976532","0.742623507976532","0.742623507976532","0.93317711353302","0.93317711353302","0.93317711353302","0.7426231503486633","0.7426231503486633","0.7426231503486633","0.9322428703308105","0.9322428703308105","0.9322428703308105","0.737823486328125","0.737823486328125","0.737823486328125","0.7416946291923523","0.7416946291923523","0.7416946291923523","0.9311725497245789","0.9311725497245789","0.9311725497245789","0.9306433796882629","0.9306433796882629","0.9306433796882629"
"26000","0.7404036521911621","0.7404036521911621","0.7404036521911621","0.9303610920906067","0.9303610920906067","0.9303610920906067","0.7420948147773743","0.7420948147773743","0.7420948147773743","0.930056095123291","0.930056095123291","0.930056095123291","0.7415704131126404","0.7415704131126404","0.7415704131126404","0.9324797987937927","0.9324797987937927","0.9324797987937927","0.7418707013130188","0.7418707013130188","0.7418707013130188","0.7350881099700928","0.7350881099700928","0.7350881099700928","0.9271872043609619","0.9271872043609619","0.9271872043609619","0.9329402446746826","0.9329402446746826","0.9329402446746826"
"26100","0.7425432801246643","0.7425432801246643","0.7425432801246643","0.9330177903175354","0.9330177903175354","0.9330177903175354","0.7413755655288696","0.7413755655288696","0.7413755655288696","0.9270458221435547","0.9270458221435547","0.9270458221435547","0.7450812458992004","0.7450812458992004","0.7450812458992004","0.9323570132255554","0.9323570132255554","0.9323570132255554","0.7396841645240784","0.7396841645240784","0.7396841645240784","0.7410714030265808","0.7410714030265808","0.7410714030265808","0.9333727359771729","0.9333727359771729","0.9333727359771729","0.9289066195487976","0.9289066195487976","0.9289066195487976"
"26200","0.7393088340759277","0.7393088340759277","0.7393088340759277","0.9297600388526917","0.9297600388526917","0.9297600388526917","0.7376531958580017","0.7376531958580017","0.7376531958580017","0.9303357005119324","0.9303357005119324","0.9303357005119324","0.7461563348770142","0.7461563348770142","0.7461563348770142","0.9343633055686951","0.9343633055686951","0.9343633055686951","0.7357776761054993","0.7357776761054993","0.7357776761054993","0.7393395900726318","0.7393395900726318","0.7393395900726318","0.9343743920326233","0.9343743920326233","0.9343743920326233","0.9285760521888733","0.9285760521888733","0.9285760521888733"
"26300","0.7358095645904541","0.7358095645904541","0.7358095645904541","0.9294750690460205","0.9294750690460205","0.9294750690460205","0.7427120804786682","0.7427120804786682","0.7427120804786682","0.9305765628814697","0.9305765628814697","0.9305765628814697","0.7401070594787598","0.7401070594787598","0.7401070594787598","0.9334070682525635","0.9334070682525635","0.9334070682525635","0.7482903003692627","0.7482903003692627","0.7482903003692627","0.7377272844314575","0.7377272844314575","0.7377272844314575","0.9320690035820007","0.9320690035820007","0.9320690035820007","0.9282030463218689","0.9282030463218689","0.9282030463218689"
"26400","0.7348911166191101","0.7348911166191101","0.7348911166191101","0.9280513525009155","0.9280513525009155","0.9280513525009155","0.7432235479354858","0.7432235479354858","0.7432235479354858","0.9285670518875122","0.9285670518875122","0.9285670518875122","0.7400727868080139","0.7400727868080139","0.7400727868080139","0.9352468252182007","0.9352468252182007","0.9352468252182007","0.7400719523429871","0.7400719523429871","0.7400719523429871","0.7393696308135986","0.7393696308135986","0.7393696308135986","0.9341349005699158","0.9341349005699158","0.9341349005699158","0.9353517293930054","0.9353517293930054","0.9353517293930054"
"26500","0.7414885759353638","0.7414885759353638","0.7414885759353638","0.9275212287902832","0.9275212287902832","0.9275212287902832","0.7362155318260193","0.7362155318260193","0.7362155318260193","0.9300789833068848","0.9300789833068848","0.9300789833068848","0.732978880405426","0.732978880405426","0.732978880405426","0.9325492978096008","0.9325492978096008","0.9325492978096008","0.7437190413475037","0.7437190413475037","0.7437190413475037","0.7452139854431152","0.7452139854431152","0.7452139854431152","0.9280775189399719","0.9280775189399719","0.9280775189399719","0.930521547794342","0.930521547794342","0.930521547794342"
"26600","0.7401168346405029","0.7401168346405029","0.7401168346405029","0.9323581457138062","0.9323581457138062","0.9323581457138062","0.74803626537323","0.74803626537323","0.74803626537323","0.9349073171615601","0.9349073171615601","0.9349073171615601","0.7421960234642029","0.7421960234642029","0.7421960234642029","0.9359201192855835","0.9359201192855835","0.9359201192855835","0.7440553307533264","0.7440553307533264","0.7440553307533264","0.7388255596160889","0.7388255596160889","0.7388255596160889","0.9382602572441101","0.9382602572441101","0.9382602572441101","0.9321246147155762","0.9321246147155762","0.9321246147155762"
"26700","0.742847740650177","0.742847740650177","0.742847740650177","0.9266963005065918","0.9266963005065918","0.9266963005065918","0.7434021234512329","0.7434021234512329","0.7434021234512329","0.9280534982681274","0.9280534982681274","0.9280534982681274","0.7415435314178467","0.7415435314178467","0.7415435314178467","0.9316572546958923","0.9316572546958923","0.9316572546958923","0.7400850057601929","0.7400850057601929","0.7400850057601929","0.7375177145004272","0.7375177145004272","0.7375177145004272","0.9328938126564026","0.9328938126564026","0.9328938126564026","0.9325503706932068","0.9325503706932068","0.9325503706932068"
"26800","0.7380726337432861","0.7380726337432861","0.7380726337432861","0.931204617023468","0.931204617023468","0.931204617023468","0.7435198426246643","0.7435198426246643","0.7435198426246643","0.9341667294502258","0.9341667294502258","0.9341667294502258","0.7387743592262268","0.7387743592262268","0.7387743592262268","0.935614824295044","0.935614824295044","0.935614824295044","0.7404000759124756","0.7404000759124756","0.7404000759124756","0.7406643033027649","0.7406643033027649","0.7406643033027649","0.9302441477775574","0.9302441477775574","0.9302441477775574","0.9303866028785706","0.9303866028785706","0.9303866028785706"
"26900","0.7369795441627502","0.7369795441627502","0.7369795441627502","0.9333977699279785","0.9333977699279785","0.9333977699279785","0.7440677881240845","0.7440677881240845","0.7440677881240845","0.9315038323402405","0.9315038323402405","0.9315038323402405","0.7447704076766968","0.7447704076766968","0.7447704076766968","0.931516706943512","0.931516706943512","0.931516706943512","0.7463400363922119","0.7463400363922119","0.7463400363922119","0.740418553352356","0.740418553352356","0.740418553352356","0.9286271929740906","0.9286271929740906","0.9286271929740906","0.9297636151313782","0.9297636151313782","0.9297636151313782"
"27000","0.7304453253746033","0.7304453253746033","0.7304453253746033","0.9343760013580322","0.9343760013580322","0.9343760013580322","0.7421010732650757","0.7421010732650757","0.7421010732650757","0.9337792992591858","0.9337792992591858","0.9337792992591858","0.735146701335907","0.735146701335907","0.735146701335907","0.9345428943634033","0.9345428943634033","0.9345428943634033","0.7368211150169373","0.7368211150169373","0.7368211150169373","0.7363371849060059","0.7363371849060059","0.7363371849060059","0.9347319602966309","0.9347319602966309","0.9347319602966309","0.9387897253036499","0.9387897253036499","0.9387897253036499"
"27100","0.7414655089378357","0.7414655089378357","0.7414655089378357","0.9324451684951782","0.9324451684951782","0.9324451684951782","0.7345046997070312","0.7345046997070312","0.7345046997070312","0.9336888790130615","0.9336888790130615","0.9336888790130615","0.744616687297821","0.744616687297821","0.744616687297821","0.936977207660675","0.936977207660675","0.936977207660675","0.7504881024360657","0.7504881024360657","0.7504881024360657","0.7422944903373718","0.7422944903373718","0.7422944903373718","0.9332398176193237","0.9332398176193237","0.9332398176193237","0.9312503337860107","0.9312503337860107","0.9312503337860107"
"27200","0.7402088046073914","0.7402088046073914","0.7402088046073914","0.936138391494751","0.936138391494751","0.936138391494751","0.7397322654724121","0.7397322654724121","0.7397322654724121","0.9322046041488647","0.9322046041488647","0.9322046041488647","0.7410227060317993","0.7410227060317993","0.7410227060317993","0.9314019680023193","0.9314019680023193","0.9314019680023193","0.7518794536590576","0.7518794536590576","0.7518794536590576","0.738198459148407","0.738198459148407","0.738198459148407","0.9353414177894592","0.9353414177894592","0.9353414177894592","0.9337919354438782","0.9337919354438782","0.9337919354438782"
"27300","0.7411965727806091","0.7411965727806091","0.7411965727806091","0.9327856302261353","0.9327856302261353","0.9327856302261353","0.7432065606117249","0.7432065606117249","0.7432065606117249","0.9312630295753479","0.9312630295753479","0.9312630295753479","0.7497550845146179","0.7497550845146179","0.7497550845146179","0.9375365376472473","0.9375365376472473","0.9375365376472473","0.7397245764732361","0.7397245764732361","0.7397245764732361","0.7435205578804016","0.7435205578804016","0.7435205578804016","0.9351446628570557","0.9351446628570557","0.9351446628570557","0.9330015778541565","0.9330015778541565","0.9330015778541565"
"27400","0.7324607372283936","0.7324607372283936","0.7324607372283936","0.934704601764679","0.934704601764679","0.934704601764679","0.742676854133606","0.742676854133606","0.742676854133606","0.9338595867156982","0.9338595867156982","0.9338595867156982","0.7490360736846924","0.7490360736846924","0.7490360736846924","0.9292086958885193","0.9292086958885193","0.9292086958885193","0.7424926161766052","0.7424926161766052","0.7424926161766052","0.7430976629257202","0.7430976629257202","0.7430976629257202","0.9323766231536865","0.9323766231536865","0.9323766231536865","0.9327719211578369","0.9327719211578369","0.9327719211578369"
"27500","0.7323698401451111","0.7323698401451111","0.7323698401451111","0.9339209794998169","0.9339209794998169","0.9339209794998169","0.7421371340751648","0.7421371340751648","0.7421371340751648","0.9295994639396667","0.9295994639396667","0.9295994639396667","0.7446784973144531","0.7446784973144531","0.7446784973144531","0.9317973256111145","0.9317973256111145","0.9317973256111145","0.7403711080551147","0.7403711080551147","0.7403711080551147","0.7412117123603821","0.7412117123603821","0.7412117123603821","0.9360876679420471","0.9360876679420471","0.9360876679420471","0.9335372447967529","0.9335372447967529","0.9335372447967529"
"27600","0.7434800863265991","0.7434800863265991","0.7434800863265991","0.9354247450828552","0.9354247450828552","0.9354247450828552","0.7420564889907837","0.7420564889907837","0.7420564889907837","0.9315269589424133","0.9315269589424133","0.9315269589424133","0.7388144731521606","0.7388144731521606","0.7388144731521606","0.9344573020935059","0.9344573020935059","0.9344573020935059","0.7429224252700806","0.7429224252700806","0.7429224252700806","0.7458880543708801","0.7458880543708801","0.7458880543708801","0.932574987411499","0.932574987411499","0.932574987411499","0.9309567213058472","0.9309567213058472","0.9309567213058472"
"27700","0.7446163892745972","0.7446163892745972","0.7446163892745972","0.9351451992988586","0.9351451992988586","0.9351451992988586","0.7431991696357727","0.7431991696357727","0.7431991696357727","0.9335623383522034","0.9335623383522034","0.9335623383522034","0.751362681388855","0.751362681388855","0.751362681388855","0.9348967671394348","0.9348967671394348","0.9348967671394348","0.738779604434967","0.738779604434967","0.738779604434967","0.7438006401062012","0.7438006401062012","0.7438006401062012","0.9340308308601379","0.9340308308601379","0.9340308308601379","0.933878481388092","0.933878481388092","0.933878481388092"
"27800","0.7473970055580139","0.7473970055580139","0.7473970055580139","0.9299649596214294","0.9299649596214294","0.9299649596214294","0.7418162822723389","0.7418162822723389","0.7418162822723389","0.9306376576423645","0.9306376576423645","0.9306376576423645","0.7439874410629272","0.7439874410629272","0.7439874410629272","0.9355620741844177","0.9355620741844177","0.9355620741844177","0.7440164685249329","0.7440164685249329","0.7440164685249329","0.7429403066635132","0.7429403066635132","0.7429403066635132","0.9316684007644653","0.9316684007644653","0.9316684007644653","0.9355901479721069","0.9355901479721069","0.9355901479721069"
"27900","0.7420529127120972","0.7420529127120972","0.7420529127120972","0.9320430159568787","0.9320430159568787","0.9320430159568787","0.7464141249656677","0.7464141249656677","0.7464141249656677","0.9308505058288574","0.9308505058288574","0.9308505058288574","0.7467094659805298","0.7467094659805298","0.7467094659805298","0.933628261089325","0.933628261089325","0.933628261089325","0.7456926703453064","0.7456926703453064","0.7456926703453064","0.7423648238182068","0.7423648238182068","0.7423648238182068","0.9355684518814087","0.9355684518814087","0.9355684518814087","0.931763231754303","0.931763231754303","0.931763231754303"
"28000","0.7416442036628723","0.7416442036628723","0.7416442036628723","0.9308545589447021","0.9308545589447021","0.9308545589447021","0.748264491558075","0.748264491558075","0.748264491558075","0.9318071007728577","0.9318071007728577","0.9318071007728577","0.7429907917976379","0.7429907917976379","0.7429907917976379","0.9334779977798462","0.9334779977798462","0.9334779977798462","0.740536630153656","0.740536630153656","0.740536630153656","0.7487874031066895","0.7487874031066895","0.7487874031066895","0.9328395128250122","0.9328395128250122","0.9328395128250122","0.9387447834014893","0.9387447834014893","0.9387447834014893"
"28100","0.743765652179718","0.743765652179718","0.743765652179718","0.9346957206726074","0.9346957206726074","0.9346957206726074","0.7409626841545105","0.7409626841545105","0.7409626841545105","0.9327938556671143","0.9327938556671143","0.9327938556671143","0.7507160305976868","0.7507160305976868","0.7507160305976868","0.9376673698425293","0.9376673698425293","0.9376673698425293","0.7401332259178162","0.7401332259178162","0.7401332259178162","0.7376708984375","0.7376708984375","0.7376708984375","0.9353504776954651","0.9353504776954651","0.9353504776954651","0.9301731586456299","0.9301731586456299","0.9301731586456299"
"28200","0.7402961254119873","0.7402961254119873","0.7402961254119873","0.9305998086929321","0.9305998086929321","0.9305998086929321","0.7393256425857544","0.7393256425857544","0.7393256425857544","0.930243730545044","0.930243730545044","0.930243730545044","0.7420766353607178","0.7420766353607178","0.7420766353607178","0.9337364435195923","0.9337364435195923","0.9337364435195923","0.7429245114326477","0.7429245114326477","0.7429245114326477","0.7475051283836365","0.7475051283836365","0.7475051283836365","0.9321755766868591","0.9321755766868591","0.9321755766868591","0.9333929419517517","0.9333929419517517","0.9333929419517517"
"28300","0.7446482181549072","0.7446482181549072","0.7446482181549072","0.9347766041755676","0.9347766041755676","0.9347766041755676","0.7443514466285706","0.7443514466285706","0.7443514466285706","0.936054527759552","0.936054527759552","0.936054527759552","0.7390775084495544","0.7390775084495544","0.7390775084495544","0.9347165822982788","0.9347165822982788","0.9347165822982788","0.7459297180175781","0.7459297180175781","0.7459297180175781","0.7404916882514954","0.7404916882514954","0.7404916882514954","0.9371362328529358","0.9371362328529358","0.9371362328529358","0.93559730052948","0.93559730052948","0.93559730052948"
"28400","0.7434650659561157","0.7434650659561157","0.7434650659561157","0.9328069090843201","0.9328069090843201","0.9328069090843201","0.7449019551277161","0.7449019551277161","0.7449019551277161","0.9295870065689087","0.9295870065689087","0.9295870065689087","0.7412629127502441","0.7412629127502441","0.7412629127502441","0.9333605766296387","0.9333605766296387","0.9333605766296387","0.7535816431045532","0.7535816431045532","0.7535816431045532","0.7431307435035706","0.7431307435035706","0.7431307435035706","0.9360174536705017","0.9360174536705017","0.9360174536705017","0.932888925075531","0.932888925075531","0.932888925075531"
"28500","0.741120457649231","0.741120457649231","0.741120457649231","0.9323984384536743","0.9323984384536743","0.9323984384536743","0.7410533428192139","0.7410533428192139","0.7410533428192139","0.933139443397522","0.933139443397522","0.933139443397522","0.7407469749450684","0.7407469749450684","0.7407469749450684","0.9333983659744263","0.9333983659744263","0.9333983659744263","0.7524316310882568","0.7524316310882568","0.7524316310882568","0.7424973845481873","0.7424973845481873","0.7424973845481873","0.9364403486251831","0.9364403486251831","0.9364403486251831","0.9348276257514954","0.9348276257514954","0.9348276257514954"
"28600","0.7441875338554382","0.7441875338554382","0.7441875338554382","0.9349004626274109","0.9349004626274109","0.9349004626274109","0.7464256286621094","0.7464256286621094","0.7464256286621094","0.9325653314590454","0.9325653314590454","0.9325653314590454","0.7454927563667297","0.7454927563667297","0.7454927563667297","0.9358670711517334","0.9358670711517334","0.9358670711517334","0.7426520586013794","0.7426520586013794","0.7426520586013794","0.7354530096054077","0.7354530096054077","0.7354530096054077","0.9377774000167847","0.9377774000167847","0.9377774000167847","0.9368604421615601","0.9368604421615601","0.9368604421615601"
"28700","0.7460469603538513","0.7460469603538513","0.7460469603538513","0.9329052567481995","0.9329052567481995","0.9329052567481995","0.7386040687561035","0.7386040687561035","0.7386040687561035","0.9374002814292908","0.9374002814292908","0.9374002814292908","0.7409664988517761","0.7409664988517761","0.7409664988517761","0.9277739524841309","0.9277739524841309","0.9277739524841309","0.7506672739982605","0.7506672739982605","0.7506672739982605","0.7411559820175171","0.7411559820175171","0.7411559820175171","0.9392748475074768","0.9392748475074768","0.9392748475074768","0.9358341097831726","0.9358341097831726","0.9358341097831726"
"28800","0.7452312707901001","0.7452312707901001","0.7452312707901001","0.935700535774231","0.935700535774231","0.935700535774231","0.7479773163795471","0.7479773163795471","0.7479773163795471","0.9349527955055237","0.9349527955055237","0.9349527955055237","0.7443684935569763","0.7443684935569763","0.7443684935569763","0.9348555207252502","0.9348555207252502","0.9348555207252502","0.7468795776367188","0.7468795776367188","0.7468795776367188","0.7410913705825806","0.7410913705825806","0.7410913705825806","0.9373234510421753","0.9373234510421753","0.9373234510421753","0.9357714056968689","0.9357714056968689","0.9357714056968689"
"28900","0.7476193904876709","0.7476193904876709","0.7476193904876709","0.9321485161781311","0.9321485161781311","0.9321485161781311","0.7445330619812012","0.7445330619812012","0.7445330619812012","0.9360073804855347","0.9360073804855347","0.9360073804855347","0.7448922991752625","0.7448922991752625","0.7448922991752625","0.9346065521240234","0.9346065521240234","0.9346065521240234","0.7437435388565063","0.7437435388565063","0.7437435388565063","0.7385287284851074","0.7385287284851074","0.7385287284851074","0.9359179139137268","0.9359179139137268","0.9359179139137268","0.9340254068374634","0.9340254068374634","0.9340254068374634"
"29000","0.7407286167144775","0.7407286167144775","0.7407286167144775","0.9311297535896301","0.9311297535896301","0.9311297535896301","0.752005398273468","0.752005398273468","0.752005398273468","0.9353992342948914","0.9353992342948914","0.9353992342948914","0.7494158744812012","0.7494158744812012","0.7494158744812012","0.9294605255126953","0.9294605255126953","0.9294605255126953","0.7432246208190918","0.7432246208190918","0.7432246208190918","0.7484269142150879","0.7484269142150879","0.7484269142150879","0.9340286254882812","0.9340286254882812","0.9340286254882812","0.9337363243103027","0.9337363243103027","0.9337363243103027"
"29100","0.744438886642456","0.744438886642456","0.744438886642456","0.9356460571289062","0.9356460571289062","0.9356460571289062","0.7535384297370911","0.7535384297370911","0.7535384297370911","0.9411707520484924","0.9411707520484924","0.9411707520484924","0.7447308897972107","0.7447308897972107","0.7447308897972107","0.9346264004707336","0.9346264004707336","0.9346264004707336","0.7404098510742188","0.7404098510742188","0.7404098510742188","0.7441461682319641","0.7441461682319641","0.7441461682319641","0.933225691318512","0.933225691318512","0.933225691318512","0.9365596771240234","0.9365596771240234","0.9365596771240234"
"29200","0.7408193349838257","0.7408193349838257","0.7408193349838257","0.9340340495109558","0.9340340495109558","0.9340340495109558","0.7490057349205017","0.7490057349205017","0.7490057349205017","0.9365950226783752","0.9365950226783752","0.9365950226783752","0.7493932843208313","0.7493932843208313","0.7493932843208313","0.9349635243415833","0.9349635243415833","0.9349635243415833","0.7471864223480225","0.7471864223480225","0.7471864223480225","0.7402856945991516","0.7402856945991516","0.7402856945991516","0.9350745677947998","0.9350745677947998","0.9350745677947998","0.9398142099380493","0.9398142099380493","0.9398142099380493"
"29300","0.7470754384994507","0.7470754384994507","0.7470754384994507","0.9352817535400391","0.9352817535400391","0.9352817535400391","0.7440588474273682","0.7440588474273682","0.7440588474273682","0.9325463771820068","0.9325463771820068","0.9325463771820068","0.744118332862854","0.744118332862854","0.744118332862854","0.937171220779419","0.937171220779419","0.937171220779419","0.7367730736732483","0.7367730736732483","0.7367730736732483","0.7462369799613953","0.7462369799613953","0.7462369799613953","0.932772696018219","0.932772696018219","0.932772696018219","0.9326581358909607","0.9326581358909607","0.9326581358909607"
"29400","0.7473735809326172","0.7473735809326172","0.7473735809326172","0.9306545853614807","0.9306545853614807","0.9306545853614807","0.7461881041526794","0.7461881041526794","0.7461881041526794","0.9334520101547241","0.9334520101547241","0.9334520101547241","0.748654842376709","0.748654842376709","0.748654842376709","0.9334376454353333","0.9334376454353333","0.9334376454353333","0.7491623163223267","0.7491623163223267","0.7491623163223267","0.7443503737449646","0.7443503737449646","0.7443503737449646","0.9313649535179138","0.9313649535179138","0.9313649535179138","0.9360289573669434","0.9360289573669434","0.9360289573669434"
"29500","0.7423755526542664","0.7423755526542664","0.7423755526542664","0.9360787868499756","0.9360787868499756","0.9360787868499756","0.7480294704437256","0.7480294704437256","0.7480294704437256","0.9342197179794312","0.9342197179794312","0.9342197179794312","0.7397668361663818","0.7397668361663818","0.7397668361663818","0.9343603253364563","0.9343603253364563","0.9343603253364563","0.7561258673667908","0.7561258673667908","0.7561258673667908","0.7501537203788757","0.7501537203788757","0.7501537203788757","0.936521589756012","0.936521589756012","0.936521589756012","0.9330719113349915","0.9330719113349915","0.9330719113349915"
"29600","0.7436100244522095","0.7436100244522095","0.7436100244522095","0.9332281351089478","0.9332281351089478","0.9332281351089478","0.7463846802711487","0.7463846802711487","0.7463846802711487","0.9353029727935791","0.9353029727935791","0.9353029727935791","0.7437141537666321","0.7437141537666321","0.7437141537666321","0.9348104000091553","0.9348104000091553","0.9348104000091553","0.7377671599388123","0.7377671599388123","0.7377671599388123","0.7436606884002686","0.7436606884002686","0.7436606884002686","0.9333969354629517","0.9333969354629517","0.9333969354629517","0.9379385113716125","0.9379385113716125","0.9379385113716125"
"29700","0.7445321083068848","0.7445321083068848","0.7445321083068848","0.9332545399665833","0.9332545399665833","0.9332545399665833","0.7486233711242676","0.7486233711242676","0.7486233711242676","0.9368804097175598","0.9368804097175598","0.9368804097175598","0.7476015686988831","0.7476015686988831","0.7476015686988831","0.9357954263687134","0.9357954263687134","0.9357954263687134","0.7436199188232422","0.7436199188232422","0.7436199188232422","0.7387809157371521","0.7387809157371521","0.7387809157371521","0.9373989701271057","0.9373989701271057","0.9373989701271057","0.938801109790802","0.938801109790802","0.938801109790802"
"29800","0.740805447101593","0.740805447101593","0.740805447101593","0.9309702515602112","0.9309702515602112","0.9309702515602112","0.7435534000396729","0.7435534000396729","0.7435534000396729","0.9350218176841736","0.9350218176841736","0.9350218176841736","0.7464506030082703","0.7464506030082703","0.7464506030082703","0.9340806603431702","0.9340806603431702","0.9340806603431702","0.7501670122146606","0.7501670122146606","0.7501670122146606","0.7506471276283264","0.7506471276283264","0.7506471276283264","0.9364243149757385","0.9364243149757385","0.9364243149757385","0.9339240193367004","0.9339240193367004","0.9339240193367004"
"29900","0.7405431270599365","0.7405431270599365","0.7405431270599365","0.9363691806793213","0.9363691806793213","0.9363691806793213","0.7466269135475159","0.7466269135475159","0.7466269135475159","0.9366167187690735","0.9366167187690735","0.9366167187690735","0.740093469619751","0.740093469619751","0.740093469619751","0.9373029470443726","0.9373029470443726","0.9373029470443726","0.7421013116836548","0.7421013116836548","0.7421013116836548","0.7421713471412659","0.7421713471412659","0.7421713471412659","0.9367774128913879","0.9367774128913879","0.9367774128913879","0.9372839331626892","0.9372839331626892","0.9372839331626892"
"30000","0.7395100593566895","0.7395100593566895","0.7395100593566895","0.9325645565986633","0.9325645565986633","0.9325645565986633","0.7490170001983643","0.7490170001983643","0.7490170001983643","0.9331104755401611","0.9331104755401611","0.9331104755401611","0.743257462978363","0.743257462978363","0.743257462978363","0.9381100535392761","0.9381100535392761","0.9381100535392761","0.7438652515411377","0.7438652515411377","0.7438652515411377","0.7424229383468628","0.7424229383468628","0.7424229383468628","0.937320351600647","0.937320351600647","0.937320351600647","0.9361655712127686","0.9361655712127686","0.9361655712127686"
"30100","0.7372238039970398","0.7372238039970398","0.7372238039970398","0.9326927661895752","0.9326927661895752","0.9326927661895752","0.7433120012283325","0.7433120012283325","0.7433120012283325","0.9362759590148926","0.9362759590148926","0.9362759590148926","0.7451910972595215","0.7451910972595215","0.7451910972595215","0.938060998916626","0.938060998916626","0.938060998916626","0.7419626712799072","0.7419626712799072","0.7419626712799072","0.7447659373283386","0.7447659373283386","0.7447659373283386","0.938241720199585","0.938241720199585","0.938241720199585","0.9367128014564514","0.9367128014564514","0.9367128014564514"
"30200","0.7468354105949402","0.7468354105949402","0.7468354105949402","0.9373130798339844","0.9373130798339844","0.9373130798339844","0.7404765486717224","0.7404765486717224","0.7404765486717224","0.9321653842926025","0.9321653842926025","0.9321653842926025","0.7421554327011108","0.7421554327011108","0.7421554327011108","0.9351199865341187","0.9351199865341187","0.9351199865341187","0.7465196251869202","0.7465196251869202","0.7465196251869202","0.7464165687561035","0.7464165687561035","0.7464165687561035","0.931948721408844","0.931948721408844","0.931948721408844","0.9346805810928345","0.9346805810928345","0.9346805810928345"
"30300","0.7463736534118652","0.7463736534118652","0.7463736534118652","0.9360743165016174","0.9360743165016174","0.9360743165016174","0.7432349324226379","0.7432349324226379","0.7432349324226379","0.9354763031005859","0.9354763031005859","0.9354763031005859","0.7483612895011902","0.7483612895011902","0.7483612895011902","0.9375509023666382","0.9375509023666382","0.9375509023666382","0.7515478730201721","0.7515478730201721","0.7515478730201721","0.7467597723007202","0.7467597723007202","0.7467597723007202","0.9351539015769958","0.9351539015769958","0.9351539015769958","0.9384677410125732","0.9384677410125732","0.9384677410125732"
"30400","0.7482871413230896","0.7482871413230896","0.7482871413230896","0.9377871751785278","0.9377871751785278","0.9377871751785278","0.7498195767402649","0.7498195767402649","0.7498195767402649","0.9326499700546265","0.9326499700546265","0.9326499700546265","0.7378654479980469","0.7378654479980469","0.7378654479980469","0.9321984648704529","0.9321984648704529","0.9321984648704529","0.7486492991447449","0.7486492991447449","0.7486492991447449","0.7450525164604187","0.7450525164604187","0.7450525164604187","0.9349409341812134","0.9349409341812134","0.9349409341812134","0.9359489679336548","0.9359489679336548","0.9359489679336548"
"30500","0.7412608861923218","0.7412608861923218","0.7412608861923218","0.9318608641624451","0.9318608641624451","0.9318608641624451","0.7460630536079407","0.7460630536079407","0.7460630536079407","0.9356247186660767","0.9356247186660767","0.9356247186660767","0.7416308522224426","0.7416308522224426","0.7416308522224426","0.9331661462783813","0.9331661462783813","0.9331661462783813","0.745063841342926","0.745063841342926","0.745063841342926","0.7410980463027954","0.7410980463027954","0.7410980463027954","0.9363614916801453","0.9363614916801453","0.9363614916801453","0.9377330541610718","0.9377330541610718","0.9377330541610718"
"30600","0.743001401424408","0.743001401424408","0.743001401424408","0.9360800385475159","0.9360800385475159","0.9360800385475159","0.7412912845611572","0.7412912845611572","0.7412912845611572","0.9351150989532471","0.9351150989532471","0.9351150989532471","0.746223509311676","0.746223509311676","0.746223509311676","0.9344531297683716","0.9344531297683716","0.9344531297683716","0.7449694275856018","0.7449694275856018","0.7449694275856018","0.7375457286834717","0.7375457286834717","0.7375457286834717","0.935432493686676","0.935432493686676","0.935432493686676","0.9341291785240173","0.9341291785240173","0.9341291785240173"
"30700","0.7387566566467285","0.7387566566467285","0.7387566566467285","0.9365395903587341","0.9365395903587341","0.9365395903587341","0.7409948706626892","0.7409948706626892","0.7409948706626892","0.9325662851333618","0.9325662851333618","0.9325662851333618","0.7407050132751465","0.7407050132751465","0.7407050132751465","0.9350996613502502","0.9350996613502502","0.9350996613502502","0.7532988786697388","0.7532988786697388","0.7532988786697388","0.7470266222953796","0.7470266222953796","0.7470266222953796","0.9380664825439453","0.9380664825439453","0.9380664825439453","0.9374884963035583","0.9374884963035583","0.9374884963035583"
"30800","0.7422828674316406","0.7422828674316406","0.7422828674316406","0.93255615234375","0.93255615234375","0.93255615234375","0.7418213486671448","0.7418213486671448","0.7418213486671448","0.9363493919372559","0.9363493919372559","0.9363493919372559","0.7450479865074158","0.7450479865074158","0.7450479865074158","0.9367567300796509","0.9367567300796509","0.9367567300796509","0.7478234171867371","0.7478234171867371","0.7478234171867371","0.7413867712020874","0.7413867712020874","0.7413867712020874","0.9359716176986694","0.9359716176986694","0.9359716176986694","0.9353007674217224","0.9353007674217224","0.9353007674217224"
"30900","0.7439837455749512","0.7439837455749512","0.7439837455749512","0.9376185536384583","0.9376185536384583","0.9376185536384583","0.7456852793693542","0.7456852793693542","0.7456852793693542","0.9373058080673218","0.9373058080673218","0.9373058080673218","0.7461370229721069","0.7461370229721069","0.7461370229721069","0.9368054270744324","0.9368054270744324","0.9368054270744324","0.7489014267921448","0.7489014267921448","0.7489014267921448","0.7481179237365723","0.7481179237365723","0.7481179237365723","0.9341254234313965","0.9341254234313965","0.9341254234313965","0.9325267672538757","0.9325267672538757","0.9325267672538757"
"31000","0.7372612953186035","0.7372612953186035","0.7372612953186035","0.9349569082260132","0.9349569082260132","0.9349569082260132","0.74388587474823","0.74388587474823","0.74388587474823","0.9402462840080261","0.9402462840080261","0.9402462840080261","0.7431973218917847","0.7431973218917847","0.7431973218917847","0.9357153177261353","0.9357153177261353","0.9357153177261353","0.7456122040748596","0.7456122040748596","0.7456122040748596","0.7422283887863159","0.7422283887863159","0.7422283887863159","0.9342515468597412","0.9342515468597412","0.9342515468597412","0.9359872341156006","0.9359872341156006","0.9359872341156006"
"31100","0.741548478603363","0.741548478603363","0.741548478603363","0.9331653118133545","0.9331653118133545","0.9331653118133545","0.7434865832328796","0.7434865832328796","0.7434865832328796","0.9327020049095154","0.9327020049095154","0.9327020049095154","0.7461940050125122","0.7461940050125122","0.7461940050125122","0.9332996606826782","0.9332996606826782","0.9332996606826782","0.7460452914237976","0.7460452914237976","0.7460452914237976","0.7450628876686096","0.7450628876686096","0.7450628876686096","0.9328616261482239","0.9328616261482239","0.9328616261482239","0.9357580542564392","0.9357580542564392","0.9357580542564392"
"31200","0.7468724250793457","0.7468724250793457","0.7468724250793457","0.9350711107254028","0.9350711107254028","0.9350711107254028","0.7420691847801208","0.7420691847801208","0.7420691847801208","0.9338662624359131","0.9338662624359131","0.9338662624359131","0.7458757162094116","0.7458757162094116","0.7458757162094116","0.9383046627044678","0.9383046627044678","0.9383046627044678","0.7421013116836548","0.7421013116836548","0.7421013116836548","0.7467643022537231","0.7467643022537231","0.7467643022537231","0.9326228499412537","0.9326228499412537","0.9326228499412537","0.9359548687934875","0.9359548687934875","0.9359548687934875"
"31300","0.745063841342926","0.745063841342926","0.745063841342926","0.932666003704071","0.932666003704071","0.932666003704071","0.749696671962738","0.749696671962738","0.749696671962738","0.9363344311714172","0.9363344311714172","0.9363344311714172","0.7504075765609741","0.7504075765609741","0.7504075765609741","0.9358232617378235","0.9358232617378235","0.9358232617378235","0.7444131970405579","0.7444131970405579","0.7444131970405579","0.7401250600814819","0.7401250600814819","0.7401250600814819","0.9390276074409485","0.9390276074409485","0.9390276074409485","0.9390599131584167","0.9390599131584167","0.9390599131584167"
"31400","0.7431129217147827","0.7431129217147827","0.7431129217147827","0.9341779947280884","0.9341779947280884","0.9341779947280884","0.7474433183670044","0.7474433183670044","0.7474433183670044","0.9378806352615356","0.9378806352615356","0.9378806352615356","0.7481390237808228","0.7481390237808228","0.7481390237808228","0.9366161823272705","0.9366161823272705","0.9366161823272705","0.7385698556900024","0.7385698556900024","0.7385698556900024","0.7369596362113953","0.7369596362113953","0.7369596362113953","0.9334853291511536","0.9334853291511536","0.9334853291511536","0.9343079924583435","0.9343079924583435","0.9343079924583435"
"31500","0.744769811630249","0.744769811630249","0.744769811630249","0.9344010353088379","0.9344010353088379","0.9344010353088379","0.7499833106994629","0.7499833106994629","0.7499833106994629","0.9364803433418274","0.9364803433418274","0.9364803433418274","0.7416133284568787","0.7416133284568787","0.7416133284568787","0.935941755771637","0.935941755771637","0.935941755771637","0.7461792826652527","0.7461792826652527","0.7461792826652527","0.7446868419647217","0.7446868419647217","0.7446868419647217","0.9352927207946777","0.9352927207946777","0.9352927207946777","0.935405969619751","0.935405969619751","0.935405969619751"
"31600","0.7386910915374756","0.7386910915374756","0.7386910915374756","0.9352681636810303","0.9352681636810303","0.9352681636810303","0.750795841217041","0.750795841217041","0.750795841217041","0.9338172078132629","0.9338172078132629","0.9338172078132629","0.7428539395332336","0.7428539395332336","0.7428539395332336","0.9365705251693726","0.9365705251693726","0.9365705251693726","0.7465946674346924","0.7465946674346924","0.7465946674346924","0.73761385679245","0.73761385679245","0.73761385679245","0.9386187195777893","0.9386187195777893","0.9386187195777893","0.9363468289375305","0.9363468289375305","0.9363468289375305"
"31700","0.7439627051353455","0.7439627051353455","0.7439627051353455","0.9366506338119507","0.9366506338119507","0.9366506338119507","0.7459571957588196","0.7459571957588196","0.7459571957588196","0.9365387558937073","0.9365387558937073","0.9365387558937073","0.7498784065246582","0.7498784065246582","0.7498784065246582","0.9362372756004333","0.9362372756004333","0.9362372756004333","0.7434121966362","0.7434121966362","0.7434121966362","0.7484667897224426","0.7484667897224426","0.7484667897224426","0.9365981221199036","0.9365981221199036","0.9365981221199036","0.9366097450256348","0.9366097450256348","0.9366097450256348"
"31800","0.7417150735855103","0.7417150735855103","0.7417150735855103","0.934252142906189","0.934252142906189","0.934252142906189","0.7485630512237549","0.7485630512237549","0.7485630512237549","0.9373930096626282","0.9373930096626282","0.9373930096626282","0.7510149478912354","0.7510149478912354","0.7510149478912354","0.9391393065452576","0.9391393065452576","0.9391393065452576","0.740680456161499","0.740680456161499","0.740680456161499","0.7472773194313049","0.7472773194313049","0.7472773194313049","0.9329948425292969","0.9329948425292969","0.9329948425292969","0.9317736029624939","0.9317736029624939","0.9317736029624939"
"31900","0.7417517304420471","0.7417517304420471","0.7417517304420471","0.9354836940765381","0.9354836940765381","0.9354836940765381","0.7419784665107727","0.7419784665107727","0.7419784665107727","0.9354397058486938","0.9354397058486938","0.9354397058486938","0.7466902732849121","0.7466902732849121","0.7466902732849121","0.9387269020080566","0.9387269020080566","0.9387269020080566","0.7457850575447083","0.7457850575447083","0.7457850575447083","0.7459269165992737","0.7459269165992737","0.7459269165992737","0.9336351156234741","0.9336351156234741","0.9336351156234741","0.9344629049301147","0.9344629049301147","0.9344629049301147"
"32000","0.7441697120666504","0.7441697120666504","0.7441697120666504","0.9351089596748352","0.9351089596748352","0.9351089596748352","0.746931254863739","0.746931254863739","0.746931254863739","0.9362853765487671","0.9362853765487671","0.9362853765487671","0.7477307915687561","0.7477307915687561","0.7477307915687561","0.9380537271499634","0.9380537271499634","0.9380537271499634","0.7504857778549194","0.7504857778549194","0.7504857778549194","0.739644467830658","0.739644467830658","0.739644467830658","0.9373846650123596","0.9373846650123596","0.9373846650123596","0.937039852142334","0.937039852142334","0.937039852142334"
"32100","0.7393311858177185","0.7393311858177185","0.7393311858177185","0.9348508715629578","0.9348508715629578","0.9348508715629578","0.7431027889251709","0.7431027889251709","0.7431027889251709","0.9341349601745605","0.9341349601745605","0.9341349601745605","0.7499908208847046","0.7499908208847046","0.7499908208847046","0.9362258911132812","0.9362258911132812","0.9362258911132812","0.7440046668052673","0.7440046668052673","0.7440046668052673","0.7466992139816284","0.7466992139816284","0.7466992139816284","0.9403828382492065","0.9403828382492065","0.9403828382492065","0.9360063076019287","0.9360063076019287","0.9360063076019287"
"32200","0.7441826462745667","0.7441826462745667","0.7441826462745667","0.9358505010604858","0.9358505010604858","0.9358505010604858","0.7449509501457214","0.7449509501457214","0.7449509501457214","0.9331842064857483","0.9331842064857483","0.9331842064857483","0.7470259070396423","0.7470259070396423","0.7470259070396423","0.937663197517395","0.937663197517395","0.937663197517395","0.741997480392456","0.741997480392456","0.741997480392456","0.7458206415176392","0.7458206415176392","0.7458206415176392","0.9368332624435425","0.9368332624435425","0.9368332624435425","0.9357605576515198","0.9357605576515198","0.9357605576515198"
"32300","0.7457760572433472","0.7457760572433472","0.7457760572433472","0.9370876550674438","0.9370876550674438","0.9370876550674438","0.7442046403884888","0.7442046403884888","0.7442046403884888","0.9333335757255554","0.9333335757255554","0.9333335757255554","0.7441269159317017","0.7441269159317017","0.7441269159317017","0.9358886480331421","0.9358886480331421","0.9358886480331421","0.7497193217277527","0.7497193217277527","0.7497193217277527","0.7459412217140198","0.7459412217140198","0.7459412217140198","0.9338192939758301","0.9338192939758301","0.9338192939758301","0.9367545247077942","0.9367545247077942","0.9367545247077942"
"32400","0.7400017380714417","0.7400017380714417","0.7400017380714417","0.9362597465515137","0.9362597465515137","0.9362597465515137","0.7485595941543579","0.7485595941543579","0.7485595941543579","0.9353777170181274","0.9353777170181274","0.9353777170181274","0.746336817741394","0.746336817741394","0.746336817741394","0.9354248642921448","0.9354248642921448","0.9354248642921448","0.7487120628356934","0.7487120628356934","0.7487120628356934","0.7475757002830505","0.7475757002830505","0.7475757002830505","0.9377796053886414","0.9377796053886414","0.9377796053886414","0.9370368719100952","0.9370368719100952","0.9370368719100952"
"32500","0.7462106943130493","0.7462106943130493","0.7462106943130493","0.9337169528007507","0.9337169528007507","0.9337169528007507","0.7434415221214294","0.7434415221214294","0.7434415221214294","0.9387260675430298","0.9387260675430298","0.9387260675430298","0.745454728603363","0.745454728603363","0.745454728603363","0.9401626586914062","0.9401626586914062","0.9401626586914062","0.7509536147117615","0.7509536147117615","0.7509536147117615","0.7464476823806763","0.7464476823806763","0.7464476823806763","0.9365125894546509","0.9365125894546509","0.9365125894546509","0.9407002925872803","0.9407002925872803","0.9407002925872803"
"32600","0.7409507632255554","0.7409507632255554","0.7409507632255554","0.9351500868797302","0.9351500868797302","0.9351500868797302","0.747423529624939","0.747423529624939","0.747423529624939","0.9367874264717102","0.9367874264717102","0.9367874264717102","0.7484416365623474","0.7484416365623474","0.7484416365623474","0.9364193677902222","0.9364193677902222","0.9364193677902222","0.7507729530334473","0.7507729530334473","0.7507729530334473","0.7498005032539368","0.7498005032539368","0.7498005032539368","0.9365089535713196","0.9365089535713196","0.9365089535713196","0.9361406564712524","0.9361406564712524","0.9361406564712524"
"32700","0.7407100200653076","0.7407100200653076","0.7407100200653076","0.9307917952537537","0.9307917952537537","0.9307917952537537","0.7471784949302673","0.7471784949302673","0.7471784949302673","0.9340751767158508","0.9340751767158508","0.9340751767158508","0.754467248916626","0.754467248916626","0.754467248916626","0.9370155930519104","0.9370155930519104","0.9370155930519104","0.7510120272636414","0.7510120272636414","0.7510120272636414","0.7503872513771057","0.7503872513771057","0.7503872513771057","0.9355629682540894","0.9355629682540894","0.9355629682540894","0.9370274543762207","0.9370274543762207","0.9370274543762207"
"32800","0.7435239553451538","0.7435239553451538","0.7435239553451538","0.9348806142807007","0.9348806142807007","0.9348806142807007","0.7532602548599243","0.7532602548599243","0.7532602548599243","0.9358335733413696","0.9358335733413696","0.9358335733413696","0.7462939620018005","0.7462939620018005","0.7462939620018005","0.9348739385604858","0.9348739385604858","0.9348739385604858","0.7490898966789246","0.7490898966789246","0.7490898966789246","0.7497206330299377","0.7497206330299377","0.7497206330299377","0.9343479871749878","0.9343479871749878","0.9343479871749878","0.937873363494873","0.937873363494873","0.937873363494873"
"32900","0.7459768652915955","0.7459768652915955","0.7459768652915955","0.9342029690742493","0.9342029690742493","0.9342029690742493","0.7488304972648621","0.7488304972648621","0.7488304972648621","0.9364800453186035","0.9364800453186035","0.9364800453186035","0.7509273290634155","0.7509273290634155","0.7509273290634155","0.9350057244300842","0.9350057244300842","0.9350057244300842","0.7535179853439331","0.7535179853439331","0.7535179853439331","0.7433532476425171","0.7433532476425171","0.7433532476425171","0.9388055205345154","0.9388055205345154","0.9388055205345154","0.936103880405426","0.936103880405426","0.936103880405426"
"33000","0.7502918243408203","0.7502918243408203","0.7502918243408203","0.9345127940177917","0.9345127940177917","0.9345127940177917","0.7463887929916382","0.7463887929916382","0.7463887929916382","0.9352594017982483","0.9352594017982483","0.9352594017982483","0.7512691617012024","0.7512691617012024","0.7512691617012024","0.9375689625740051","0.9375689625740051","0.9375689625740051","0.7442898750305176","0.7442898750305176","0.7442898750305176","0.7458223104476929","0.7458223104476929","0.7458223104476929","0.9349789619445801","0.9349789619445801","0.9349789619445801","0.9378713965415955","0.9378713965415955","0.9378713965415955"
"33100","0.7465067505836487","0.7465067505836487","0.7465067505836487","0.933070957660675","0.933070957660675","0.933070957660675","0.7523353099822998","0.7523353099822998","0.7523353099822998","0.9378746151924133","0.9378746151924133","0.9378746151924133","0.7485484480857849","0.7485484480857849","0.7485484480857849","0.939257800579071","0.939257800579071","0.939257800579071","0.7443243265151978","0.7443243265151978","0.7443243265151978","0.7464349269866943","0.7464349269866943","0.7464349269866943","0.9356681704521179","0.9356681704521179","0.9356681704521179","0.9413301348686218","0.9413301348686218","0.9413301348686218"
"33200","0.7420306205749512","0.7420306205749512","0.7420306205749512","0.9362480044364929","0.9362480044364929","0.9362480044364929","0.7485021352767944","0.7485021352767944","0.7485021352767944","0.9354963898658752","0.9354963898658752","0.9354963898658752","0.7518730759620667","0.7518730759620667","0.7518730759620667","0.9355868697166443","0.9355868697166443","0.9355868697166443","0.7438637018203735","0.7438637018203735","0.7438637018203735","0.7461367249488831","0.7461367249488831","0.7461367249488831","0.9349271655082703","0.9349271655082703","0.9349271655082703","0.9406330585479736","0.9406330585479736","0.9406330585479736"
"33300","0.7482525110244751","0.7482525110244751","0.7482525110244751","0.9376891851425171","0.9376891851425171","0.9376891851425171","0.750844419002533","0.750844419002533","0.750844419002533","0.9387221336364746","0.9387221336364746","0.9387221336364746","0.7447621822357178","0.7447621822357178","0.7447621822357178","0.9341882467269897","0.9341882467269897","0.9341882467269897","0.7500144243240356","0.7500144243240356","0.7500144243240356","0.7506463527679443","0.7506463527679443","0.7506463527679443","0.9353996515274048","0.9353996515274048","0.9353996515274048","0.9384351968765259","0.9384351968765259","0.9384351968765259"
"33400","0.7436220645904541","0.7436220645904541","0.7436220645904541","0.9358004927635193","0.9358004927635193","0.9358004927635193","0.7480533123016357","0.7480533123016357","0.7480533123016357","0.9344761371612549","0.9344761371612549","0.9344761371612549","0.7471338510513306","0.7471338510513306","0.7471338510513306","0.9377812743186951","0.9377812743186951","0.9377812743186951","0.7528577446937561","0.7528577446937561","0.7528577446937561","0.7497633099555969","0.7497633099555969","0.7497633099555969","0.9355491399765015","0.9355491399765015","0.9355491399765015","0.9399348497390747","0.9399348497390747","0.9399348497390747"
"33500","0.7458837628364563","0.7458837628364563","0.7458837628364563","0.9372104406356812","0.9372104406356812","0.9372104406356812","0.7454662919044495","0.7454662919044495","0.7454662919044495","0.938301682472229","0.938301682472229","0.938301682472229","0.7456343770027161","0.7456343770027161","0.7456343770027161","0.9364980459213257","0.9364980459213257","0.9364980459213257","0.7516063451766968","0.7516063451766968","0.7516063451766968","0.7455747723579407","0.7455747723579407","0.7455747723579407","0.9372510313987732","0.9372510313987732","0.9372510313987732","0.9366713762283325","0.9366713762283325","0.9366713762283325"
"33600","0.7479801177978516","0.7479801177978516","0.7479801177978516","0.9384521245956421","0.9384521245956421","0.9384521245956421","0.7489201426506042","0.7489201426506042","0.7489201426506042","0.9350597262382507","0.9350597262382507","0.9350597262382507","0.7476785778999329","0.7476785778999329","0.7476785778999329","0.93464195728302","0.93464195728302","0.93464195728302","0.7527362704277039","0.7527362704277039","0.7527362704277039","0.749450147151947","0.749450147151947","0.749450147151947","0.9379689693450928","0.9379689693450928","0.9379689693450928","0.939110517501831","0.939110517501831","0.939110517501831"
"33700","0.7457872033119202","0.7457872033119202","0.7457872033119202","0.9347071647644043","0.9347071647644043","0.9347071647644043","0.7498616576194763","0.7498616576194763","0.7498616576194763","0.9361408948898315","0.9361408948898315","0.9361408948898315","0.7456142902374268","0.7456142902374268","0.7456142902374268","0.9353750348091125","0.9353750348091125","0.9353750348091125","0.745418906211853","0.745418906211853","0.745418906211853","0.746511697769165","0.746511697769165","0.746511697769165","0.9367262125015259","0.9367262125015259","0.9367262125015259","0.9367003440856934","0.9367003440856934","0.9367003440856934"
"33800","0.7442178130149841","0.7442178130149841","0.7442178130149841","0.9350634813308716","0.9350634813308716","0.9350634813308716","0.7481158971786499","0.7481158971786499","0.7481158971786499","0.9357717633247375","0.9357717633247375","0.9357717633247375","0.7455278038978577","0.7455278038978577","0.7455278038978577","0.9374740719795227","0.9374740719795227","0.9374740719795227","0.7469686269760132","0.7469686269760132","0.7469686269760132","0.7448022365570068","0.7448022365570068","0.7448022365570068","0.9362249970436096","0.9362249970436096","0.9362249970436096","0.9359834790229797","0.9359834790229797","0.9359834790229797"
"33900","0.7449131608009338","0.7449131608009338","0.7449131608009338","0.9330108165740967","0.9330108165740967","0.9330108165740967","0.7448697686195374","0.7448697686195374","0.7448697686195374","0.9372468590736389","0.9372468590736389","0.9372468590736389","0.7487340569496155","0.7487340569496155","0.7487340569496155","0.936282753944397","0.936282753944397","0.936282753944397","0.7489907145500183","0.7489907145500183","0.7489907145500183","0.7487286329269409","0.7487286329269409","0.7487286329269409","0.9377187490463257","0.9377187490463257","0.9377187490463257","0.9401060342788696","0.9401060342788696","0.9401060342788696"
"34000","0.7433157563209534","0.7433157563209534","0.7433157563209534","0.9348756670951843","0.9348756670951843","0.9348756670951843","0.7442309856414795","0.7442309856414795","0.7442309856414795","0.9361869096755981","0.9361869096755981","0.9361869096755981","0.7507642507553101","0.7507642507553101","0.7507642507553101","0.9375657439231873","0.9375657439231873","0.9375657439231873","0.7519978880882263","0.7519978880882263","0.7519978880882263","0.7489024996757507","0.7489024996757507","0.7489024996757507","0.9364354610443115","0.9364354610443115","0.9364354610443115","0.9365116357803345","0.9365116357803345","0.9365116357803345"
"34100","0.7511447072029114","0.7511447072029114","0.7511447072029114","0.938478410243988","0.938478410243988","0.938478410243988","0.7459075450897217","0.7459075450897217","0.7459075450897217","0.9348687529563904","0.9348687529563904","0.9348687529563904","0.7436044812202454","0.7436044812202454","0.7436044812202454","0.9338387846946716","0.9338387846946716","0.9338387846946716","0.7508125901222229","0.7508125901222229","0.7508125901222229","0.7490628957748413","0.7490628957748413","0.7490628957748413","0.9394890069961548","0.9394890069961548","0.9394890069961548","0.938988447189331","0.938988447189331","0.938988447189331"
"34200","0.7471239566802979","0.7471239566802979","0.7471239566802979","0.9358594417572021","0.9358594417572021","0.9358594417572021","0.7476016283035278","0.7476016283035278","0.7476016283035278","0.9383278489112854","0.9383278489112854","0.9383278489112854","0.7512097954750061","0.7512097954750061","0.7512097954750061","0.9373348355293274","0.9373348355293274","0.9373348355293274","0.7550868988037109","0.7550868988037109","0.7550868988037109","0.7401154041290283","0.7401154041290283","0.7401154041290283","0.9374342560768127","0.9374342560768127","0.9374342560768127","0.9376897215843201","0.9376897215843201","0.9376897215843201"
"34300","0.7463501691818237","0.7463501691818237","0.7463501691818237","0.9377530813217163","0.9377530813217163","0.9377530813217163","0.7487853169441223","0.7487853169441223","0.7487853169441223","0.9350659251213074","0.9350659251213074","0.9350659251213074","0.7537375688552856","0.7537375688552856","0.7537375688552856","0.9373955726623535","0.9373955726623535","0.9373955726623535","0.7483547925949097","0.7483547925949097","0.7483547925949097","0.7450563907623291","0.7450563907623291","0.7450563907623291","0.9357989430427551","0.9357989430427551","0.9357989430427551","0.9401523470878601","0.9401523470878601","0.9401523470878601"
"34400","0.7460248470306396","0.7460248470306396","0.7460248470306396","0.9362161159515381","0.9362161159515381","0.9362161159515381","0.7503716945648193","0.7503716945648193","0.7503716945648193","0.9367880821228027","0.9367880821228027","0.9367880821228027","0.7520670294761658","0.7520670294761658","0.7520670294761658","0.9376519918441772","0.9376519918441772","0.9376519918441772","0.748562753200531","0.748562753200531","0.748562753200531","0.7477986812591553","0.7477986812591553","0.7477986812591553","0.9343990087509155","0.9343990087509155","0.9343990087509155","0.9348028302192688","0.9348028302192688","0.9348028302192688"
"34500","0.7464766502380371","0.7464766502380371","0.7464766502380371","0.9346338510513306","0.9346338510513306","0.9346338510513306","0.7500970363616943","0.7500970363616943","0.7500970363616943","0.9383056163787842","0.9383056163787842","0.9383056163787842","0.7505414485931396","0.7505414485931396","0.7505414485931396","0.9366604685783386","0.9366604685783386","0.9366604685783386","0.7480308413505554","0.7480308413505554","0.7480308413505554","0.7456697225570679","0.7456697225570679","0.7456697225570679","0.9394651651382446","0.9394651651382446","0.9394651651382446","0.9360639452934265","0.9360639452934265","0.9360639452934265"
"34600","0.7464061975479126","0.7464061975479126","0.7464061975479126","0.9353393316268921","0.9353393316268921","0.9353393316268921","0.7457743287086487","0.7457743287086487","0.7457743287086487","0.9360514879226685","0.9360514879226685","0.9360514879226685","0.7511504888534546","0.7511504888534546","0.7511504888534546","0.9351277351379395","0.9351277351379395","0.9351277351379395","0.7477301955223083","0.7477301955223083","0.7477301955223083","0.7461469173431396","0.7461469173431396","0.7461469173431396","0.9357567429542542","0.9357567429542542","0.9357567429542542","0.9342880249023438","0.9342880249023438","0.9342880249023438"
"34700","0.7448886036872864","0.7448886036872864","0.7448886036872864","0.937333345413208","0.937333345413208","0.937333345413208","0.7462621331214905","0.7462621331214905","0.7462621331214905","0.9360164403915405","0.9360164403915405","0.9360164403915405","0.7497371435165405","0.7497371435165405","0.7497371435165405","0.9340749979019165","0.9340749979019165","0.9340749979019165","0.7456283569335938","0.7456283569335938","0.7456283569335938","0.7418400049209595","0.7418400049209595","0.7418400049209595","0.9334388971328735","0.9334388971328735","0.9334388971328735","0.9344918727874756","0.9344918727874756","0.9344918727874756"
"34800","0.7494946122169495","0.7494946122169495","0.7494946122169495","0.9376113414764404","0.9376113414764404","0.9376113414764404","0.7456161379814148","0.7456161379814148","0.7456161379814148","0.9371424317359924","0.9371424317359924","0.9371424317359924","0.7433378100395203","0.7433378100395203","0.7433378100395203","0.9343807101249695","0.9343807101249695","0.9343807101249695","0.7498697638511658","0.7498697638511658","0.7498697638511658","0.7484575510025024","0.7484575510025024","0.7484575510025024","0.9364683032035828","0.9364683032035828","0.9364683032035828","0.9373793005943298","0.9373793005943298","0.9373793005943298"
"34900","0.7457563281059265","0.7457563281059265","0.7457563281059265","0.9378631114959717","0.9378631114959717","0.9378631114959717","0.7485166192054749","0.7485166192054749","0.7485166192054749","0.9367413520812988","0.9367413520812988","0.9367413520812988","0.7454596161842346","0.7454596161842346","0.7454596161842346","0.9344834685325623","0.9344834685325623","0.9344834685325623","0.7476277351379395","0.7476277351379395","0.7476277351379395","0.7453370690345764","0.7453370690345764","0.7453370690345764","0.9358442425727844","0.9358442425727844","0.9358442425727844","0.9358184337615967","0.9358184337615967","0.9358184337615967"
"35000","0.7524716258049011","0.7524716258049011","0.7524716258049011","0.9373833537101746","0.9373833537101746","0.9373833537101746","0.7508491277694702","0.7508491277694702","0.7508491277694702","0.9382914900779724","0.9382914900779724","0.9382914900779724","0.7500678896903992","0.7500678896903992","0.7500678896903992","0.9375391602516174","0.9375391602516174","0.9375391602516174","0.7511154413223267","0.7511154413223267","0.7511154413223267","0.7434924244880676","0.7434924244880676","0.7434924244880676","0.9366196393966675","0.9366196393966675","0.9366196393966675","0.9383161664009094","0.9383161664009094","0.9383161664009094"
"35100","0.7466781735420227","0.7466781735420227","0.7466781735420227","0.9356395602226257","0.9356395602226257","0.9356395602226257","0.7499098777770996","0.7499098777770996","0.7499098777770996","0.9376956820487976","0.9376956820487976","0.9376956820487976","0.7506894469261169","0.7506894469261169","0.7506894469261169","0.9366642236709595","0.9366642236709595","0.9366642236709595","0.7486672401428223","0.7486672401428223","0.7486672401428223","0.753675103187561","0.753675103187561","0.753675103187561","0.9388428330421448","0.9388428330421448","0.9388428330421448","0.9380056858062744","0.9380056858062744","0.9380056858062744"
"35200","0.7446964383125305","0.7446964383125305","0.7446964383125305","0.9365941882133484","0.9365941882133484","0.9365941882133484","0.7487022280693054","0.7487022280693054","0.7487022280693054","0.9374908208847046","0.9374908208847046","0.9374908208847046","0.7469495534896851","0.7469495534896851","0.7469495534896851","0.933180034160614","0.933180034160614","0.933180034160614","0.7444109916687012","0.7444109916687012","0.7444109916687012","0.7475082874298096","0.7475082874298096","0.7475082874298096","0.9368112683296204","0.9368112683296204","0.9368112683296204","0.9355738162994385","0.9355738162994385","0.9355738162994385"
"35300","0.746019184589386","0.746019184589386","0.746019184589386","0.9376288056373596","0.9376288056373596","0.9376288056373596","0.7489184737205505","0.7489184737205505","0.7489184737205505","0.938042402267456","0.938042402267456","0.938042402267456","0.7464526891708374","0.7464526891708374","0.7464526891708374","0.9351149797439575","0.9351149797439575","0.9351149797439575","0.7464625835418701","0.7464625835418701","0.7464625835418701","0.747058629989624","0.747058629989624","0.747058629989624","0.9372732639312744","0.9372732639312744","0.9372732639312744","0.9358713626861572","0.9358713626861572","0.9358713626861572"