"Step","biogrid_exp_match_seed314 - train/avg_neg","biogrid_exp_match_seed314 - train/avg_neg__MIN","biogrid_exp_match_seed314 - train/avg_neg__MAX","biogrid_exp_nomatch_seed314 - train/avg_neg","biogrid_exp_nomatch_seed314 - train/avg_neg__MIN","biogrid_exp_nomatch_seed314 - train/avg_neg__MAX","biogrid_exp_match_seed550 - train/avg_neg","biogrid_exp_match_seed550 - train/avg_neg__MIN","biogrid_exp_match_seed550 - train/avg_neg__MAX","biogrid_exp_nomatch_seed550 - train/avg_neg","biogrid_exp_nomatch_seed550 - train/avg_neg__MIN","biogrid_exp_nomatch_seed550 - train/avg_neg__MAX","biogrid_exp_match_seed576 - train/avg_neg","biogrid_exp_match_seed576 - train/avg_neg__MIN","biogrid_exp_match_seed576 - train/avg_neg__MAX","biogrid_exp_nomatch_seed576 - train/avg_neg","biogrid_exp_nomatch_seed576 - train/avg_neg__MIN","biogrid_exp_nomatch_seed576 - train/avg_neg__MAX","biogrid_exp_match_seed842 - train/avg_neg","biogrid_exp_match_seed842 - train/avg_neg__MIN","biogrid_exp_match_seed842 - train/avg_neg__MAX","biogrid_exp_match_seed669 - train/avg_neg","biogrid_exp_match_seed669 - train/avg_neg__MIN","biogrid_exp_match_seed669 - train/avg_neg__MAX","biogrid_exp_nomatch_seed842 - train/avg_neg","biogrid_exp_nomatch_seed842 - train/avg_neg__MIN","biogrid_exp_nomatch_seed842 - train/avg_neg__MAX","biogrid_exp_nomatch_seed669 - train/avg_neg","biogrid_exp_nomatch_seed669 - train/avg_neg__MIN","biogrid_exp_nomatch_seed669 - train/avg_neg__MAX"
"100","0.5021184682846069","0.5021184682846069","0.5021184682846069","0.4946368336677551","0.4946368336677551","0.4946368336677551","0.5001242160797119","0.5001242160797119","0.5001242160797119","0.49843981862068176","0.49843981862068176","0.49843981862068176","0.528268575668335","0.528268575668335","0.528268575668335","0.5319240689277649","0.5319240689277649","0.5319240689277649","0.510316789150238","0.510316789150238","0.510316789150238","0.5049284100532532","0.5049284100532532","0.5049284100532532","0.507041871547699","0.507041871547699","0.507041871547699","0.508845865726471","0.508845865726471","0.508845865726471"
"200","0.5143743753433228","0.5143743753433228","0.5143743753433228","0.5113771557807922","0.5113771557807922","0.5113771557807922","0.5074225664138794","0.5074225664138794","0.5074225664138794","0.5164124965667725","0.5164124965667725","0.5164124965667725","0.5123705267906189","0.5123705267906189","0.5123705267906189","0.5163721442222595","0.5163721442222595","0.5163721442222595","0.5149194002151489","0.5149194002151489","0.5149194002151489","0.5073832869529724","0.5073832869529724","0.5073832869529724","0.5136299729347229","0.5136299729347229","0.5136299729347229","0.5121938586235046","0.5121938586235046","0.5121938586235046"
"300","0.5058020949363708","0.5058020949363708","0.5058020949363708","0.5103230476379395","0.5103230476379395","0.5103230476379395","0.5079849362373352","0.5079849362373352","0.5079849362373352","0.5065864324569702","0.5065864324569702","0.5065864324569702","0.5080722570419312","0.5080722570419312","0.5080722570419312","0.5083628296852112","0.5083628296852112","0.5083628296852112","0.5134993195533752","0.5134993195533752","0.5134993195533752","0.5087817311286926","0.5087817311286926","0.5087817311286926","0.5142579078674316","0.5142579078674316","0.5142579078674316","0.509010374546051","0.509010374546051","0.509010374546051"
"400","0.5141934156417847","0.5141934156417847","0.5141934156417847","0.5063880681991577","0.5063880681991577","0.5063880681991577","0.5105178356170654","0.5105178356170654","0.5105178356170654","0.5073931217193604","0.5073931217193604","0.5073931217193604","0.5113730430603027","0.5113730430603027","0.5113730430603027","0.504896879196167","0.504896879196167","0.504896879196167","0.5122811794281006","0.5122811794281006","0.5122811794281006","0.5056437849998474","0.5056437849998474","0.5056437849998474","0.5096952319145203","0.5096952319145203","0.5096952319145203","0.5064971446990967","0.5064971446990967","0.5064971446990967"
"500","0.5133209824562073","0.5133209824562073","0.5133209824562073","0.5074852108955383","0.5074852108955383","0.5074852108955383","0.5088699460029602","0.5088699460029602","0.5088699460029602","0.5052483081817627","0.5052483081817627","0.5052483081817627","0.5111292004585266","0.5111292004585266","0.5111292004585266","0.5052372217178345","0.5052372217178345","0.5052372217178345","0.5105399489402771","0.5105399489402771","0.5105399489402771","0.5095659494400024","0.5095659494400024","0.5095659494400024","0.5051068663597107","0.5051068663597107","0.5051068663597107","0.5078557729721069","0.5078557729721069","0.5078557729721069"
"600","0.5072217583656311","0.5072217583656311","0.5072217583656311","0.5067988038063049","0.5067988038063049","0.5067988038063049","0.5112508535385132","0.5112508535385132","0.5112508535385132","0.5019443035125732","0.5019443035125732","0.5019443035125732","0.5075172185897827","0.5075172185897827","0.5075172185897827","0.5058298707008362","0.5058298707008362","0.5058298707008362","0.5087100267410278","0.5087100267410278","0.5087100267410278","0.5069351196289062","0.5069351196289062","0.5069351196289062","0.5046591758728027","0.5046591758728027","0.5046591758728027","0.5055434703826904","0.5055434703826904","0.5055434703826904"
"700","0.5060402154922485","0.5060402154922485","0.5060402154922485","0.5041789412498474","0.5041789412498474","0.5041789412498474","0.5112780928611755","0.5112780928611755","0.5112780928611755","0.5012451410293579","0.5012451410293579","0.5012451410293579","0.5076491236686707","0.5076491236686707","0.5076491236686707","0.5027820467948914","0.5027820467948914","0.5027820467948914","0.5079456567764282","0.5079456567764282","0.5079456567764282","0.5092391967773438","0.5092391967773438","0.5092391967773438","0.5046794414520264","0.5046794414520264","0.5046794414520264","0.5036479830741882","0.5036479830741882","0.5036479830741882"
"800","0.5060555934906006","0.5060555934906006","0.5060555934906006","0.5015445351600647","0.5015445351600647","0.5015445351600647","0.510097861289978","0.510097861289978","0.510097861289978","0.5020069479942322","0.5020069479942322","0.5020069479942322","0.5090985298156738","0.5090985298156738","0.5090985298156738","0.5030606985092163","0.5030606985092163","0.5030606985092163","0.5080522298812866","0.5080522298812866","0.5080522298812866","0.5090291500091553","0.5090291500091553","0.5090291500091553","0.5029892921447754","0.5029892921447754","0.5029892921447754","0.5043803453445435","0.5043803453445435","0.5043803453445435"
"900","0.5148600935935974","0.5148600935935974","0.5148600935935974","0.5038456916809082","0.5038456916809082","0.5038456916809082","0.508857250213623","0.508857250213623","0.508857250213623","0.5034506916999817","0.5034506916999817","0.5034506916999817","0.5072727799415588","0.5072727799415588","0.5072727799415588","0.5022561550140381","0.5022561550140381","0.5022561550140381","0.5053378343582153","0.5053378343582153","0.5053378343582153","0.5028977990150452","0.5028977990150452","0.5028977990150452","0.5062210559844971","0.5062210559844971","0.5062210559844971","0.5041535496711731","0.5041535496711731","0.5041535496711731"
"1000","0.5042900443077087","0.5042900443077087","0.5042900443077087","0.5009472370147705","0.5009472370147705","0.5009472370147705","0.5090383291244507","0.5090383291244507","0.5090383291244507","0.501478910446167","0.501478910446167","0.501478910446167","0.5100923180580139","0.5100923180580139","0.5100923180580139","0.5004134178161621","0.5004134178161621","0.5004134178161621","0.5088410377502441","0.5088410377502441","0.5088410377502441","0.5092455744743347","0.5092455744743347","0.5092455744743347","0.5011112093925476","0.5011112093925476","0.5011112093925476","0.5037540197372437","0.5037540197372437","0.5037540197372437"
"1100","0.5106588006019592","0.5106588006019592","0.5106588006019592","0.4998154938220978","0.4998154938220978","0.4998154938220978","0.5072107911109924","0.5072107911109924","0.5072107911109924","0.500510573387146","0.500510573387146","0.500510573387146","0.5113785266876221","0.5113785266876221","0.5113785266876221","0.5040805339813232","0.5040805339813232","0.5040805339813232","0.5066730380058289","0.5066730380058289","0.5066730380058289","0.510919988155365","0.510919988155365","0.510919988155365","0.502973735332489","0.502973735332489","0.502973735332489","0.5040783286094666","0.5040783286094666","0.5040783286094666"
"1200","0.5073407292366028","0.5073407292366028","0.5073407292366028","0.5013474225997925","0.5013474225997925","0.5013474225997925","0.508617103099823","0.508617103099823","0.508617103099823","0.5016671419143677","0.5016671419143677","0.5016671419143677","0.5094945430755615","0.5094945430755615","0.5094945430755615","0.5031514167785645","0.5031514167785645","0.5031514167785645","0.5009056329727173","0.5009056329727173","0.5009056329727173","0.5082546472549438","0.5082546472549438","0.5082546472549438","0.499725878238678","0.499725878238678","0.499725878238678","0.4997859299182892","0.4997859299182892","0.4997859299182892"
"1300","0.5087447166442871","0.5087447166442871","0.5087447166442871","0.49945032596588135","0.49945032596588135","0.49945032596588135","0.5073476433753967","0.5073476433753967","0.5073476433753967","0.49988090991973877","0.49988090991973877","0.49988090991973877","0.5075459480285645","0.5075459480285645","0.5075459480285645","0.49873068928718567","0.49873068928718567","0.49873068928718567","0.5113884210586548","0.5113884210586548","0.5113884210586548","0.509097695350647","0.509097695350647","0.509097695350647","0.5020385384559631","0.5020385384559631","0.5020385384559631","0.5018181204795837","0.5018181204795837","0.5018181204795837"
"1400","0.5064546465873718","0.5064546465873718","0.5064546465873718","0.498627245426178","0.498627245426178","0.498627245426178","0.5078216791152954","0.5078216791152954","0.5078216791152954","0.5011356472969055","0.5011356472969055","0.5011356472969055","0.5016365647315979","0.5016365647315979","0.5016365647315979","0.5009554028511047","0.5009554028511047","0.5009554028511047","0.5095951557159424","0.5095951557159424","0.5095951557159424","0.5120140314102173","0.5120140314102173","0.5120140314102173","0.500462532043457","0.500462532043457","0.500462532043457","0.5005823373794556","0.5005823373794556","0.5005823373794556"
"1500","0.5143983364105225","0.5143983364105225","0.5143983364105225","0.500386655330658","0.500386655330658","0.500386655330658","0.5074276924133301","0.5074276924133301","0.5074276924133301","0.49903178215026855","0.49903178215026855","0.49903178215026855","0.5072605013847351","0.5072605013847351","0.5072605013847351","0.5012574791908264","0.5012574791908264","0.5012574791908264","0.5096385478973389","0.5096385478973389","0.5096385478973389","0.5095429420471191","0.5095429420471191","0.5095429420471191","0.4992082715034485","0.4992082715034485","0.4992082715034485","0.5020284056663513","0.5020284056663513","0.5020284056663513"
"1600","0.5044125914573669","0.5044125914573669","0.5044125914573669","0.4989144504070282","0.4989144504070282","0.4989144504070282","0.5074518918991089","0.5074518918991089","0.5074518918991089","0.4985051453113556","0.4985051453113556","0.4985051453113556","0.5064867734909058","0.5064867734909058","0.5064867734909058","0.49909183382987976","0.49909183382987976","0.49909183382987976","0.5075241327285767","0.5075241327285767","0.5075241327285767","0.5086305141448975","0.5086305141448975","0.5086305141448975","0.49831974506378174","0.49831974506378174","0.49831974506378174","0.49909186363220215","0.49909186363220215","0.49909186363220215"
"1700","0.510139524936676","0.510139524936676","0.510139524936676","0.5009792447090149","0.5009792447090149","0.5009792447090149","0.5068641901016235","0.5068641901016235","0.5068641901016235","0.501179575920105","0.501179575920105","0.501179575920105","0.5050769448280334","0.5050769448280334","0.5050769448280334","0.49884989857673645","0.49884989857673645","0.49884989857673645","0.5129530429840088","0.5129530429840088","0.5129530429840088","0.505967378616333","0.505967378616333","0.505967378616333","0.5013396739959717","0.5013396739959717","0.5013396739959717","0.4986560344696045","0.4986560344696045","0.4986560344696045"
"1800","0.5067785382270813","0.5067785382270813","0.5067785382270813","0.4996265470981598","0.4996265470981598","0.4996265470981598","0.5070916414260864","0.5070916414260864","0.5070916414260864","0.4989564120769501","0.4989564120769501","0.4989564120769501","0.5092759132385254","0.5092759132385254","0.5092759132385254","0.5009877681732178","0.5009877681732178","0.5009877681732178","0.5046388506889343","0.5046388506889343","0.5046388506889343","0.5065181255340576","0.5065181255340576","0.5065181255340576","0.49794861674308777","0.49794861674308777","0.49794861674308777","0.4981612265110016","0.4981612265110016","0.4981612265110016"
"1900","0.5064564347267151","0.5064564347267151","0.5064564347267151","0.49739277362823486","0.49739277362823486","0.49739277362823486","0.5054426193237305","0.5054426193237305","0.5054426193237305","0.4989413321018219","0.4989413321018219","0.4989413321018219","0.5082972049713135","0.5082972049713135","0.5082972049713135","0.49997931718826294","0.49997931718826294","0.49997931718826294","0.5120136737823486","0.5120136737823486","0.5120136737823486","0.5051581859588623","0.5051581859588623","0.5051581859588623","0.5020141005516052","0.5020141005516052","0.5020141005516052","0.49804607033729553","0.49804607033729553","0.49804607033729553"
"2000","0.5099875926971436","0.5099875926971436","0.5099875926971436","0.49897170066833496","0.49897170066833496","0.49897170066833496","0.5086974501609802","0.5086974501609802","0.5086974501609802","0.49918708205223083","0.49918708205223083","0.49918708205223083","0.5084813833236694","0.5084813833236694","0.5084813833236694","0.4978382885456085","0.4978382885456085","0.4978382885456085","0.5133468508720398","0.5133468508720398","0.5133468508720398","0.5097604990005493","0.5097604990005493","0.5097604990005493","0.4993935823440552","0.4993935823440552","0.4993935823440552","0.4987715184688568","0.4987715184688568","0.4987715184688568"
"2100","0.5126125812530518","0.5126125812530518","0.5126125812530518","0.49856674671173096","0.49856674671173096","0.49856674671173096","0.5070772767066956","0.5070772767066956","0.5070772767066956","0.4979833662509918","0.4979833662509918","0.4979833662509918","0.5062599778175354","0.5062599778175354","0.5062599778175354","0.49639827013015747","0.49639827013015747","0.49639827013015747","0.5076197981834412","0.5076197981834412","0.5076197981834412","0.5074657201766968","0.5074657201766968","0.5074657201766968","0.49675217270851135","0.49675217270851135","0.49675217270851135","0.4982973337173462","0.4982973337173462","0.4982973337173462"
"2200","0.5110958218574524","0.5110958218574524","0.5110958218574524","0.49838367104530334","0.49838367104530334","0.49838367104530334","0.5107988119125366","0.5107988119125366","0.5107988119125366","0.49766290187835693","0.49766290187835693","0.49766290187835693","0.510221004486084","0.510221004486084","0.510221004486084","0.49974876642227173","0.49974876642227173","0.49974876642227173","0.5077080726623535","0.5077080726623535","0.5077080726623535","0.5103147029876709","0.5103147029876709","0.5103147029876709","0.4980979561805725","0.4980979561805725","0.4980979561805725","0.4973941445350647","0.4973941445350647","0.4973941445350647"
"2300","0.507969319820404","0.507969319820404","0.507969319820404","0.5006899833679199","0.5006899833679199","0.5006899833679199","0.5057008266448975","0.5057008266448975","0.5057008266448975","0.49818143248558044","0.49818143248558044","0.49818143248558044","0.5055181384086609","0.5055181384086609","0.5055181384086609","0.49804916977882385","0.49804916977882385","0.49804916977882385","0.5097787976264954","0.5097787976264954","0.5097787976264954","0.5055607557296753","0.5055607557296753","0.5055607557296753","0.4994308352470398","0.4994308352470398","0.4994308352470398","0.4994039237499237","0.4994039237499237","0.4994039237499237"
"2400","0.5071513652801514","0.5071513652801514","0.5071513652801514","0.4986266791820526","0.4986266791820526","0.4986266791820526","0.5091631412506104","0.5091631412506104","0.5091631412506104","0.5001922845840454","0.5001922845840454","0.5001922845840454","0.50908362865448","0.50908362865448","0.50908362865448","0.49606484174728394","0.49606484174728394","0.49606484174728394","0.5050660371780396","0.5050660371780396","0.5050660371780396","0.5025644898414612","0.5025644898414612","0.5025644898414612","0.49689778685569763","0.49689778685569763","0.49689778685569763","0.49770283699035645","0.49770283699035645","0.49770283699035645"
"2500","0.505343496799469","0.505343496799469","0.505343496799469","0.494400292634964","0.494400292634964","0.494400292634964","0.5098118782043457","0.5098118782043457","0.5098118782043457","0.49678942561149597","0.49678942561149597","0.49678942561149597","0.5059736371040344","0.5059736371040344","0.5059736371040344","0.5009236931800842","0.5009236931800842","0.5009236931800842","0.5086238384246826","0.5086238384246826","0.5086238384246826","0.5073906779289246","0.5073906779289246","0.5073906779289246","0.4974803626537323","0.4974803626537323","0.4974803626537323","0.4967666566371918","0.4967666566371918","0.4967666566371918"
"2600","0.5109313726425171","0.5109313726425171","0.5109313726425171","0.4961085021495819","0.4961085021495819","0.4961085021495819","0.5121524930000305","0.5121524930000305","0.5121524930000305","0.4986382722854614","0.4986382722854614","0.4986382722854614","0.5083046555519104","0.5083046555519104","0.5083046555519104","0.4998823404312134","0.4998823404312134","0.4998823404312134","0.5051929354667664","0.5051929354667664","0.5051929354667664","0.5039122700691223","0.5039122700691223","0.5039122700691223","0.4974622428417206","0.4974622428417206","0.4974622428417206","0.49933743476867676","0.49933743476867676","0.49933743476867676"
"2700","0.5094955563545227","0.5094955563545227","0.5094955563545227","0.49841004610061646","0.49841004610061646","0.49841004610061646","0.5060239434242249","0.5060239434242249","0.5060239434242249","0.49508750438690186","0.49508750438690186","0.49508750438690186","0.511476457118988","0.511476457118988","0.511476457118988","0.49633634090423584","0.49633634090423584","0.49633634090423584","0.5071388483047485","0.5071388483047485","0.5071388483047485","0.5090557932853699","0.5090557932853699","0.5090557932853699","0.49749132990837097","0.49749132990837097","0.49749132990837097","0.4942449927330017","0.4942449927330017","0.4942449927330017"
"2800","0.5087462067604065","0.5087462067604065","0.5087462067604065","0.49774158000946045","0.49774158000946045","0.49774158000946045","0.5082424283027649","0.5082424283027649","0.5082424283027649","0.5001742243766785","0.5001742243766785","0.5001742243766785","0.5148794054985046","0.5148794054985046","0.5148794054985046","0.4983452558517456","0.4983452558517456","0.4983452558517456","0.5086915493011475","0.5086915493011475","0.5086915493011475","0.5038670897483826","0.5038670897483826","0.5038670897483826","0.4973929524421692","0.4973929524421692","0.4973929524421692","0.4987453818321228","0.4987453818321228","0.4987453818321228"
"2900","0.5097677707672119","0.5097677707672119","0.5097677707672119","0.5007283687591553","0.5007283687591553","0.5007283687591553","0.5078765749931335","0.5078765749931335","0.5078765749931335","0.4979787766933441","0.4979787766933441","0.4979787766933441","0.5133025050163269","0.5133025050163269","0.5133025050163269","0.49921509623527527","0.49921509623527527","0.49921509623527527","0.5026013255119324","0.5026013255119324","0.5026013255119324","0.5071150660514832","0.5071150660514832","0.5071150660514832","0.49601900577545166","0.49601900577545166","0.49601900577545166","0.4998401403427124","0.4998401403427124","0.4998401403427124"
"3000","0.507987380027771","0.507987380027771","0.507987380027771","0.4982081353664398","0.4982081353664398","0.4982081353664398","0.5047486424446106","0.5047486424446106","0.5047486424446106","0.5004947185516357","0.5004947185516357","0.5004947185516357","0.5101931095123291","0.5101931095123291","0.5101931095123291","0.49758240580558777","0.49758240580558777","0.49758240580558777","0.5090857148170471","0.5090857148170471","0.5090857148170471","0.5079951882362366","0.5079951882362366","0.5079951882362366","0.4950312077999115","0.4950312077999115","0.4950312077999115","0.4979589879512787","0.4979589879512787","0.4979589879512787"
"3100","0.504794716835022","0.504794716835022","0.504794716835022","0.4973069131374359","0.4973069131374359","0.4973069131374359","0.5082369446754456","0.5082369446754456","0.5082369446754456","0.49501410126686096","0.49501410126686096","0.49501410126686096","0.5093666315078735","0.5093666315078735","0.5093666315078735","0.4967740774154663","0.4967740774154663","0.4967740774154663","0.5071743726730347","0.5071743726730347","0.5071743726730347","0.5049364566802979","0.5049364566802979","0.5049364566802979","0.4966737627983093","0.4966737627983093","0.4966737627983093","0.49383801221847534","0.49383801221847534","0.49383801221847534"
"3200","0.5106908082962036","0.5106908082962036","0.5106908082962036","0.49680638313293457","0.49680638313293457","0.49680638313293457","0.5107429027557373","0.5107429027557373","0.5107429027557373","0.498634934425354","0.498634934425354","0.498634934425354","0.508201539516449","0.508201539516449","0.508201539516449","0.498037189245224","0.498037189245224","0.498037189245224","0.513206422328949","0.513206422328949","0.513206422328949","0.5108141303062439","0.5108141303062439","0.5108141303062439","0.4989663064479828","0.4989663064479828","0.4989663064479828","0.49736014008522034","0.49736014008522034","0.49736014008522034"
"3300","0.5081716775894165","0.5081716775894165","0.5081716775894165","0.4943317174911499","0.4943317174911499","0.4943317174911499","0.5066145062446594","0.5066145062446594","0.5066145062446594","0.49581676721572876","0.49581676721572876","0.49581676721572876","0.507825493812561","0.507825493812561","0.507825493812561","0.49768513441085815","0.49768513441085815","0.49768513441085815","0.5069944858551025","0.5069944858551025","0.5069944858551025","0.5092301368713379","0.5092301368713379","0.5092301368713379","0.4975399076938629","0.4975399076938629","0.4975399076938629","0.4967667758464813","0.4967667758464813","0.4967667758464813"
"3400","0.5111933946609497","0.5111933946609497","0.5111933946609497","0.49637821316719055","0.49637821316719055","0.49637821316719055","0.5070920586585999","0.5070920586585999","0.5070920586585999","0.4991258382797241","0.4991258382797241","0.4991258382797241","0.5059210062026978","0.5059210062026978","0.5059210062026978","0.49712783098220825","0.49712783098220825","0.49712783098220825","0.5035905241966248","0.5035905241966248","0.5035905241966248","0.5069608092308044","0.5069608092308044","0.5069608092308044","0.49721089005470276","0.49721089005470276","0.49721089005470276","0.4950997829437256","0.4950997829437256","0.4950997829437256"
"3500","0.5094795823097229","0.5094795823097229","0.5094795823097229","0.49817246198654175","0.49817246198654175","0.49817246198654175","0.5049991607666016","0.5049991607666016","0.5049991607666016","0.49594393372535706","0.49594393372535706","0.49594393372535706","0.5093213319778442","0.5093213319778442","0.5093213319778442","0.49754878878593445","0.49754878878593445","0.49754878878593445","0.503283679485321","0.503283679485321","0.503283679485321","0.5082229375839233","0.5082229375839233","0.5082229375839233","0.49739566445350647","0.49739566445350647","0.49739566445350647","0.4982894957065582","0.4982894957065582","0.4982894957065582"
"3600","0.5082257986068726","0.5082257986068726","0.5082257986068726","0.49761226773262024","0.49761226773262024","0.49761226773262024","0.5069003105163574","0.5069003105163574","0.5069003105163574","0.4960242211818695","0.4960242211818695","0.4960242211818695","0.5066283345222473","0.5066283345222473","0.5066283345222473","0.49553894996643066","0.49553894996643066","0.49553894996643066","0.5102596879005432","0.5102596879005432","0.5102596879005432","0.5061615705490112","0.5061615705490112","0.5061615705490112","0.4960922300815582","0.4960922300815582","0.4960922300815582","0.4989561438560486","0.4989561438560486","0.4989561438560486"
"3700","0.5099197030067444","0.5099197030067444","0.5099197030067444","0.4956459105014801","0.4956459105014801","0.4956459105014801","0.5045509934425354","0.5045509934425354","0.5045509934425354","0.49648433923721313","0.49648433923721313","0.49648433923721313","0.5057318806648254","0.5057318806648254","0.5057318806648254","0.4941260814666748","0.4941260814666748","0.4941260814666748","0.5105466246604919","0.5105466246604919","0.5105466246604919","0.5081434845924377","0.5081434845924377","0.5081434845924377","0.49730032682418823","0.49730032682418823","0.49730032682418823","0.49513816833496094","0.49513816833496094","0.49513816833496094"
"3800","0.5084964632987976","0.5084964632987976","0.5084964632987976","0.49881240725517273","0.49881240725517273","0.49881240725517273","0.5081460475921631","0.5081460475921631","0.5081460475921631","0.49734365940093994","0.49734365940093994","0.49734365940093994","0.5097935199737549","0.5097935199737549","0.5097935199737549","0.496992826461792","0.496992826461792","0.496992826461792","0.5034998059272766","0.5034998059272766","0.5034998059272766","0.5112345218658447","0.5112345218658447","0.5112345218658447","0.49640437960624695","0.49640437960624695","0.49640437960624695","0.49469077587127686","0.49469077587127686","0.49469077587127686"
"3900","0.5080419778823853","0.5080419778823853","0.5080419778823853","0.49598151445388794","0.49598151445388794","0.49598151445388794","0.5016269087791443","0.5016269087791443","0.5016269087791443","0.4949636161327362","0.4949636161327362","0.4949636161327362","0.505480170249939","0.505480170249939","0.505480170249939","0.4947993755340576","0.4947993755340576","0.4947993755340576","0.5105515122413635","0.5105515122413635","0.5105515122413635","0.5024136900901794","0.5024136900901794","0.5024136900901794","0.4966498911380768","0.4966498911380768","0.4966498911380768","0.49554985761642456","0.49554985761642456","0.49554985761642456"
"4000","0.504942774772644","0.504942774772644","0.504942774772644","0.4979204833507538","0.4979204833507538","0.4979204833507538","0.5051277875900269","0.5051277875900269","0.5051277875900269","0.49487918615341187","0.49487918615341187","0.49487918615341187","0.5078926682472229","0.5078926682472229","0.5078926682472229","0.4949173033237457","0.4949173033237457","0.4949173033237457","0.5067293643951416","0.5067293643951416","0.5067293643951416","0.5069984197616577","0.5069984197616577","0.5069984197616577","0.49511900544166565","0.49511900544166565","0.49511900544166565","0.49752748012542725","0.49752748012542725","0.49752748012542725"
"4100","0.5118229389190674","0.5118229389190674","0.5118229389190674","0.49652421474456787","0.49652421474456787","0.49652421474456787","0.5042008757591248","0.5042008757591248","0.5042008757591248","0.4954996407032013","0.4954996407032013","0.4954996407032013","0.5095929503440857","0.5095929503440857","0.5095929503440857","0.4949999749660492","0.4949999749660492","0.4949999749660492","0.5065154433250427","0.5065154433250427","0.5065154433250427","0.5096293091773987","0.5096293091773987","0.5096293091773987","0.49634334444999695","0.49634334444999695","0.49634334444999695","0.4955993592739105","0.4955993592739105","0.4955993592739105"
"4200","0.5075523853302002","0.5075523853302002","0.5075523853302002","0.4979640543460846","0.4979640543460846","0.4979640543460846","0.5078017711639404","0.5078017711639404","0.5078017711639404","0.4967648983001709","0.4967648983001709","0.4967648983001709","0.5098553895950317","0.5098553895950317","0.5098553895950317","0.4946754574775696","0.4946754574775696","0.4946754574775696","0.5100484490394592","0.5100484490394592","0.5100484490394592","0.505905270576477","0.505905270576477","0.505905270576477","0.4940049350261688","0.4940049350261688","0.4940049350261688","0.4981337785720825","0.4981337785720825","0.4981337785720825"
"4300","0.5079565644264221","0.5079565644264221","0.5079565644264221","0.49698635935783386","0.49698635935783386","0.49698635935783386","0.507109522819519","0.507109522819519","0.507109522819519","0.4956739842891693","0.4956739842891693","0.4956739842891693","0.5075544714927673","0.5075544714927673","0.5075544714927673","0.49548226594924927","0.49548226594924927","0.49548226594924927","0.5034880638122559","0.5034880638122559","0.5034880638122559","0.5081202983856201","0.5081202983856201","0.5081202983856201","0.49626633524894714","0.49626633524894714","0.49626633524894714","0.49527615308761597","0.49527615308761597","0.49527615308761597"
"4400","0.5016660094261169","0.5016660094261169","0.5016660094261169","0.49474093317985535","0.49474093317985535","0.49474093317985535","0.5073912739753723","0.5073912739753723","0.5073912739753723","0.4956325590610504","0.4956325590610504","0.4956325590610504","0.506277322769165","0.506277322769165","0.506277322769165","0.49757546186447144","0.49757546186447144","0.49757546186447144","0.5065668225288391","0.5065668225288391","0.5065668225288391","0.5068694353103638","0.5068694353103638","0.5068694353103638","0.496372252702713","0.496372252702713","0.496372252702713","0.4957501292228699","0.4957501292228699","0.4957501292228699"
"4500","0.5093095898628235","0.5093095898628235","0.5093095898628235","0.49485453963279724","0.49485453963279724","0.49485453963279724","0.5096251964569092","0.5096251964569092","0.5096251964569092","0.49580180644989014","0.49580180644989014","0.49580180644989014","0.5103387236595154","0.5103387236595154","0.5103387236595154","0.4958729147911072","0.4958729147911072","0.4958729147911072","0.5062066912651062","0.5062066912651062","0.5062066912651062","0.5073144435882568","0.5073144435882568","0.5073144435882568","0.4959072768688202","0.4959072768688202","0.4959072768688202","0.4949576258659363","0.4949576258659363","0.4949576258659363"
"4600","0.5090160965919495","0.5090160965919495","0.5090160965919495","0.4937630593776703","0.4937630593776703","0.4937630593776703","0.5037177801132202","0.5037177801132202","0.5037177801132202","0.4954531788825989","0.4954531788825989","0.4954531788825989","0.5044471621513367","0.5044471621513367","0.5044471621513367","0.4958421289920807","0.4958421289920807","0.4958421289920807","0.507785439491272","0.507785439491272","0.507785439491272","0.5073205828666687","0.5073205828666687","0.5073205828666687","0.49720609188079834","0.49720609188079834","0.49720609188079834","0.49797874689102173","0.49797874689102173","0.49797874689102173"
"4700","0.5095980167388916","0.5095980167388916","0.5095980167388916","0.4975573420524597","0.4975573420524597","0.4975573420524597","0.5051853060722351","0.5051853060722351","0.5051853060722351","0.4985201358795166","0.4985201358795166","0.4985201358795166","0.5040448904037476","0.5040448904037476","0.5040448904037476","0.4945084750652313","0.4945084750652313","0.4945084750652313","0.5074929594993591","0.5074929594993591","0.5074929594993591","0.5071172714233398","0.5071172714233398","0.5071172714233398","0.49533766508102417","0.49533766508102417","0.49533766508102417","0.4962618947029114","0.4962618947029114","0.4962618947029114"
"4800","0.5060023665428162","0.5060023665428162","0.5060023665428162","0.49600693583488464","0.49600693583488464","0.49600693583488464","0.5056467056274414","0.5056467056274414","0.5056467056274414","0.4968545138835907","0.4968545138835907","0.4968545138835907","0.5035747289657593","0.5035747289657593","0.5035747289657593","0.4965502917766571","0.4965502917766571","0.4965502917766571","0.5052185654640198","0.5052185654640198","0.5052185654640198","0.5090614557266235","0.5090614557266235","0.5090614557266235","0.4944823086261749","0.4944823086261749","0.4944823086261749","0.4960476756095886","0.4960476756095886","0.4960476756095886"
"4900","0.5058035850524902","0.5058035850524902","0.5058035850524902","0.49448978900909424","0.49448978900909424","0.49448978900909424","0.5047872066497803","0.5047872066497803","0.5047872066497803","0.49489787220954895","0.49489787220954895","0.49489787220954895","0.5012043714523315","0.5012043714523315","0.5012043714523315","0.4943850040435791","0.4943850040435791","0.4943850040435791","0.509782612323761","0.509782612323761","0.509782612323761","0.5035061836242676","0.5035061836242676","0.5035061836242676","0.49403586983680725","0.49403586983680725","0.49403586983680725","0.4980207085609436","0.4980207085609436","0.4980207085609436"
"5000","0.5020001530647278","0.5020001530647278","0.5020001530647278","0.4958413243293762","0.4958413243293762","0.4958413243293762","0.5031774640083313","0.5031774640083313","0.5031774640083313","0.49521586298942566","0.49521586298942566","0.49521586298942566","0.504625141620636","0.504625141620636","0.504625141620636","0.49364253878593445","0.49364253878593445","0.49364253878593445","0.5073695182800293","0.5073695182800293","0.5073695182800293","0.5073803663253784","0.5073803663253784","0.5073803663253784","0.4964669346809387","0.4964669346809387","0.4964669346809387","0.4963369369506836","0.4963369369506836","0.4963369369506836"
"5100","0.5053433775901794","0.5053433775901794","0.5053433775901794","0.49387845396995544","0.49387845396995544","0.49387845396995544","0.5069435238838196","0.5069435238838196","0.5069435238838196","0.49516865611076355","0.49516865611076355","0.49516865611076355","0.5083457231521606","0.5083457231521606","0.5083457231521606","0.49378588795661926","0.49378588795661926","0.49378588795661926","0.5028030872344971","0.5028030872344971","0.5028030872344971","0.5086179971694946","0.5086179971694946","0.5086179971694946","0.4954613745212555","0.4954613745212555","0.4954613745212555","0.4950982928276062","0.4950982928276062","0.4950982928276062"
"5200","0.5017729997634888","0.5017729997634888","0.5017729997634888","0.4953386187553406","0.4953386187553406","0.4953386187553406","0.5058793425559998","0.5058793425559998","0.5058793425559998","0.496590256690979","0.496590256690979","0.496590256690979","0.5057811737060547","0.5057811737060547","0.5057811737060547","0.4929019808769226","0.4929019808769226","0.4929019808769226","0.5123621225357056","0.5123621225357056","0.5123621225357056","0.5039818286895752","0.5039818286895752","0.5039818286895752","0.49394720792770386","0.49394720792770386","0.49394720792770386","0.4944554269313812","0.4944554269313812","0.4944554269313812"
"5300","0.5069069266319275","0.5069069266319275","0.5069069266319275","0.49746623635292053","0.49746623635292053","0.49746623635292053","0.5067115426063538","0.5067115426063538","0.5067115426063538","0.4959956705570221","0.4959956705570221","0.4959956705570221","0.5037297010421753","0.5037297010421753","0.5037297010421753","0.49574074149131775","0.49574074149131775","0.49574074149131775","0.5066105127334595","0.5066105127334595","0.5066105127334595","0.5080143213272095","0.5080143213272095","0.5080143213272095","0.4939396381378174","0.4939396381378174","0.4939396381378174","0.4957420229911804","0.4957420229911804","0.4957420229911804"
"5400","0.5028063058853149","0.5028063058853149","0.5028063058853149","0.49464088678359985","0.49464088678359985","0.49464088678359985","0.5044479370117188","0.5044479370117188","0.5044479370117188","0.4929620623588562","0.4929620623588562","0.4929620623588562","0.5051414370536804","0.5051414370536804","0.5051414370536804","0.49413004517555237","0.49413004517555237","0.49413004517555237","0.506623387336731","0.506623387336731","0.506623387336731","0.5074122548103333","0.5074122548103333","0.5074122548103333","0.4969688355922699","0.4969688355922699","0.4969688355922699","0.4941062927246094","0.4941062927246094","0.4941062927246094"
"5500","0.5068162679672241","0.5068162679672241","0.5068162679672241","0.4939805865287781","0.4939805865287781","0.4939805865287781","0.5025182962417603","0.5025182962417603","0.5025182962417603","0.4938405156135559","0.4938405156135559","0.4938405156135559","0.5072063207626343","0.5072063207626343","0.5072063207626343","0.49353259801864624","0.49353259801864624","0.49353259801864624","0.5039413571357727","0.5039413571357727","0.5039413571357727","0.5044106841087341","0.5044106841087341","0.5044106841087341","0.49341151118278503","0.49341151118278503","0.49341151118278503","0.49682849645614624","0.49682849645614624","0.49682849645614624"
"5600","0.5070672035217285","0.5070672035217285","0.5070672035217285","0.49323928356170654","0.49323928356170654","0.49323928356170654","0.5064758062362671","0.5064758062362671","0.5064758062362671","0.49311989545822144","0.49311989545822144","0.49311989545822144","0.5021025538444519","0.5021025538444519","0.5021025538444519","0.49474769830703735","0.49474769830703735","0.49474769830703735","0.5069410800933838","0.5069410800933838","0.5069410800933838","0.5034815073013306","0.5034815073013306","0.5034815073013306","0.4935714304447174","0.4935714304447174","0.4935714304447174","0.492191880941391","0.492191880941391","0.492191880941391"
"5700","0.5049594044685364","0.5049594044685364","0.5049594044685364","0.4939298927783966","0.4939298927783966","0.4939298927783966","0.5043120980262756","0.5043120980262756","0.5043120980262756","0.49655598402023315","0.49655598402023315","0.49655598402023315","0.5015521049499512","0.5015521049499512","0.5015521049499512","0.4921853244304657","0.4921853244304657","0.4921853244304657","0.5099610090255737","0.5099610090255737","0.5099610090255737","0.5088440179824829","0.5088440179824829","0.5088440179824829","0.49560248851776123","0.49560248851776123","0.49560248851776123","0.49379414319992065","0.49379414319992065","0.49379414319992065"
"5800","0.5064045786857605","0.5064045786857605","0.5064045786857605","0.49520859122276306","0.49520859122276306","0.49520859122276306","0.5061770081520081","0.5061770081520081","0.5061770081520081","0.49419650435447693","0.49419650435447693","0.49419650435447693","0.5088204741477966","0.5088204741477966","0.5088204741477966","0.4976881146430969","0.4976881146430969","0.4976881146430969","0.504727840423584","0.504727840423584","0.504727840423584","0.5015019774436951","0.5015019774436951","0.5015019774436951","0.4939449429512024","0.4939449429512024","0.4939449429512024","0.49474549293518066","0.49474549293518066","0.49474549293518066"
"5900","0.5041230320930481","0.5041230320930481","0.5041230320930481","0.49306342005729675","0.49306342005729675","0.49306342005729675","0.5072090029716492","0.5072090029716492","0.5072090029716492","0.4962672293186188","0.4962672293186188","0.4962672293186188","0.5083900690078735","0.5083900690078735","0.5083900690078735","0.4953473210334778","0.4953473210334778","0.4953473210334778","0.5110061764717102","0.5110061764717102","0.5110061764717102","0.5031614899635315","0.5031614899635315","0.5031614899635315","0.49483612179756165","0.49483612179756165","0.49483612179756165","0.4923669397830963","0.4923669397830963","0.4923669397830963"
"6000","0.5055444836616516","0.5055444836616516","0.5055444836616516","0.49595120549201965","0.49595120549201965","0.49595120549201965","0.5022103190422058","0.5022103190422058","0.5022103190422058","0.493997186422348","0.493997186422348","0.493997186422348","0.5035563707351685","0.5035563707351685","0.5035563707351685","0.493280827999115","0.493280827999115","0.493280827999115","0.5085023641586304","0.5085023641586304","0.5085023641586304","0.5051332712173462","0.5051332712173462","0.5051332712173462","0.49533703923225403","0.49533703923225403","0.49533703923225403","0.49336040019989014","0.49336040019989014","0.49336040019989014"
"6100","0.5027433633804321","0.5027433633804321","0.5027433633804321","0.49280959367752075","0.49280959367752075","0.49280959367752075","0.5032379031181335","0.5032379031181335","0.5032379031181335","0.49437275528907776","0.49437275528907776","0.49437275528907776","0.5062227845191956","0.5062227845191956","0.5062227845191956","0.49668043851852417","0.49668043851852417","0.49668043851852417","0.5038049817085266","0.5038049817085266","0.5038049817085266","0.5040447115898132","0.5040447115898132","0.5040447115898132","0.4943995773792267","0.4943995773792267","0.4943995773792267","0.49383023381233215","0.49383023381233215","0.49383023381233215"
"6200","0.5018919110298157","0.5018919110298157","0.5018919110298157","0.49495065212249756","0.49495065212249756","0.49495065212249756","0.5084537267684937","0.5084537267684937","0.5084537267684937","0.4947085678577423","0.4947085678577423","0.4947085678577423","0.5068118572235107","0.5068118572235107","0.5068118572235107","0.4931153357028961","0.4931153357028961","0.4931153357028961","0.5045838356018066","0.5045838356018066","0.5045838356018066","0.5036351680755615","0.5036351680755615","0.5036351680755615","0.494149386882782","0.494149386882782","0.494149386882782","0.49287891387939453","0.49287891387939453","0.49287891387939453"
"6300","0.5077953934669495","0.5077953934669495","0.5077953934669495","0.49208247661590576","0.49208247661590576","0.49208247661590576","0.507315456867218","0.507315456867218","0.507315456867218","0.49451744556427","0.49451744556427","0.49451744556427","0.5034844875335693","0.5034844875335693","0.5034844875335693","0.4918523132801056","0.4918523132801056","0.4918523132801056","0.5079887509346008","0.5079887509346008","0.5079887509346008","0.5045785307884216","0.5045785307884216","0.5045785307884216","0.4947095513343811","0.4947095513343811","0.4947095513343811","0.49478092789649963","0.49478092789649963","0.49478092789649963"
"6400","0.5040922164916992","0.5040922164916992","0.5040922164916992","0.49313583970069885","0.49313583970069885","0.49313583970069885","0.5055176615715027","0.5055176615715027","0.5055176615715027","0.4953574240207672","0.4953574240207672","0.4953574240207672","0.5069633722305298","0.5069633722305298","0.5069633722305298","0.4918209910392761","0.4918209910392761","0.4918209910392761","0.5047236084938049","0.5047236084938049","0.5047236084938049","0.5064857602119446","0.5064857602119446","0.5064857602119446","0.4927162230014801","0.4927162230014801","0.4927162230014801","0.49427682161331177","0.49427682161331177","0.49427682161331177"
"6500","0.5049870014190674","0.5049870014190674","0.5049870014190674","0.49599796533584595","0.49599796533584595","0.49599796533584595","0.5056271553039551","0.5056271553039551","0.5056271553039551","0.49490565061569214","0.49490565061569214","0.49490565061569214","0.504478931427002","0.504478931427002","0.504478931427002","0.4942387044429779","0.4942387044429779","0.4942387044429779","0.5053994059562683","0.5053994059562683","0.5053994059562683","0.5065902471542358","0.5065902471542358","0.5065902471542358","0.49295929074287415","0.49295929074287415","0.49295929074287415","0.49477097392082214","0.49477097392082214","0.49477097392082214"
"6600","0.507020115852356","0.507020115852356","0.507020115852356","0.492804616689682","0.492804616689682","0.492804616689682","0.5035268664360046","0.5035268664360046","0.5035268664360046","0.4977136254310608","0.4977136254310608","0.4977136254310608","0.5033724308013916","0.5033724308013916","0.5033724308013916","0.49238502979278564","0.49238502979278564","0.49238502979278564","0.5085790157318115","0.5085790157318115","0.5085790157318115","0.5048131346702576","0.5048131346702576","0.5048131346702576","0.49444130063056946","0.49444130063056946","0.49444130063056946","0.4943042993545532","0.4943042993545532","0.4943042993545532"
"6700","0.5022790431976318","0.5022790431976318","0.5022790431976318","0.4949156939983368","0.4949156939983368","0.4949156939983368","0.5011498928070068","0.5011498928070068","0.5011498928070068","0.494729608297348","0.494729608297348","0.494729608297348","0.5048493146896362","0.5048493146896362","0.5048493146896362","0.49346378445625305","0.49346378445625305","0.49346378445625305","0.5077716708183289","0.5077716708183289","0.5077716708183289","0.5082030296325684","0.5082030296325684","0.5082030296325684","0.4936043918132782","0.4936043918132782","0.4936043918132782","0.493918240070343","0.493918240070343","0.493918240070343"
"6800","0.505821168422699","0.505821168422699","0.505821168422699","0.49145084619522095","0.49145084619522095","0.49145084619522095","0.5051279664039612","0.5051279664039612","0.5051279664039612","0.4946284890174866","0.4946284890174866","0.4946284890174866","0.5057148337364197","0.5057148337364197","0.5057148337364197","0.49377042055130005","0.49377042055130005","0.49377042055130005","0.5020041465759277","0.5020041465759277","0.5020041465759277","0.5017035603523254","0.5017035603523254","0.5017035603523254","0.4931575059890747","0.4931575059890747","0.4931575059890747","0.49483349919319153","0.49483349919319153","0.49483349919319153"
"6900","0.5053143501281738","0.5053143501281738","0.5053143501281738","0.49261578917503357","0.49261578917503357","0.49261578917503357","0.5074982643127441","0.5074982643127441","0.5074982643127441","0.49396926164627075","0.49396926164627075","0.49396926164627075","0.5059388875961304","0.5059388875961304","0.5059388875961304","0.4922098219394684","0.4922098219394684","0.4922098219394684","0.5026918649673462","0.5026918649673462","0.5026918649673462","0.5057811737060547","0.5057811737060547","0.5057811737060547","0.4950006604194641","0.4950006604194641","0.4950006604194641","0.4916948080062866","0.4916948080062866","0.4916948080062866"
"7000","0.5038356184959412","0.5038356184959412","0.5038356184959412","0.4939095377922058","0.4939095377922058","0.4939095377922058","0.5049036145210266","0.5049036145210266","0.5049036145210266","0.4923892319202423","0.4923892319202423","0.4923892319202423","0.5034000277519226","0.5034000277519226","0.5034000277519226","0.49273791909217834","0.49273791909217834","0.49273791909217834","0.506086528301239","0.506086528301239","0.506086528301239","0.5065547227859497","0.5065547227859497","0.5065547227859497","0.4923626184463501","0.4923626184463501","0.4923626184463501","0.49396491050720215","0.49396491050720215","0.49396491050720215"
"7100","0.5068812966346741","0.5068812966346741","0.5068812966346741","0.49377647042274475","0.49377647042274475","0.49377647042274475","0.5066114664077759","0.5066114664077759","0.5066114664077759","0.49294787645339966","0.49294787645339966","0.49294787645339966","0.5045023560523987","0.5045023560523987","0.5045023560523987","0.49158623814582825","0.49158623814582825","0.49158623814582825","0.505389392375946","0.505389392375946","0.505389392375946","0.5040639042854309","0.5040639042854309","0.5040639042854309","0.493050217628479","0.493050217628479","0.493050217628479","0.49217280745506287","0.49217280745506287","0.49217280745506287"
"7200","0.5067036747932434","0.5067036747932434","0.5067036747932434","0.49290579557418823","0.49290579557418823","0.49290579557418823","0.5048829317092896","0.5048829317092896","0.5048829317092896","0.49300864338874817","0.49300864338874817","0.49300864338874817","0.5027922987937927","0.5027922987937927","0.5027922987937927","0.4923827052116394","0.4923827052116394","0.4923827052116394","0.49771079421043396","0.49771079421043396","0.49771079421043396","0.5004937648773193","0.5004937648773193","0.5004937648773193","0.49270710349082947","0.49270710349082947","0.49270710349082947","0.4946465790271759","0.4946465790271759","0.4946465790271759"
"7300","0.5032731890678406","0.5032731890678406","0.5032731890678406","0.49232277274131775","0.49232277274131775","0.49232277274131775","0.504281759262085","0.504281759262085","0.504281759262085","0.49634236097335815","0.49634236097335815","0.49634236097335815","0.5034019947052002","0.5034019947052002","0.5034019947052002","0.4921380877494812","0.4921380877494812","0.4921380877494812","0.5081512928009033","0.5081512928009033","0.5081512928009033","0.5014461278915405","0.5014461278915405","0.5014461278915405","0.4925919771194458","0.4925919771194458","0.4925919771194458","0.4947740435600281","0.4947740435600281","0.4947740435600281"
"7400","0.5037386417388916","0.5037386417388916","0.5037386417388916","0.49222424626350403","0.49222424626350403","0.49222424626350403","0.5061849355697632","0.5061849355697632","0.5061849355697632","0.49170804023742676","0.49170804023742676","0.49170804023742676","0.5023051500320435","0.5023051500320435","0.5023051500320435","0.4928762912750244","0.4928762912750244","0.4928762912750244","0.5029133558273315","0.5029133558273315","0.5029133558273315","0.5035871267318726","0.5035871267318726","0.5035871267318726","0.497450590133667","0.497450590133667","0.497450590133667","0.49382075667381287","0.49382075667381287","0.49382075667381287"
"7500","0.5057212710380554","0.5057212710380554","0.5057212710380554","0.494833379983902","0.494833379983902","0.494833379983902","0.5029016733169556","0.5029016733169556","0.5029016733169556","0.4924902021884918","0.4924902021884918","0.4924902021884918","0.5050917267799377","0.5050917267799377","0.5050917267799377","0.49119502305984497","0.49119502305984497","0.49119502305984497","0.5081202983856201","0.5081202983856201","0.5081202983856201","0.5040082335472107","0.5040082335472107","0.5040082335472107","0.4949527978897095","0.4949527978897095","0.4949527978897095","0.4941098392009735","0.4941098392009735","0.4941098392009735"
"7600","0.5045594573020935","0.5045594573020935","0.5045594573020935","0.49197742342948914","0.49197742342948914","0.49197742342948914","0.5030120611190796","0.5030120611190796","0.5030120611190796","0.49236786365509033","0.49236786365509033","0.49236786365509033","0.503496527671814","0.503496527671814","0.503496527671814","0.49165481328964233","0.49165481328964233","0.49165481328964233","0.5039536952972412","0.5039536952972412","0.5039536952972412","0.5030522346496582","0.5030522346496582","0.5030522346496582","0.4957248270511627","0.4957248270511627","0.4957248270511627","0.490986168384552","0.490986168384552","0.490986168384552"
"7700","0.5047121047973633","0.5047121047973633","0.5047121047973633","0.492874413728714","0.492874413728714","0.492874413728714","0.5069373846054077","0.5069373846054077","0.5069373846054077","0.492031067609787","0.492031067609787","0.492031067609787","0.4991677403450012","0.4991677403450012","0.4991677403450012","0.492774099111557","0.492774099111557","0.492774099111557","0.5047469735145569","0.5047469735145569","0.5047469735145569","0.503725528717041","0.503725528717041","0.503725528717041","0.4927384853363037","0.4927384853363037","0.4927384853363037","0.49243873357772827","0.49243873357772827","0.49243873357772827"
"7800","0.5030662417411804","0.5030662417411804","0.5030662417411804","0.49168309569358826","0.49168309569358826","0.49168309569358826","0.5077922344207764","0.5077922344207764","0.5077922344207764","0.4931592047214508","0.4931592047214508","0.4931592047214508","0.4995080530643463","0.4995080530643463","0.4995080530643463","0.49206990003585815","0.49206990003585815","0.49206990003585815","0.5054561495780945","0.5054561495780945","0.5054561495780945","0.5033383369445801","0.5033383369445801","0.5033383369445801","0.4947079122066498","0.4947079122066498","0.4947079122066498","0.4924730062484741","0.4924730062484741","0.4924730062484741"
"7900","0.5005757212638855","0.5005757212638855","0.5005757212638855","0.49161869287490845","0.49161869287490845","0.49161869287490845","0.49859970808029175","0.49859970808029175","0.49859970808029175","0.4940969944000244","0.4940969944000244","0.4940969944000244","0.5040897130966187","0.5040897130966187","0.5040897130966187","0.49153977632522583","0.49153977632522583","0.49153977632522583","0.5053555965423584","0.5053555965423584","0.5053555965423584","0.5012907385826111","0.5012907385826111","0.5012907385826111","0.4914238452911377","0.4914238452911377","0.4914238452911377","0.4940384030342102","0.4940384030342102","0.4940384030342102"
"8000","0.5086970329284668","0.5086970329284668","0.5086970329284668","0.49105358123779297","0.49105358123779297","0.49105358123779297","0.5030712485313416","0.5030712485313416","0.5030712485313416","0.4913272559642792","0.4913272559642792","0.4913272559642792","0.5013152956962585","0.5013152956962585","0.5013152956962585","0.4913978576660156","0.4913978576660156","0.4913978576660156","0.5044214725494385","0.5044214725494385","0.5044214725494385","0.5047131180763245","0.5047131180763245","0.5047131180763245","0.4919942021369934","0.4919942021369934","0.4919942021369934","0.49274471402168274","0.49274471402168274","0.49274471402168274"
"8100","0.5062962770462036","0.5062962770462036","0.5062962770462036","0.49175798892974854","0.49175798892974854","0.49175798892974854","0.5043165683746338","0.5043165683746338","0.5043165683746338","0.4900207221508026","0.4900207221508026","0.4900207221508026","0.5001446008682251","0.5001446008682251","0.5001446008682251","0.49306347966194153","0.49306347966194153","0.49306347966194153","0.5014885663986206","0.5014885663986206","0.5014885663986206","0.5074893832206726","0.5074893832206726","0.5074893832206726","0.49272796511650085","0.49272796511650085","0.49272796511650085","0.49277618527412415","0.49277618527412415","0.49277618527412415"
"8200","0.5025224089622498","0.5025224089622498","0.5025224089622498","0.4939820170402527","0.4939820170402527","0.4939820170402527","0.5022130012512207","0.5022130012512207","0.5022130012512207","0.4911704957485199","0.4911704957485199","0.4911704957485199","0.5048195719718933","0.5048195719718933","0.5048195719718933","0.49086084961891174","0.49086084961891174","0.49086084961891174","0.5002559423446655","0.5002559423446655","0.5002559423446655","0.5032227039337158","0.5032227039337158","0.5032227039337158","0.4919254779815674","0.4919254779815674","0.4919254779815674","0.4905371069908142","0.4905371069908142","0.4905371069908142"
"8300","0.5036583542823792","0.5036583542823792","0.5036583542823792","0.490448534488678","0.490448534488678","0.490448534488678","0.5015705823898315","0.5015705823898315","0.5015705823898315","0.4910508096218109","0.4910508096218109","0.4910508096218109","0.5022607445716858","0.5022607445716858","0.5022607445716858","0.49260061979293823","0.49260061979293823","0.49260061979293823","0.5037783980369568","0.5037783980369568","0.5037783980369568","0.5054752826690674","0.5054752826690674","0.5054752826690674","0.49334320425987244","0.49334320425987244","0.49334320425987244","0.492575079202652","0.492575079202652","0.492575079202652"
"8400","0.5015204548835754","0.5015204548835754","0.5015204548835754","0.49245917797088623","0.49245917797088623","0.49245917797088623","0.5044882893562317","0.5044882893562317","0.5044882893562317","0.4919719994068146","0.4919719994068146","0.4919719994068146","0.5056471824645996","0.5056471824645996","0.5056471824645996","0.49334079027175903","0.49334079027175903","0.49334079027175903","0.5030534863471985","0.5030534863471985","0.5030534863471985","0.5036194324493408","0.5036194324493408","0.5036194324493408","0.49232998490333557","0.49232998490333557","0.49232998490333557","0.49136826395988464","0.49136826395988464","0.49136826395988464"
"8500","0.5045433640480042","0.5045433640480042","0.5045433640480042","0.49191680550575256","0.49191680550575256","0.49191680550575256","0.5062975287437439","0.5062975287437439","0.5062975287437439","0.4910001754760742","0.4910001754760742","0.4910001754760742","0.5027547478675842","0.5027547478675842","0.5027547478675842","0.4909663498401642","0.4909663498401642","0.4909663498401642","0.5020884871482849","0.5020884871482849","0.5020884871482849","0.5041069388389587","0.5041069388389587","0.5041069388389587","0.49202442169189453","0.49202442169189453","0.49202442169189453","0.490910142660141","0.490910142660141","0.490910142660141"
"8600","0.5061215162277222","0.5061215162277222","0.5061215162277222","0.49237996339797974","0.49237996339797974","0.49237996339797974","0.5044630169868469","0.5044630169868469","0.5044630169868469","0.49237439036369324","0.49237439036369324","0.49237439036369324","0.5047020316123962","0.5047020316123962","0.5047020316123962","0.49111151695251465","0.49111151695251465","0.49111151695251465","0.5027217268943787","0.5027217268943787","0.5027217268943787","0.5005260109901428","0.5005260109901428","0.5005260109901428","0.49137431383132935","0.49137431383132935","0.49137431383132935","0.4917367994785309","0.4917367994785309","0.4917367994785309"
"8700","0.5021495223045349","0.5021495223045349","0.5021495223045349","0.49321693181991577","0.49321693181991577","0.49321693181991577","0.5046402215957642","0.5046402215957642","0.5046402215957642","0.4912921190261841","0.4912921190261841","0.4912921190261841","0.5006593465805054","0.5006593465805054","0.5006593465805054","0.48956504464149475","0.48956504464149475","0.48956504464149475","0.5050119757652283","0.5050119757652283","0.5050119757652283","0.49965327978134155","0.49965327978134155","0.49965327978134155","0.49046337604522705","0.49046337604522705","0.49046337604522705","0.49054402112960815","0.49054402112960815","0.49054402112960815"
"8800","0.503506064414978","0.503506064414978","0.503506064414978","0.4937933385372162","0.4937933385372162","0.4937933385372162","0.49899235367774963","0.49899235367774963","0.49899235367774963","0.49048885703086853","0.49048885703086853","0.49048885703086853","0.5029261112213135","0.5029261112213135","0.5029261112213135","0.49186885356903076","0.49186885356903076","0.49186885356903076","0.5018598437309265","0.5018598437309265","0.5018598437309265","0.5010072588920593","0.5010072588920593","0.5010072588920593","0.491891086101532","0.491891086101532","0.491891086101532","0.48994311690330505","0.48994311690330505","0.48994311690330505"
"8900","0.500511646270752","0.500511646270752","0.500511646270752","0.4898086488246918","0.4898086488246918","0.4898086488246918","0.5029959082603455","0.5029959082603455","0.5029959082603455","0.49239373207092285","0.49239373207092285","0.49239373207092285","0.5028742551803589","0.5028742551803589","0.5028742551803589","0.4901416301727295","0.4901416301727295","0.4901416301727295","0.5039600133895874","0.5039600133895874","0.5039600133895874","0.5009096264839172","0.5009096264839172","0.5009096264839172","0.4922606348991394","0.4922606348991394","0.4922606348991394","0.48779061436653137","0.48779061436653137","0.48779061436653137"
"9000","0.5015029311180115","0.5015029311180115","0.5015029311180115","0.49210116267204285","0.49210116267204285","0.49210116267204285","0.5003321170806885","0.5003321170806885","0.5003321170806885","0.4923149347305298","0.4923149347305298","0.4923149347305298","0.5030986666679382","0.5030986666679382","0.5030986666679382","0.4918243885040283","0.4918243885040283","0.4918243885040283","0.5044776201248169","0.5044776201248169","0.5044776201248169","0.5027063488960266","0.5027063488960266","0.5027063488960266","0.49168679118156433","0.49168679118156433","0.49168679118156433","0.4934931993484497","0.4934931993484497","0.4934931993484497"
"9100","0.5020950436592102","0.5020950436592102","0.5020950436592102","0.49141544103622437","0.49141544103622437","0.49141544103622437","0.503635048866272","0.503635048866272","0.503635048866272","0.4915345311164856","0.4915345311164856","0.4915345311164856","0.5031522512435913","0.5031522512435913","0.5031522512435913","0.4930105209350586","0.4930105209350586","0.4930105209350586","0.5037082433700562","0.5037082433700562","0.5037082433700562","0.5016652345657349","0.5016652345657349","0.5016652345657349","0.4905337393283844","0.4905337393283844","0.4905337393283844","0.49149903655052185","0.49149903655052185","0.49149903655052185"
"9200","0.5013781189918518","0.5013781189918518","0.5013781189918518","0.4903183877468109","0.4903183877468109","0.4903183877468109","0.5041929483413696","0.5041929483413696","0.5041929483413696","0.4905635714530945","0.4905635714530945","0.4905635714530945","0.5039724111557007","0.5039724111557007","0.5039724111557007","0.4903421700000763","0.4903421700000763","0.4903421700000763","0.5055591464042664","0.5055591464042664","0.5055591464042664","0.49883273243904114","0.49883273243904114","0.49883273243904114","0.490935355424881","0.490935355424881","0.490935355424881","0.49098971486091614","0.49098971486091614","0.49098971486091614"
"9300","0.5023347735404968","0.5023347735404968","0.5023347735404968","0.49107983708381653","0.49107983708381653","0.49107983708381653","0.5015185475349426","0.5015185475349426","0.5015185475349426","0.49092167615890503","0.49092167615890503","0.49092167615890503","0.5016834735870361","0.5016834735870361","0.5016834735870361","0.4892086386680603","0.4892086386680603","0.4892086386680603","0.5007564425468445","0.5007564425468445","0.5007564425468445","0.5025587677955627","0.5025587677955627","0.5025587677955627","0.4905710220336914","0.4905710220336914","0.4905710220336914","0.4903433620929718","0.4903433620929718","0.4903433620929718"
"9400","0.5025579333305359","0.5025579333305359","0.5025579333305359","0.4895205795764923","0.4895205795764923","0.4895205795764923","0.5049586296081543","0.5049586296081543","0.5049586296081543","0.4926033914089203","0.4926033914089203","0.4926033914089203","0.50164794921875","0.50164794921875","0.50164794921875","0.4893361032009125","0.4893361032009125","0.4893361032009125","0.5033400058746338","0.5033400058746338","0.5033400058746338","0.5013740062713623","0.5013740062713623","0.5013740062713623","0.49075889587402344","0.49075889587402344","0.49075889587402344","0.4890740215778351","0.4890740215778351","0.4890740215778351"
"9500","0.505699634552002","0.505699634552002","0.505699634552002","0.49118393659591675","0.49118393659591675","0.49118393659591675","0.5025978088378906","0.5025978088378906","0.5025978088378906","0.49119025468826294","0.49119025468826294","0.49119025468826294","0.5036698579788208","0.5036698579788208","0.5036698579788208","0.49051785469055176","0.49051785469055176","0.49051785469055176","0.5041092038154602","0.5041092038154602","0.5041092038154602","0.5011255741119385","0.5011255741119385","0.5011255741119385","0.4906754195690155","0.4906754195690155","0.4906754195690155","0.4919987916946411","0.4919987916946411","0.4919987916946411"
"9600","0.5005154013633728","0.5005154013633728","0.5005154013633728","0.48973166942596436","0.48973166942596436","0.48973166942596436","0.5015554428100586","0.5015554428100586","0.5015554428100586","0.49067604541778564","0.49067604541778564","0.49067604541778564","0.500225305557251","0.500225305557251","0.500225305557251","0.488572895526886","0.488572895526886","0.488572895526886","0.5030667781829834","0.5030667781829834","0.5030667781829834","0.4988003075122833","0.4988003075122833","0.4988003075122833","0.4915698766708374","0.4915698766708374","0.4915698766708374","0.48948535323143005","0.48948535323143005","0.48948535323143005"
"9700","0.5044642090797424","0.5044642090797424","0.5044642090797424","0.4909694194793701","0.4909694194793701","0.4909694194793701","0.5047281384468079","0.5047281384468079","0.5047281384468079","0.49009940028190613","0.49009940028190613","0.49009940028190613","0.5013442039489746","0.5013442039489746","0.5013442039489746","0.49236777424812317","0.49236777424812317","0.49236777424812317","0.5032722353935242","0.5032722353935242","0.5032722353935242","0.5022663474082947","0.5022663474082947","0.5022663474082947","0.4887275993824005","0.4887275993824005","0.4887275993824005","0.4901694357395172","0.4901694357395172","0.4901694357395172"
"9800","0.5028608441352844","0.5028608441352844","0.5028608441352844","0.4920729696750641","0.4920729696750641","0.4920729696750641","0.49821433424949646","0.49821433424949646","0.49821433424949646","0.4891894459724426","0.4891894459724426","0.4891894459724426","0.5037953853607178","0.5037953853607178","0.5037953853607178","0.4918076694011688","0.4918076694011688","0.4918076694011688","0.5023800134658813","0.5023800134658813","0.5023800134658813","0.5026460886001587","0.5026460886001587","0.5026460886001587","0.4906846582889557","0.4906846582889557","0.4906846582889557","0.4888682961463928","0.4888682961463928","0.4888682961463928"
"9900","0.5013500452041626","0.5013500452041626","0.5013500452041626","0.48906734585762024","0.48906734585762024","0.48906734585762024","0.5010003447532654","0.5010003447532654","0.5010003447532654","0.4892522096633911","0.4892522096633911","0.4892522096633911","0.5030996799468994","0.5030996799468994","0.5030996799468994","0.48880335688591003","0.48880335688591003","0.48880335688591003","0.5026534199714661","0.5026534199714661","0.5026534199714661","0.5015130043029785","0.5015130043029785","0.5015130043029785","0.49207043647766113","0.49207043647766113","0.49207043647766113","0.49063992500305176","0.49063992500305176","0.49063992500305176"
"10000","0.5051333904266357","0.5051333904266357","0.5051333904266357","0.49168479442596436","0.49168479442596436","0.49168479442596436","0.499593049287796","0.499593049287796","0.499593049287796","0.4897245764732361","0.4897245764732361","0.4897245764732361","0.5015726685523987","0.5015726685523987","0.5015726685523987","0.49012812972068787","0.49012812972068787","0.49012812972068787","0.5007921457290649","0.5007921457290649","0.5007921457290649","0.5048505067825317","0.5048505067825317","0.5048505067825317","0.48963606357574463","0.48963606357574463","0.48963606357574463","0.49077311158180237","0.49077311158180237","0.49077311158180237"
"10100","0.4991985261440277","0.4991985261440277","0.4991985261440277","0.4878614544868469","0.4878614544868469","0.4878614544868469","0.5008894205093384","0.5008894205093384","0.5008894205093384","0.4907594621181488","0.4907594621181488","0.4907594621181488","0.49948206543922424","0.49948206543922424","0.49948206543922424","0.48854634165763855","0.48854634165763855","0.48854634165763855","0.5029448866844177","0.5029448866844177","0.5029448866844177","0.5031467080116272","0.5031467080116272","0.5031467080116272","0.49055740237236023","0.49055740237236023","0.49055740237236023","0.4900139272212982","0.4900139272212982","0.4900139272212982"
"10200","0.5007767677307129","0.5007767677307129","0.5007767677307129","0.4885845184326172","0.4885845184326172","0.4885845184326172","0.5028104186058044","0.5028104186058044","0.5028104186058044","0.49194782972335815","0.49194782972335815","0.49194782972335815","0.5038366317749023","0.5038366317749023","0.5038366317749023","0.4895549714565277","0.4895549714565277","0.4895549714565277","0.5015432834625244","0.5015432834625244","0.5015432834625244","0.503341794013977","0.503341794013977","0.503341794013977","0.4897991418838501","0.4897991418838501","0.4897991418838501","0.4882887601852417","0.4882887601852417","0.4882887601852417"
"10300","0.5021770596504211","0.5021770596504211","0.5021770596504211","0.48938071727752686","0.48938071727752686","0.48938071727752686","0.5016366839408875","0.5016366839408875","0.5016366839408875","0.48942047357559204","0.48942047357559204","0.48942047357559204","0.5041524171829224","0.5041524171829224","0.5041524171829224","0.4905281960964203","0.4905281960964203","0.4905281960964203","0.501656174659729","0.501656174659729","0.501656174659729","0.5012611150741577","0.5012611150741577","0.5012611150741577","0.4921715557575226","0.4921715557575226","0.4921715557575226","0.4895928204059601","0.4895928204059601","0.4895928204059601"
"10400","0.503512442111969","0.503512442111969","0.503512442111969","0.49062588810920715","0.49062588810920715","0.49062588810920715","0.5039999485015869","0.5039999485015869","0.5039999485015869","0.49033018946647644","0.49033018946647644","0.49033018946647644","0.49969372153282166","0.49969372153282166","0.49969372153282166","0.4868730306625366","0.4868730306625366","0.4868730306625366","0.5024467706680298","0.5024467706680298","0.5024467706680298","0.501956045627594","0.501956045627594","0.501956045627594","0.48706093430519104","0.48706093430519104","0.48706093430519104","0.4893151819705963","0.4893151819705963","0.4893151819705963"
"10500","0.4996430575847626","0.4996430575847626","0.4996430575847626","0.4899134933948517","0.4899134933948517","0.4899134933948517","0.5045830607414246","0.5045830607414246","0.5045830607414246","0.4891628623008728","0.4891628623008728","0.4891628623008728","0.5020610690116882","0.5020610690116882","0.5020610690116882","0.48877376317977905","0.48877376317977905","0.48877376317977905","0.5016265511512756","0.5016265511512756","0.5016265511512756","0.5004400014877319","0.5004400014877319","0.5004400014877319","0.49101391434669495","0.49101391434669495","0.49101391434669495","0.4893907904624939","0.4893907904624939","0.4893907904624939"
"10600","0.5020626187324524","0.5020626187324524","0.5020626187324524","0.49015700817108154","0.49015700817108154","0.49015700817108154","0.5012854933738708","0.5012854933738708","0.5012854933738708","0.490541011095047","0.490541011095047","0.490541011095047","0.4998098313808441","0.4998098313808441","0.4998098313808441","0.488961786031723","0.488961786031723","0.488961786031723","0.5016508102416992","0.5016508102416992","0.5016508102416992","0.5018436908721924","0.5018436908721924","0.5018436908721924","0.49128371477127075","0.49128371477127075","0.49128371477127075","0.4872249662876129","0.4872249662876129","0.4872249662876129"
"10700","0.5037063956260681","0.5037063956260681","0.5037063956260681","0.4882635772228241","0.4882635772228241","0.4882635772228241","0.49821266531944275","0.49821266531944275","0.49821266531944275","0.488559365272522","0.488559365272522","0.488559365272522","0.4987826645374298","0.4987826645374298","0.4987826645374298","0.4882470369338989","0.4882470369338989","0.4882470369338989","0.5018008947372437","0.5018008947372437","0.5018008947372437","0.5051976442337036","0.5051976442337036","0.5051976442337036","0.488529235124588","0.488529235124588","0.488529235124588","0.4893864691257477","0.4893864691257477","0.4893864691257477"
"10800","0.4995521306991577","0.4995521306991577","0.4995521306991577","0.4877573847770691","0.4877573847770691","0.4877573847770691","0.5028992295265198","0.5028992295265198","0.5028992295265198","0.4896242618560791","0.4896242618560791","0.4896242618560791","0.5059705972671509","0.5059705972671509","0.5059705972671509","0.4890558123588562","0.4890558123588562","0.4890558123588562","0.5035693645477295","0.5035693645477295","0.5035693645477295","0.5016520619392395","0.5016520619392395","0.5016520619392395","0.48990169167518616","0.48990169167518616","0.48990169167518616","0.48843252658843994","0.48843252658843994","0.48843252658843994"
"10900","0.4998065233230591","0.4998065233230591","0.4998065233230591","0.4899868369102478","0.4899868369102478","0.4899868369102478","0.5042962431907654","0.5042962431907654","0.5042962431907654","0.4872545003890991","0.4872545003890991","0.4872545003890991","0.5023658871650696","0.5023658871650696","0.5023658871650696","0.4901466369628906","0.4901466369628906","0.4901466369628906","0.5040367841720581","0.5040367841720581","0.5040367841720581","0.5002469420433044","0.5002469420433044","0.5002469420433044","0.49052050709724426","0.49052050709724426","0.49052050709724426","0.4892997741699219","0.4892997741699219","0.4892997741699219"
"11000","0.5021000504493713","0.5021000504493713","0.5021000504493713","0.489745557308197","0.489745557308197","0.489745557308197","0.5030590295791626","0.5030590295791626","0.5030590295791626","0.48872965574264526","0.48872965574264526","0.48872965574264526","0.49918633699417114","0.49918633699417114","0.49918633699417114","0.4897269010543823","0.4897269010543823","0.4897269010543823","0.4985505938529968","0.4985505938529968","0.4985505938529968","0.5035899877548218","0.5035899877548218","0.5035899877548218","0.4910931885242462","0.4910931885242462","0.4910931885242462","0.48808619379997253","0.48808619379997253","0.48808619379997253"
"11100","0.5002501606941223","0.5002501606941223","0.5002501606941223","0.48723429441452026","0.48723429441452026","0.48723429441452026","0.5018364787101746","0.5018364787101746","0.5018364787101746","0.4887210428714752","0.4887210428714752","0.4887210428714752","0.5003349184989929","0.5003349184989929","0.5003349184989929","0.48835864663124084","0.48835864663124084","0.48835864663124084","0.5016524195671082","0.5016524195671082","0.5016524195671082","0.4988483488559723","0.4988483488559723","0.4988483488559723","0.49110162258148193","0.49110162258148193","0.49110162258148193","0.48828452825546265","0.48828452825546265","0.48828452825546265"
"11200","0.5011398792266846","0.5011398792266846","0.5011398792266846","0.48948028683662415","0.48948028683662415","0.48948028683662415","0.5018209218978882","0.5018209218978882","0.5018209218978882","0.48817870020866394","0.48817870020866394","0.48817870020866394","0.4997122585773468","0.4997122585773468","0.4997122585773468","0.4864417612552643","0.4864417612552643","0.4864417612552643","0.5008807182312012","0.5008807182312012","0.5008807182312012","0.5023369789123535","0.5023369789123535","0.5023369789123535","0.48814472556114197","0.48814472556114197","0.48814472556114197","0.4889087378978729","0.4889087378978729","0.4889087378978729"
"11300","0.4999140202999115","0.4999140202999115","0.4999140202999115","0.4886409044265747","0.4886409044265747","0.4886409044265747","0.5022366046905518","0.5022366046905518","0.5022366046905518","0.4882846474647522","0.4882846474647522","0.4882846474647522","0.5008919835090637","0.5008919835090637","0.5008919835090637","0.48843979835510254","0.48843979835510254","0.48843979835510254","0.5020558834075928","0.5020558834075928","0.5020558834075928","0.49926257133483887","0.49926257133483887","0.49926257133483887","0.48815667629241943","0.48815667629241943","0.48815667629241943","0.4886459410190582","0.4886459410190582","0.4886459410190582"
"11400","0.49995049834251404","0.49995049834251404","0.49995049834251404","0.48992660641670227","0.48992660641670227","0.48992660641670227","0.5036056041717529","0.5036056041717529","0.5036056041717529","0.48916640877723694","0.48916640877723694","0.48916640877723694","0.5014422535896301","0.5014422535896301","0.5014422535896301","0.48964396119117737","0.48964396119117737","0.48964396119117737","0.5026324987411499","0.5026324987411499","0.5026324987411499","0.5000460743904114","0.5000460743904114","0.5000460743904114","0.486889123916626","0.486889123916626","0.486889123916626","0.4877835512161255","0.4877835512161255","0.4877835512161255"
"11500","0.501767098903656","0.501767098903656","0.501767098903656","0.49003228545188904","0.49003228545188904","0.49003228545188904","0.49988025426864624","0.49988025426864624","0.49988025426864624","0.48956671357154846","0.48956671357154846","0.48956671357154846","0.4988023042678833","0.4988023042678833","0.4988023042678833","0.488932728767395","0.488932728767395","0.488932728767395","0.5021665096282959","0.5021665096282959","0.5021665096282959","0.4998534917831421","0.4998534917831421","0.4998534917831421","0.48685672879219055","0.48685672879219055","0.48685672879219055","0.48826274275779724","0.48826274275779724","0.48826274275779724"
"11600","0.5037729144096375","0.5037729144096375","0.5037729144096375","0.4907728433609009","0.4907728433609009","0.4907728433609009","0.5065418481826782","0.5065418481826782","0.5065418481826782","0.4876179099082947","0.4876179099082947","0.4876179099082947","0.5002489686012268","0.5002489686012268","0.5002489686012268","0.48806965351104736","0.48806965351104736","0.48806965351104736","0.5014662742614746","0.5014662742614746","0.5014662742614746","0.5007692575454712","0.5007692575454712","0.5007692575454712","0.48809581995010376","0.48809581995010376","0.48809581995010376","0.49028095602989197","0.49028095602989197","0.49028095602989197"
"11700","0.4980548620223999","0.4980548620223999","0.4980548620223999","0.4905779957771301","0.4905779957771301","0.4905779957771301","0.5000136494636536","0.5000136494636536","0.5000136494636536","0.48962947726249695","0.48962947726249695","0.48962947726249695","0.5033407807350159","0.5033407807350159","0.5033407807350159","0.4888541102409363","0.4888541102409363","0.4888541102409363","0.49897927045822144","0.49897927045822144","0.49897927045822144","0.4992850422859192","0.4992850422859192","0.4992850422859192","0.48769503831863403","0.48769503831863403","0.48769503831863403","0.48953545093536377","0.48953545093536377","0.48953545093536377"
"11800","0.49953052401542664","0.49953052401542664","0.49953052401542664","0.4875622093677521","0.4875622093677521","0.4875622093677521","0.5014755129814148","0.5014755129814148","0.5014755129814148","0.4877825081348419","0.4877825081348419","0.4877825081348419","0.49817511439323425","0.49817511439323425","0.49817511439323425","0.49051132798194885","0.49051132798194885","0.49051132798194885","0.5015178918838501","0.5015178918838501","0.5015178918838501","0.5039230585098267","0.5039230585098267","0.5039230585098267","0.48840466141700745","0.48840466141700745","0.48840466141700745","0.489807665348053","0.489807665348053","0.489807665348053"
"11900","0.4991263449192047","0.4991263449192047","0.4991263449192047","0.4879804253578186","0.4879804253578186","0.4879804253578186","0.5003951787948608","0.5003951787948608","0.5003951787948608","0.48809540271759033","0.48809540271759033","0.48809540271759033","0.5015193223953247","0.5015193223953247","0.5015193223953247","0.4880499243736267","0.4880499243736267","0.4880499243736267","0.5035483241081238","0.5035483241081238","0.5035483241081238","0.4993400275707245","0.4993400275707245","0.4993400275707245","0.48964184522628784","0.48964184522628784","0.48964184522628784","0.48835259675979614","0.48835259675979614","0.48835259675979614"
"12000","0.5020776987075806","0.5020776987075806","0.5020776987075806","0.49063271284103394","0.49063271284103394","0.49063271284103394","0.49892088770866394","0.49892088770866394","0.49892088770866394","0.4879179298877716","0.4879179298877716","0.4879179298877716","0.5011520981788635","0.5011520981788635","0.5011520981788635","0.4867144823074341","0.4867144823074341","0.4867144823074341","0.500522792339325","0.500522792339325","0.500522792339325","0.5008902549743652","0.5008902549743652","0.5008902549743652","0.4873203635215759","0.4873203635215759","0.4873203635215759","0.4881429672241211","0.4881429672241211","0.4881429672241211"
"12100","0.5010390281677246","0.5010390281677246","0.5010390281677246","0.48780861496925354","0.48780861496925354","0.48780861496925354","0.4997023344039917","0.4997023344039917","0.4997023344039917","0.4885719418525696","0.4885719418525696","0.4885719418525696","0.499318391084671","0.499318391084671","0.499318391084671","0.48703625798225403","0.48703625798225403","0.48703625798225403","0.5028999447822571","0.5028999447822571","0.5028999447822571","0.5034829378128052","0.5034829378128052","0.5034829378128052","0.4861311614513397","0.4861311614513397","0.4861311614513397","0.48879677057266235","0.48879677057266235","0.48879677057266235"
"12200","0.4985930919647217","0.4985930919647217","0.4985930919647217","0.4885796308517456","0.4885796308517456","0.4885796308517456","0.5005987286567688","0.5005987286567688","0.5005987286567688","0.48894354701042175","0.48894354701042175","0.48894354701042175","0.500688910484314","0.500688910484314","0.500688910484314","0.4874769449234009","0.4874769449234009","0.4874769449234009","0.5013673305511475","0.5013673305511475","0.5013673305511475","0.503904402256012","0.503904402256012","0.503904402256012","0.48656177520751953","0.48656177520751953","0.48656177520751953","0.489191472530365","0.489191472530365","0.489191472530365"
"12300","0.5022852420806885","0.5022852420806885","0.5022852420806885","0.48929286003112793","0.48929286003112793","0.48929286003112793","0.5002496242523193","0.5002496242523193","0.5002496242523193","0.48873451352119446","0.48873451352119446","0.48873451352119446","0.49922648072242737","0.49922648072242737","0.49922648072242737","0.48786404728889465","0.48786404728889465","0.48786404728889465","0.5025866627693176","0.5025866627693176","0.5025866627693176","0.4999789297580719","0.4999789297580719","0.4999789297580719","0.4876331686973572","0.4876331686973572","0.4876331686973572","0.48816874623298645","0.48816874623298645","0.48816874623298645"
"12400","0.49719154834747314","0.49719154834747314","0.49719154834747314","0.48792481422424316","0.48792481422424316","0.48792481422424316","0.4994988739490509","0.4994988739490509","0.4994988739490509","0.4866883456707001","0.4866883456707001","0.4866883456707001","0.49735549092292786","0.49735549092292786","0.49735549092292786","0.4873247444629669","0.4873247444629669","0.4873247444629669","0.5015752911567688","0.5015752911567688","0.5015752911567688","0.502739667892456","0.502739667892456","0.502739667892456","0.48853614926338196","0.48853614926338196","0.48853614926338196","0.48819851875305176","0.48819851875305176","0.48819851875305176"
"12500","0.4987231492996216","0.4987231492996216","0.4987231492996216","0.4865325093269348","0.4865325093269348","0.4865325093269348","0.49888062477111816","0.49888062477111816","0.49888062477111816","0.48635590076446533","0.48635590076446533","0.48635590076446533","0.501152515411377","0.501152515411377","0.501152515411377","0.4897893965244293","0.4897893965244293","0.4897893965244293","0.49888020753860474","0.49888020753860474","0.49888020753860474","0.5005544424057007","0.5005544424057007","0.5005544424057007","0.48923206329345703","0.48923206329345703","0.48923206329345703","0.48817500472068787","0.48817500472068787","0.48817500472068787"
"12600","0.5014142394065857","0.5014142394065857","0.5014142394065857","0.4881221652030945","0.4881221652030945","0.4881221652030945","0.4984857439994812","0.4984857439994812","0.4984857439994812","0.4873883128166199","0.4873883128166199","0.4873883128166199","0.5036733746528625","0.5036733746528625","0.5036733746528625","0.4870680272579193","0.4870680272579193","0.4870680272579193","0.5035882592201233","0.5035882592201233","0.5035882592201233","0.5014969706535339","0.5014969706535339","0.5014969706535339","0.4889247417449951","0.4889247417449951","0.4889247417449951","0.48641297221183777","0.48641297221183777","0.48641297221183777"
"12700","0.4983907639980316","0.4983907639980316","0.4983907639980316","0.48655620217323303","0.48655620217323303","0.48655620217323303","0.499446302652359","0.499446302652359","0.499446302652359","0.48733463883399963","0.48733463883399963","0.48733463883399963","0.502011775970459","0.502011775970459","0.502011775970459","0.48738956451416016","0.48738956451416016","0.48738956451416016","0.5021350383758545","0.5021350383758545","0.5021350383758545","0.5029700398445129","0.5029700398445129","0.5029700398445129","0.4867646098136902","0.4867646098136902","0.4867646098136902","0.4864885210990906","0.4864885210990906","0.4864885210990906"
"12800","0.5020334720611572","0.5020334720611572","0.5020334720611572","0.4864749610424042","0.4864749610424042","0.4864749610424042","0.5018762350082397","0.5018762350082397","0.5018762350082397","0.4887513220310211","0.4887513220310211","0.4887513220310211","0.49981698393821716","0.49981698393821716","0.49981698393821716","0.48782747983932495","0.48782747983932495","0.48782747983932495","0.4998878836631775","0.4998878836631775","0.4998878836631775","0.5020148754119873","0.5020148754119873","0.5020148754119873","0.4882163107395172","0.4882163107395172","0.4882163107395172","0.487398236989975","0.487398236989975","0.487398236989975"
"12900","0.5015789270401001","0.5015789270401001","0.5015789270401001","0.48763856291770935","0.48763856291770935","0.48763856291770935","0.4990731179714203","0.4990731179714203","0.4990731179714203","0.4873737096786499","0.4873737096786499","0.4873737096786499","0.49802345037460327","0.49802345037460327","0.49802345037460327","0.4844115078449249","0.4844115078449249","0.4844115078449249","0.5045616030693054","0.5045616030693054","0.5045616030693054","0.502821147441864","0.502821147441864","0.502821147441864","0.48689892888069153","0.48689892888069153","0.48689892888069153","0.4881772994995117","0.4881772994995117","0.4881772994995117"
"13000","0.5002573132514954","0.5002573132514954","0.5002573132514954","0.48430609703063965","0.48430609703063965","0.48430609703063965","0.5029078125953674","0.5029078125953674","0.5029078125953674","0.48738420009613037","0.48738420009613037","0.48738420009613037","0.49903443455696106","0.49903443455696106","0.49903443455696106","0.485910028219223","0.485910028219223","0.485910028219223","0.5027912855148315","0.5027912855148315","0.5027912855148315","0.4969979226589203","0.4969979226589203","0.4969979226589203","0.4863646626472473","0.4863646626472473","0.4863646626472473","0.48751288652420044","0.48751288652420044","0.48751288652420044"
"13100","0.5036267042160034","0.5036267042160034","0.5036267042160034","0.48470309376716614","0.48470309376716614","0.48470309376716614","0.5005210638046265","0.5005210638046265","0.5005210638046265","0.48804664611816406","0.48804664611816406","0.48804664611816406","0.5016300082206726","0.5016300082206726","0.5016300082206726","0.4847661554813385","0.4847661554813385","0.4847661554813385","0.4992784857749939","0.4992784857749939","0.4992784857749939","0.5009805560112","0.5009805560112","0.5009805560112","0.4864760637283325","0.4864760637283325","0.4864760637283325","0.48715728521347046","0.48715728521347046","0.48715728521347046"
"13200","0.5017973184585571","0.5017973184585571","0.5017973184585571","0.48698627948760986","0.48698627948760986","0.48698627948760986","0.498402863740921","0.498402863740921","0.498402863740921","0.48619022965431213","0.48619022965431213","0.48619022965431213","0.4982551634311676","0.4982551634311676","0.4982551634311676","0.4851148724555969","0.4851148724555969","0.4851148724555969","0.5017358660697937","0.5017358660697937","0.5017358660697937","0.4977768361568451","0.4977768361568451","0.4977768361568451","0.4881258010864258","0.4881258010864258","0.4881258010864258","0.48663538694381714","0.48663538694381714","0.48663538694381714"
"13300","0.49976909160614014","0.49976909160614014","0.49976909160614014","0.4866258502006531","0.4866258502006531","0.4866258502006531","0.4994239807128906","0.4994239807128906","0.4994239807128906","0.4867096245288849","0.4867096245288849","0.4867096245288849","0.5002396106719971","0.5002396106719971","0.5002396106719971","0.4864473342895508","0.4864473342895508","0.4864473342895508","0.4989812970161438","0.4989812970161438","0.4989812970161438","0.5012471079826355","0.5012471079826355","0.5012471079826355","0.4848964214324951","0.4848964214324951","0.4848964214324951","0.4870173931121826","0.4870173931121826","0.4870173931121826"
"13400","0.5025858879089355","0.5025858879089355","0.5025858879089355","0.4892641007900238","0.4892641007900238","0.4892641007900238","0.5008234977722168","0.5008234977722168","0.5008234977722168","0.48559606075286865","0.48559606075286865","0.48559606075286865","0.5025739669799805","0.5025739669799805","0.5025739669799805","0.48647892475128174","0.48647892475128174","0.48647892475128174","0.4993514120578766","0.4993514120578766","0.4993514120578766","0.5002056360244751","0.5002056360244751","0.5002056360244751","0.4862831234931946","0.4862831234931946","0.4862831234931946","0.4866272211074829","0.4866272211074829","0.4866272211074829"
"13500","0.49804824590682983","0.49804824590682983","0.49804824590682983","0.4868531823158264","0.4868531823158264","0.4868531823158264","0.5035020709037781","0.5035020709037781","0.5035020709037781","0.48631733655929565","0.48631733655929565","0.48631733655929565","0.49759772419929504","0.49759772419929504","0.49759772419929504","0.48799192905426025","0.48799192905426025","0.48799192905426025","0.5036794543266296","0.5036794543266296","0.5036794543266296","0.49964165687561035","0.49964165687561035","0.49964165687561035","0.48618724942207336","0.48618724942207336","0.48618724942207336","0.4862205982208252","0.4862205982208252","0.4862205982208252"
"13600","0.49958205223083496","0.49958205223083496","0.49958205223083496","0.48585423827171326","0.48585423827171326","0.48585423827171326","0.5018823146820068","0.5018823146820068","0.5018823146820068","0.4860115349292755","0.4860115349292755","0.4860115349292755","0.5001056790351868","0.5001056790351868","0.5001056790351868","0.4870949983596802","0.4870949983596802","0.4870949983596802","0.49921950697898865","0.49921950697898865","0.49921950697898865","0.5014020204544067","0.5014020204544067","0.5014020204544067","0.48776009678840637","0.48776009678840637","0.48776009678840637","0.4877244830131531","0.4877244830131531","0.4877244830131531"
"13700","0.49954691529273987","0.49954691529273987","0.49954691529273987","0.4861021339893341","0.4861021339893341","0.4861021339893341","0.49881482124328613","0.49881482124328613","0.49881482124328613","0.48655280470848083","0.48655280470848083","0.48655280470848083","0.5028595924377441","0.5028595924377441","0.5028595924377441","0.4852481484413147","0.4852481484413147","0.4852481484413147","0.5009539127349854","0.5009539127349854","0.5009539127349854","0.5019714832305908","0.5019714832305908","0.5019714832305908","0.4874451458454132","0.4874451458454132","0.4874451458454132","0.4876619577407837","0.4876619577407837","0.4876619577407837"
"13800","0.5002413392066956","0.5002413392066956","0.5002413392066956","0.4875636696815491","0.4875636696815491","0.4875636696815491","0.5000735521316528","0.5000735521316528","0.5000735521316528","0.4850342869758606","0.4850342869758606","0.4850342869758606","0.5013481974601746","0.5013481974601746","0.5013481974601746","0.48481976985931396","0.48481976985931396","0.48481976985931396","0.5017474889755249","0.5017474889755249","0.5017474889755249","0.4981059730052948","0.4981059730052948","0.4981059730052948","0.4876827299594879","0.4876827299594879","0.4876827299594879","0.48536166548728943","0.48536166548728943","0.48536166548728943"
"13900","0.5002962350845337","0.5002962350845337","0.5002962350845337","0.48704299330711365","0.48704299330711365","0.48704299330711365","0.49988895654678345","0.49988895654678345","0.49988895654678345","0.48555147647857666","0.48555147647857666","0.48555147647857666","0.5002691745758057","0.5002691745758057","0.5002691745758057","0.4855717122554779","0.4855717122554779","0.4855717122554779","0.49863144755363464","0.49863144755363464","0.49863144755363464","0.4977743923664093","0.4977743923664093","0.4977743923664093","0.4864581227302551","0.4864581227302551","0.4864581227302551","0.48321083188056946","0.48321083188056946","0.48321083188056946"
"14000","0.5013927221298218","0.5013927221298218","0.5013927221298218","0.48652589321136475","0.48652589321136475","0.48652589321136475","0.501593291759491","0.501593291759491","0.501593291759491","0.486169695854187","0.486169695854187","0.486169695854187","0.497819185256958","0.497819185256958","0.497819185256958","0.4866008758544922","0.4866008758544922","0.4866008758544922","0.4965829849243164","0.4965829849243164","0.4965829849243164","0.49795547127723694","0.49795547127723694","0.49795547127723694","0.48708945512771606","0.48708945512771606","0.48708945512771606","0.4864410161972046","0.4864410161972046","0.4864410161972046"
"14100","0.5012423992156982","0.5012423992156982","0.5012423992156982","0.48620977997779846","0.48620977997779846","0.48620977997779846","0.5012154579162598","0.5012154579162598","0.5012154579162598","0.48671767115592957","0.48671767115592957","0.48671767115592957","0.4996194839477539","0.4996194839477539","0.4996194839477539","0.4884323179721832","0.4884323179721832","0.4884323179721832","0.5013614296913147","0.5013614296913147","0.5013614296913147","0.49994564056396484","0.49994564056396484","0.49994564056396484","0.4853023290634155","0.4853023290634155","0.4853023290634155","0.48703399300575256","0.48703399300575256","0.48703399300575256"
"14200","0.49768710136413574","0.49768710136413574","0.49768710136413574","0.4867909252643585","0.4867909252643585","0.4867909252643585","0.4962216317653656","0.4962216317653656","0.4962216317653656","0.4870733618736267","0.4870733618736267","0.4870733618736267","0.5025938749313354","0.5025938749313354","0.5025938749313354","0.48718586564064026","0.48718586564064026","0.48718586564064026","0.5007212162017822","0.5007212162017822","0.5007212162017822","0.49876052141189575","0.49876052141189575","0.49876052141189575","0.4872269928455353","0.4872269928455353","0.4872269928455353","0.48497727513313293","0.48497727513313293","0.48497727513313293"
"14300","0.49874913692474365","0.49874913692474365","0.49874913692474365","0.48516350984573364","0.48516350984573364","0.48516350984573364","0.49971553683280945","0.49971553683280945","0.49971553683280945","0.48439595103263855","0.48439595103263855","0.48439595103263855","0.49961718916893005","0.49961718916893005","0.49961718916893005","0.48525935411453247","0.48525935411453247","0.48525935411453247","0.5038431286811829","0.5038431286811829","0.5038431286811829","0.5002747178077698","0.5002747178077698","0.5002747178077698","0.4864952564239502","0.4864952564239502","0.4864952564239502","0.48477551341056824","0.48477551341056824","0.48477551341056824"
"14400","0.4988861382007599","0.4988861382007599","0.4988861382007599","0.4853416681289673","0.4853416681289673","0.4853416681289673","0.5008234977722168","0.5008234977722168","0.5008234977722168","0.48474207520484924","0.48474207520484924","0.48474207520484924","0.5023898482322693","0.5023898482322693","0.5023898482322693","0.4862717092037201","0.4862717092037201","0.4862717092037201","0.501023530960083","0.501023530960083","0.501023530960083","0.501508355140686","0.501508355140686","0.501508355140686","0.4839065968990326","0.4839065968990326","0.4839065968990326","0.48564979434013367","0.48564979434013367","0.48564979434013367"
"14500","0.4999026954174042","0.4999026954174042","0.4999026954174042","0.4865591824054718","0.4865591824054718","0.4865591824054718","0.4985814690589905","0.4985814690589905","0.4985814690589905","0.4855984151363373","0.4855984151363373","0.4855984151363373","0.5005103945732117","0.5005103945732117","0.5005103945732117","0.48468539118766785","0.48468539118766785","0.48468539118766785","0.500817060470581","0.500817060470581","0.500817060470581","0.5013388395309448","0.5013388395309448","0.5013388395309448","0.4850081503391266","0.4850081503391266","0.4850081503391266","0.48533400893211365","0.48533400893211365","0.48533400893211365"
"14600","0.49973151087760925","0.49973151087760925","0.49973151087760925","0.4849415719509125","0.4849415719509125","0.4849415719509125","0.5007572770118713","0.5007572770118713","0.5007572770118713","0.48594993352890015","0.48594993352890015","0.48594993352890015","0.49888601899147034","0.49888601899147034","0.49888601899147034","0.4868881106376648","0.4868881106376648","0.4868881106376648","0.5016462206840515","0.5016462206840515","0.5016462206840515","0.5018385052680969","0.5018385052680969","0.5018385052680969","0.4846443235874176","0.4846443235874176","0.4846443235874176","0.48710858821868896","0.48710858821868896","0.48710858821868896"
"14700","0.5028013586997986","0.5028013586997986","0.5028013586997986","0.4879867136478424","0.4879867136478424","0.4879867136478424","0.5026997327804565","0.5026997327804565","0.5026997327804565","0.4853709042072296","0.4853709042072296","0.4853709042072296","0.499036967754364","0.499036967754364","0.499036967754364","0.4845001995563507","0.4845001995563507","0.4845001995563507","0.5015702247619629","0.5015702247619629","0.5015702247619629","0.5012837052345276","0.5012837052345276","0.5012837052345276","0.48647618293762207","0.48647618293762207","0.48647618293762207","0.48456424474716187","0.48456424474716187","0.48456424474716187"
"14800","0.4992680847644806","0.4992680847644806","0.4992680847644806","0.4832165539264679","0.4832165539264679","0.4832165539264679","0.5017682909965515","0.5017682909965515","0.5017682909965515","0.4882487952709198","0.4882487952709198","0.4882487952709198","0.4994795322418213","0.4994795322418213","0.4994795322418213","0.48398396372795105","0.48398396372795105","0.48398396372795105","0.5010570883750916","0.5010570883750916","0.5010570883750916","0.4988756477832794","0.4988756477832794","0.4988756477832794","0.48504212498664856","0.48504212498664856","0.48504212498664856","0.48509910702705383","0.48509910702705383","0.48509910702705383"
"14900","0.5020210146903992","0.5020210146903992","0.5020210146903992","0.4843218922615051","0.4843218922615051","0.4843218922615051","0.4988982677459717","0.4988982677459717","0.4988982677459717","0.4853303134441376","0.4853303134441376","0.4853303134441376","0.4989370107650757","0.4989370107650757","0.4989370107650757","0.48459410667419434","0.48459410667419434","0.48459410667419434","0.4985744059085846","0.4985744059085846","0.4985744059085846","0.5006377696990967","0.5006377696990967","0.5006377696990967","0.4866427183151245","0.4866427183151245","0.4866427183151245","0.4861040413379669","0.4861040413379669","0.4861040413379669"
"15000","0.5000946521759033","0.5000946521759033","0.5000946521759033","0.4832707643508911","0.4832707643508911","0.4832707643508911","0.49779796600341797","0.49779796600341797","0.49779796600341797","0.4847128987312317","0.4847128987312317","0.4847128987312317","0.500734269618988","0.500734269618988","0.500734269618988","0.4853135347366333","0.4853135347366333","0.4853135347366333","0.4985531270503998","0.4985531270503998","0.4985531270503998","0.5012204647064209","0.5012204647064209","0.5012204647064209","0.48684826493263245","0.48684826493263245","0.48684826493263245","0.483896404504776","0.483896404504776","0.483896404504776"
"15100","0.5010876059532166","0.5010876059532166","0.5010876059532166","0.4835653007030487","0.4835653007030487","0.4835653007030487","0.498210072517395","0.498210072517395","0.498210072517395","0.48333632946014404","0.48333632946014404","0.48333632946014404","0.5020947456359863","0.5020947456359863","0.5020947456359863","0.4871942102909088","0.4871942102909088","0.4871942102909088","0.4986470341682434","0.4986470341682434","0.4986470341682434","0.5001063346862793","0.5001063346862793","0.5001063346862793","0.48609718680381775","0.48609718680381775","0.48609718680381775","0.4859379529953003","0.4859379529953003","0.4859379529953003"
"15200","0.501353919506073","0.501353919506073","0.501353919506073","0.4854682683944702","0.4854682683944702","0.4854682683944702","0.5008703470230103","0.5008703470230103","0.5008703470230103","0.4848015606403351","0.4848015606403351","0.4848015606403351","0.4975445568561554","0.4975445568561554","0.4975445568561554","0.48526889085769653","0.48526889085769653","0.48526889085769653","0.4994621276855469","0.4994621276855469","0.4994621276855469","0.504228413105011","0.504228413105011","0.504228413105011","0.484043687582016","0.484043687582016","0.484043687582016","0.4829162359237671","0.4829162359237671","0.4829162359237671"
"15300","0.5006540417671204","0.5006540417671204","0.5006540417671204","0.48355457186698914","0.48355457186698914","0.48355457186698914","0.501997709274292","0.501997709274292","0.501997709274292","0.48557597398757935","0.48557597398757935","0.48557597398757935","0.5005331635475159","0.5005331635475159","0.5005331635475159","0.48611980676651","0.48611980676651","0.48611980676651","0.5021042823791504","0.5021042823791504","0.5021042823791504","0.5002903342247009","0.5002903342247009","0.5002903342247009","0.4851270318031311","0.4851270318031311","0.4851270318031311","0.48460209369659424","0.48460209369659424","0.48460209369659424"
"15400","0.5033245086669922","0.5033245086669922","0.5033245086669922","0.4860290586948395","0.4860290586948395","0.4860290586948395","0.4988166391849518","0.4988166391849518","0.4988166391849518","0.483803927898407","0.483803927898407","0.483803927898407","0.49929091334342957","0.49929091334342957","0.49929091334342957","0.4842536449432373","0.4842536449432373","0.4842536449432373","0.5000852346420288","0.5000852346420288","0.5000852346420288","0.49954402446746826","0.49954402446746826","0.49954402446746826","0.48562347888946533","0.48562347888946533","0.48562347888946533","0.4842755198478699","0.4842755198478699","0.4842755198478699"
"15500","0.49934810400009155","0.49934810400009155","0.49934810400009155","0.48425784707069397","0.48425784707069397","0.48425784707069397","0.49963560700416565","0.49963560700416565","0.49963560700416565","0.4857805371284485","0.4857805371284485","0.4857805371284485","0.4996606111526489","0.4996606111526489","0.4996606111526489","0.4834534525871277","0.4834534525871277","0.4834534525871277","0.5004921555519104","0.5004921555519104","0.5004921555519104","0.501354992389679","0.501354992389679","0.501354992389679","0.4851538836956024","0.4851538836956024","0.4851538836956024","0.4854813516139984","0.4854813516139984","0.4854813516139984"
"15600","0.49985507130622864","0.49985507130622864","0.49985507130622864","0.4833289682865143","0.4833289682865143","0.4833289682865143","0.5008993744850159","0.5008993744850159","0.5008993744850159","0.486288458108902","0.486288458108902","0.486288458108902","0.499306321144104","0.499306321144104","0.499306321144104","0.4845584034919739","0.4845584034919739","0.4845584034919739","0.5019060373306274","0.5019060373306274","0.5019060373306274","0.5004715919494629","0.5004715919494629","0.5004715919494629","0.48547467589378357","0.48547467589378357","0.48547467589378357","0.4850291311740875","0.4850291311740875","0.4850291311740875"
"15700","0.49864867329597473","0.49864867329597473","0.49864867329597473","0.4840717315673828","0.4840717315673828","0.4840717315673828","0.5012565851211548","0.5012565851211548","0.5012565851211548","0.4828856587409973","0.4828856587409973","0.4828856587409973","0.497848242521286","0.497848242521286","0.497848242521286","0.4849802851676941","0.4849802851676941","0.4849802851676941","0.5009500980377197","0.5009500980377197","0.5009500980377197","0.49807435274124146","0.49807435274124146","0.49807435274124146","0.4859696626663208","0.4859696626663208","0.4859696626663208","0.48393309116363525","0.48393309116363525","0.48393309116363525"
"15800","0.49960339069366455","0.49960339069366455","0.49960339069366455","0.4845520257949829","0.4845520257949829","0.4845520257949829","0.49856290221214294","0.49856290221214294","0.49856290221214294","0.4843793511390686","0.4843793511390686","0.4843793511390686","0.5026388764381409","0.5026388764381409","0.5026388764381409","0.48644837737083435","0.48644837737083435","0.48644837737083435","0.49931883811950684","0.49931883811950684","0.49931883811950684","0.5019795894622803","0.5019795894622803","0.5019795894622803","0.4848979711532593","0.4848979711532593","0.4848979711532593","0.48556578159332275","0.48556578159332275","0.48556578159332275"
"15900","0.4997915029525757","0.4997915029525757","0.4997915029525757","0.4842303991317749","0.4842303991317749","0.4842303991317749","0.5024017095565796","0.5024017095565796","0.5024017095565796","0.48401451110839844","0.48401451110839844","0.48401451110839844","0.49857625365257263","0.49857625365257263","0.49857625365257263","0.48403266072273254","0.48403266072273254","0.48403266072273254","0.4989663362503052","0.4989663362503052","0.4989663362503052","0.49859046936035156","0.49859046936035156","0.49859046936035156","0.484946608543396","0.484946608543396","0.484946608543396","0.4842756688594818","0.4842756688594818","0.4842756688594818"
"16000","0.4993097186088562","0.4993097186088562","0.4993097186088562","0.4837726652622223","0.4837726652622223","0.4837726652622223","0.4986262619495392","0.4986262619495392","0.4986262619495392","0.48438170552253723","0.48438170552253723","0.48438170552253723","0.4964693784713745","0.4964693784713745","0.4964693784713745","0.4827764630317688","0.4827764630317688","0.4827764630317688","0.49939823150634766","0.49939823150634766","0.49939823150634766","0.5007947683334351","0.5007947683334351","0.5007947683334351","0.48484158515930176","0.48484158515930176","0.48484158515930176","0.484978586435318","0.484978586435318","0.484978586435318"
"16100","0.4984787404537201","0.4984787404537201","0.4984787404537201","0.4838671386241913","0.4838671386241913","0.4838671386241913","0.4992031157016754","0.4992031157016754","0.4992031157016754","0.48538750410079956","0.48538750410079956","0.48538750410079956","0.5019702315330505","0.5019702315330505","0.5019702315330505","0.4823848307132721","0.4823848307132721","0.4823848307132721","0.498737096786499","0.498737096786499","0.498737096786499","0.4995185434818268","0.4995185434818268","0.4995185434818268","0.4846950173377991","0.4846950173377991","0.4846950173377991","0.48379242420196533","0.48379242420196533","0.48379242420196533"
"16200","0.4976629912853241","0.4976629912853241","0.4976629912853241","0.48464542627334595","0.48464542627334595","0.48464542627334595","0.49698981642723083","0.49698981642723083","0.49698981642723083","0.4830712080001831","0.4830712080001831","0.4830712080001831","0.49968674778938293","0.49968674778938293","0.49968674778938293","0.48440685868263245","0.48440685868263245","0.48440685868263245","0.4982024133205414","0.4982024133205414","0.4982024133205414","0.5004273056983948","0.5004273056983948","0.5004273056983948","0.4827516973018646","0.4827516973018646","0.4827516973018646","0.48415452241897583","0.48415452241897583","0.48415452241897583"
"16300","0.49683162569999695","0.49683162569999695","0.49683162569999695","0.4835273325443268","0.4835273325443268","0.4835273325443268","0.49752604961395264","0.49752604961395264","0.49752604961395264","0.4841984212398529","0.4841984212398529","0.4841984212398529","0.4989113509654999","0.4989113509654999","0.4989113509654999","0.4830758273601532","0.4830758273601532","0.4830758273601532","0.49998047947883606","0.49998047947883606","0.49998047947883606","0.4988442361354828","0.4988442361354828","0.4988442361354828","0.48577529191970825","0.48577529191970825","0.48577529191970825","0.48554912209510803","0.48554912209510803","0.48554912209510803"
"16400","0.5024927258491516","0.5024927258491516","0.5024927258491516","0.4855490028858185","0.4855490028858185","0.4855490028858185","0.5022397041320801","0.5022397041320801","0.5022397041320801","0.48404940962791443","0.48404940962791443","0.48404940962791443","0.4978195130825043","0.4978195130825043","0.4978195130825043","0.4841231405735016","0.4841231405735016","0.4841231405735016","0.49954259395599365","0.49954259395599365","0.49954259395599365","0.5001583695411682","0.5001583695411682","0.5001583695411682","0.4834388494491577","0.4834388494491577","0.4834388494491577","0.4823307693004608","0.4823307693004608","0.4823307693004608"
"16500","0.5009250044822693","0.5009250044822693","0.5009250044822693","0.4843488931655884","0.4843488931655884","0.4843488931655884","0.5007028579711914","0.5007028579711914","0.5007028579711914","0.4816516041755676","0.4816516041755676","0.4816516041755676","0.5008843541145325","0.5008843541145325","0.5008843541145325","0.48195725679397583","0.48195725679397583","0.48195725679397583","0.494891881942749","0.494891881942749","0.494891881942749","0.5000078082084656","0.5000078082084656","0.5000078082084656","0.4847903549671173","0.4847903549671173","0.4847903549671173","0.48270007967948914","0.48270007967948914","0.48270007967948914"
"16600","0.49880731105804443","0.49880731105804443","0.49880731105804443","0.4841737449169159","0.4841737449169159","0.4841737449169159","0.5026418566703796","0.5026418566703796","0.5026418566703796","0.484407514333725","0.484407514333725","0.484407514333725","0.501876175403595","0.501876175403595","0.501876175403595","0.48355311155319214","0.48355311155319214","0.48355311155319214","0.4979698956012726","0.4979698956012726","0.4979698956012726","0.5006639957427979","0.5006639957427979","0.5006639957427979","0.48637810349464417","0.48637810349464417","0.48637810349464417","0.4845186471939087","0.4845186471939087","0.4845186471939087"
"16700","0.499650239944458","0.499650239944458","0.499650239944458","0.4825047552585602","0.4825047552585602","0.4825047552585602","0.49969345331192017","0.49969345331192017","0.49969345331192017","0.48265957832336426","0.48265957832336426","0.48265957832336426","0.4979477822780609","0.4979477822780609","0.4979477822780609","0.48320987820625305","0.48320987820625305","0.48320987820625305","0.4977261424064636","0.4977261424064636","0.4977261424064636","0.4989592432975769","0.4989592432975769","0.4989592432975769","0.4831048548221588","0.4831048548221588","0.4831048548221588","0.48476776480674744","0.48476776480674744","0.48476776480674744"
"16800","0.5010465979576111","0.5010465979576111","0.5010465979576111","0.4816618263721466","0.4816618263721466","0.4816618263721466","0.5010669827461243","0.5010669827461243","0.5010669827461243","0.4837406575679779","0.4837406575679779","0.4837406575679779","0.4983613193035126","0.4983613193035126","0.4983613193035126","0.4832998514175415","0.4832998514175415","0.4832998514175415","0.49949729442596436","0.49949729442596436","0.49949729442596436","0.502515435218811","0.502515435218811","0.502515435218811","0.48247185349464417","0.48247185349464417","0.48247185349464417","0.4838649034500122","0.4838649034500122","0.4838649034500122"
"16900","0.4976204037666321","0.4976204037666321","0.4976204037666321","0.48282578587532043","0.48282578587532043","0.48282578587532043","0.49834099411964417","0.49834099411964417","0.49834099411964417","0.4822145104408264","0.4822145104408264","0.4822145104408264","0.5012712478637695","0.5012712478637695","0.5012712478637695","0.48386910557746887","0.48386910557746887","0.48386910557746887","0.5002570152282715","0.5002570152282715","0.5002570152282715","0.5012192726135254","0.5012192726135254","0.5012192726135254","0.4836732745170593","0.4836732745170593","0.4836732745170593","0.48407265543937683","0.48407265543937683","0.48407265543937683"
"17000","0.4994416832923889","0.4994416832923889","0.4994416832923889","0.48084762692451477","0.48084762692451477","0.48084762692451477","0.4976744055747986","0.4976744055747986","0.4976744055747986","0.48154395818710327","0.48154395818710327","0.48154395818710327","0.49833667278289795","0.49833667278289795","0.49833667278289795","0.48155319690704346","0.48155319690704346","0.48155319690704346","0.4988556206226349","0.4988556206226349","0.4988556206226349","0.4979201555252075","0.4979201555252075","0.4979201555252075","0.4818751811981201","0.4818751811981201","0.4818751811981201","0.48364952206611633","0.48364952206611633","0.48364952206611633"
"17100","0.4960806667804718","0.4960806667804718","0.4960806667804718","0.48247992992401123","0.48247992992401123","0.48247992992401123","0.4968873858451843","0.4968873858451843","0.4968873858451843","0.4840767979621887","0.4840767979621887","0.4840767979621887","0.5006394982337952","0.5006394982337952","0.5006394982337952","0.4814196825027466","0.4814196825027466","0.4814196825027466","0.5022801756858826","0.5022801756858826","0.5022801756858826","0.49880921840667725","0.49880921840667725","0.49880921840667725","0.4845986068248749","0.4845986068248749","0.4845986068248749","0.48379430174827576","0.48379430174827576","0.48379430174827576"
"17200","0.5006834864616394","0.5006834864616394","0.5006834864616394","0.4840361773967743","0.4840361773967743","0.4840361773967743","0.4979427456855774","0.4979427456855774","0.4979427456855774","0.4824875295162201","0.4824875295162201","0.4824875295162201","0.49992284178733826","0.49992284178733826","0.49992284178733826","0.4832350015640259","0.4832350015640259","0.4832350015640259","0.5012056231498718","0.5012056231498718","0.5012056231498718","0.5003442168235779","0.5003442168235779","0.5003442168235779","0.48293647170066833","0.48293647170066833","0.48293647170066833","0.48360854387283325","0.48360854387283325","0.48360854387283325"
"17300","0.5000987648963928","0.5000987648963928","0.5000987648963928","0.4811969995498657","0.4811969995498657","0.4811969995498657","0.4992341697216034","0.4992341697216034","0.4992341697216034","0.48465457558631897","0.48465457558631897","0.48465457558631897","0.4995783269405365","0.4995783269405365","0.4995783269405365","0.4847247302532196","0.4847247302532196","0.4847247302532196","0.49592819809913635","0.49592819809913635","0.49592819809913635","0.5000132322311401","0.5000132322311401","0.5000132322311401","0.48302409052848816","0.48302409052848816","0.48302409052848816","0.4826766848564148","0.4826766848564148","0.4826766848564148"
"17400","0.5002255439758301","0.5002255439758301","0.5002255439758301","0.48768875002861023","0.48768875002861023","0.48768875002861023","0.498627245426178","0.498627245426178","0.498627245426178","0.48324820399284363","0.48324820399284363","0.48324820399284363","0.49604153633117676","0.49604153633117676","0.49604153633117676","0.4838602840900421","0.4838602840900421","0.4838602840900421","0.5005180239677429","0.5005180239677429","0.5005180239677429","0.4988539516925812","0.4988539516925812","0.4988539516925812","0.48409146070480347","0.48409146070480347","0.48409146070480347","0.4843965768814087","0.4843965768814087","0.4843965768814087"
"17500","0.5020167231559753","0.5020167231559753","0.5020167231559753","0.48303231596946716","0.48303231596946716","0.48303231596946716","0.49981212615966797","0.49981212615966797","0.49981212615966797","0.4832058250904083","0.4832058250904083","0.4832058250904083","0.49731266498565674","0.49731266498565674","0.49731266498565674","0.4816851317882538","0.4816851317882538","0.4816851317882538","0.49824991822242737","0.49824991822242737","0.49824991822242737","0.4985933303833008","0.4985933303833008","0.4985933303833008","0.482692152261734","0.482692152261734","0.482692152261734","0.48368149995803833","0.48368149995803833","0.48368149995803833"
"17600","0.49774235486984253","0.49774235486984253","0.49774235486984253","0.4833941161632538","0.4833941161632538","0.4833941161632538","0.5007271766662598","0.5007271766662598","0.5007271766662598","0.48270630836486816","0.48270630836486816","0.48270630836486816","0.49802589416503906","0.49802589416503906","0.49802589416503906","0.4826025664806366","0.4826025664806366","0.4826025664806366","0.4996722340583801","0.4996722340583801","0.4996722340583801","0.49861830472946167","0.49861830472946167","0.49861830472946167","0.4840368926525116","0.4840368926525116","0.4840368926525116","0.4824444055557251","0.4824444055557251","0.4824444055557251"
"17700","0.5010807514190674","0.5010807514190674","0.5010807514190674","0.4841034710407257","0.4841034710407257","0.4841034710407257","0.497965008020401","0.497965008020401","0.497965008020401","0.4815947413444519","0.4815947413444519","0.4815947413444519","0.49568310379981995","0.49568310379981995","0.49568310379981995","0.4809233844280243","0.4809233844280243","0.4809233844280243","0.5022335052490234","0.5022335052490234","0.5022335052490234","0.4960740804672241","0.4960740804672241","0.4960740804672241","0.48258906602859497","0.48258906602859497","0.48258906602859497","0.48361945152282715","0.48361945152282715","0.48361945152282715"
"17800","0.5003922581672668","0.5003922581672668","0.5003922581672668","0.48237529397010803","0.48237529397010803","0.48237529397010803","0.4983760714530945","0.4983760714530945","0.4983760714530945","0.4814698100090027","0.4814698100090027","0.4814698100090027","0.5029869675636292","0.5029869675636292","0.5029869675636292","0.4821310341358185","0.4821310341358185","0.4821310341358185","0.49773192405700684","0.49773192405700684","0.49773192405700684","0.49789687991142273","0.49789687991142273","0.49789687991142273","0.4822984039783478","0.4822984039783478","0.4822984039783478","0.48319339752197266","0.48319339752197266","0.48319339752197266"
"17900","0.49655401706695557","0.49655401706695557","0.49655401706695557","0.48209214210510254","0.48209214210510254","0.48209214210510254","0.5009245276451111","0.5009245276451111","0.5009245276451111","0.4833073914051056","0.4833073914051056","0.4833073914051056","0.5003848671913147","0.5003848671913147","0.5003848671913147","0.48121505975723267","0.48121505975723267","0.48121505975723267","0.5015811324119568","0.5015811324119568","0.5015811324119568","0.5010069608688354","0.5010069608688354","0.5010069608688354","0.48257601261138916","0.48257601261138916","0.48257601261138916","0.4826420247554779","0.4826420247554779","0.4826420247554779"
"18000","0.4968564510345459","0.4968564510345459","0.4968564510345459","0.48411545157432556","0.48411545157432556","0.48411545157432556","0.49928197264671326","0.49928197264671326","0.49928197264671326","0.48191699385643005","0.48191699385643005","0.48191699385643005","0.49778103828430176","0.49778103828430176","0.49778103828430176","0.48354434967041016","0.48354434967041016","0.48354434967041016","0.5003601908683777","0.5003601908683777","0.5003601908683777","0.498368501663208","0.498368501663208","0.498368501663208","0.48410868644714355","0.48410868644714355","0.48410868644714355","0.48427215218544006","0.48427215218544006","0.48427215218544006"
"18100","0.5005019903182983","0.5005019903182983","0.5005019903182983","0.4827170670032501","0.4827170670032501","0.4827170670032501","0.5008867383003235","0.5008867383003235","0.5008867383003235","0.482418030500412","0.482418030500412","0.482418030500412","0.4993695318698883","0.4993695318698883","0.4993695318698883","0.48330143094062805","0.48330143094062805","0.48330143094062805","0.4981904923915863","0.4981904923915863","0.4981904923915863","0.49668124318122864","0.49668124318122864","0.49668124318122864","0.48295456171035767","0.48295456171035767","0.48295456171035767","0.4847009778022766","0.4847009778022766","0.4847009778022766"
"18200","0.49755120277404785","0.49755120277404785","0.49755120277404785","0.4818342626094818","0.4818342626094818","0.4818342626094818","0.49787724018096924","0.49787724018096924","0.49787724018096924","0.48330405354499817","0.48330405354499817","0.48330405354499817","0.49859780073165894","0.49859780073165894","0.49859780073165894","0.48251616954803467","0.48251616954803467","0.48251616954803467","0.49914419651031494","0.49914419651031494","0.49914419651031494","0.4975738823413849","0.4975738823413849","0.4975738823413849","0.4815414845943451","0.4815414845943451","0.4815414845943451","0.48327815532684326","0.48327815532684326","0.48327815532684326"
"18300","0.49905872344970703","0.49905872344970703","0.49905872344970703","0.48340216279029846","0.48340216279029846","0.48340216279029846","0.4992675483226776","0.4992675483226776","0.4992675483226776","0.4815368354320526","0.4815368354320526","0.4815368354320526","0.49926310777664185","0.49926310777664185","0.49926310777664185","0.48238900303840637","0.48238900303840637","0.48238900303840637","0.49701225757598877","0.49701225757598877","0.49701225757598877","0.5010451674461365","0.5010451674461365","0.5010451674461365","0.48078861832618713","0.48078861832618713","0.48078861832618713","0.4847745895385742","0.4847745895385742","0.4847745895385742"
"18400","0.4991001486778259","0.4991001486778259","0.4991001486778259","0.48312175273895264","0.48312175273895264","0.48312175273895264","0.49871107935905457","0.49871107935905457","0.49871107935905457","0.48329365253448486","0.48329365253448486","0.48329365253448486","0.49888819456100464","0.49888819456100464","0.49888819456100464","0.48467501997947693","0.48467501997947693","0.48467501997947693","0.4969734847545624","0.4969734847545624","0.4969734847545624","0.4986482560634613","0.4986482560634613","0.4986482560634613","0.4831125736236572","0.4831125736236572","0.4831125736236572","0.4819183647632599","0.4819183647632599","0.4819183647632599"
"18500","0.49853089451789856","0.49853089451789856","0.49853089451789856","0.48226749897003174","0.48226749897003174","0.48226749897003174","0.49914056062698364","0.49914056062698364","0.49914056062698364","0.4819906949996948","0.4819906949996948","0.4819906949996948","0.500236988067627","0.500236988067627","0.500236988067627","0.48151683807373047","0.48151683807373047","0.48151683807373047","0.5004396438598633","0.5004396438598633","0.5004396438598633","0.49821773171424866","0.49821773171424866","0.49821773171424866","0.4827061593532562","0.4827061593532562","0.4827061593532562","0.48384398221969604","0.48384398221969604","0.48384398221969604"
"18600","0.49741053581237793","0.49741053581237793","0.49741053581237793","0.4821039140224457","0.4821039140224457","0.4821039140224457","0.49694812297821045","0.49694812297821045","0.49694812297821045","0.4831804037094116","0.4831804037094116","0.4831804037094116","0.4993046522140503","0.4993046522140503","0.4993046522140503","0.4824226498603821","0.4824226498603821","0.4824226498603821","0.5009735226631165","0.5009735226631165","0.5009735226631165","0.49807530641555786","0.49807530641555786","0.49807530641555786","0.483205646276474","0.483205646276474","0.483205646276474","0.48089343309402466","0.48089343309402466","0.48089343309402466"
"18700","0.49821966886520386","0.49821966886520386","0.49821966886520386","0.4834030866622925","0.4834030866622925","0.4834030866622925","0.5003262758255005","0.5003262758255005","0.5003262758255005","0.48102688789367676","0.48102688789367676","0.48102688789367676","0.49736496806144714","0.49736496806144714","0.49736496806144714","0.48171111941337585","0.48171111941337585","0.48171111941337585","0.5007263422012329","0.5007263422012329","0.5007263422012329","0.5003238916397095","0.5003238916397095","0.5003238916397095","0.48375821113586426","0.48375821113586426","0.48375821113586426","0.482377290725708","0.482377290725708","0.482377290725708"
"18800","0.5035754442214966","0.5035754442214966","0.5035754442214966","0.48314011096954346","0.48314011096954346","0.48314011096954346","0.49879592657089233","0.49879592657089233","0.49879592657089233","0.48115649819374084","0.48115649819374084","0.48115649819374084","0.4959612786769867","0.4959612786769867","0.4959612786769867","0.4819807708263397","0.4819807708263397","0.4819807708263397","0.4971603751182556","0.4971603751182556","0.4971603751182556","0.497239887714386","0.497239887714386","0.497239887714386","0.4828166961669922","0.4828166961669922","0.4828166961669922","0.4843396246433258","0.4843396246433258","0.4843396246433258"
"18900","0.4987308084964752","0.4987308084964752","0.4987308084964752","0.48193344473838806","0.48193344473838806","0.48193344473838806","0.5005003809928894","0.5005003809928894","0.5005003809928894","0.482453316450119","0.482453316450119","0.482453316450119","0.4970476031303406","0.4970476031303406","0.4970476031303406","0.48199737071990967","0.48199737071990967","0.48199737071990967","0.4982736110687256","0.4982736110687256","0.4982736110687256","0.49882006645202637","0.49882006645202637","0.49882006645202637","0.4789094924926758","0.4789094924926758","0.4789094924926758","0.48131024837493896","0.48131024837493896","0.48131024837493896"
"19000","0.49783533811569214","0.49783533811569214","0.49783533811569214","0.4818529188632965","0.4818529188632965","0.4818529188632965","0.4981842339038849","0.4981842339038849","0.4981842339038849","0.4820737838745117","0.4820737838745117","0.4820737838745117","0.4969722032546997","0.4969722032546997","0.4969722032546997","0.48146331310272217","0.48146331310272217","0.48146331310272217","0.4953647255897522","0.4953647255897522","0.4953647255897522","0.4971234202384949","0.4971234202384949","0.4971234202384949","0.4805101752281189","0.4805101752281189","0.4805101752281189","0.48377689719200134","0.48377689719200134","0.48377689719200134"
"19100","0.49659207463264465","0.49659207463264465","0.49659207463264465","0.4811578094959259","0.4811578094959259","0.4811578094959259","0.4972050189971924","0.4972050189971924","0.4972050189971924","0.4813152253627777","0.4813152253627777","0.4813152253627777","0.49652960896492004","0.49652960896492004","0.49652960896492004","0.48069486021995544","0.48069486021995544","0.48069486021995544","0.5005180239677429","0.5005180239677429","0.5005180239677429","0.4969850480556488","0.4969850480556488","0.4969850480556488","0.4823191165924072","0.4823191165924072","0.4823191165924072","0.48080334067344666","0.48080334067344666","0.48080334067344666"
"19200","0.5010806918144226","0.5010806918144226","0.5010806918144226","0.4811495244503021","0.4811495244503021","0.4811495244503021","0.49849221110343933","0.49849221110343933","0.49849221110343933","0.47962430119514465","0.47962430119514465","0.47962430119514465","0.5009337067604065","0.5009337067604065","0.5009337067604065","0.48098811507225037","0.48098811507225037","0.48098811507225037","0.4990265369415283","0.4990265369415283","0.4990265369415283","0.4963642954826355","0.4963642954826355","0.4963642954826355","0.48360568284988403","0.48360568284988403","0.48360568284988403","0.483389675617218","0.483389675617218","0.483389675617218"
"19300","0.4963192641735077","0.4963192641735077","0.4963192641735077","0.48208940029144287","0.48208940029144287","0.48208940029144287","0.4974270164966583","0.4974270164966583","0.4974270164966583","0.47981661558151245","0.47981661558151245","0.47981661558151245","0.5004375576972961","0.5004375576972961","0.5004375576972961","0.47983860969543457","0.47983860969543457","0.47983860969543457","0.498728483915329","0.498728483915329","0.498728483915329","0.4955568313598633","0.4955568313598633","0.4955568313598633","0.48144587874412537","0.48144587874412537","0.48144587874412537","0.48084259033203125","0.48084259033203125","0.48084259033203125"
"19400","0.5001165270805359","0.5001165270805359","0.5001165270805359","0.4822106659412384","0.4822106659412384","0.4822106659412384","0.4964297413825989","0.4964297413825989","0.4964297413825989","0.4837746024131775","0.4837746024131775","0.4837746024131775","0.4985750615596771","0.4985750615596771","0.4985750615596771","0.4815519452095032","0.4815519452095032","0.4815519452095032","0.49983149766921997","0.49983149766921997","0.49983149766921997","0.498131662607193","0.498131662607193","0.498131662607193","0.4783251881599426","0.4783251881599426","0.4783251881599426","0.48248711228370667","0.48248711228370667","0.48248711228370667"
"19500","0.49746930599212646","0.49746930599212646","0.49746930599212646","0.48295360803604126","0.48295360803604126","0.48295360803604126","0.4969255030155182","0.4969255030155182","0.4969255030155182","0.48166126012802124","0.48166126012802124","0.48166126012802124","0.498658686876297","0.498658686876297","0.498658686876297","0.4820602834224701","0.4820602834224701","0.4820602834224701","0.49863025546073914","0.49863025546073914","0.49863025546073914","0.5012931227684021","0.5012931227684021","0.5012931227684021","0.4799623489379883","0.4799623489379883","0.4799623489379883","0.48162516951560974","0.48162516951560974","0.48162516951560974"
"19600","0.49975407123565674","0.49975407123565674","0.49975407123565674","0.4806322753429413","0.4806322753429413","0.4806322753429413","0.49955958127975464","0.49955958127975464","0.49955958127975464","0.48276782035827637","0.48276782035827637","0.48276782035827637","0.4975157082080841","0.4975157082080841","0.4975157082080841","0.4799802303314209","0.4799802303314209","0.4799802303314209","0.4999845623970032","0.4999845623970032","0.4999845623970032","0.4955708682537079","0.4955708682537079","0.4955708682537079","0.4799160659313202","0.4799160659313202","0.4799160659313202","0.48117777705192566","0.48117777705192566","0.48117777705192566"
"19700","0.495667040348053","0.495667040348053","0.495667040348053","0.48305824398994446","0.48305824398994446","0.48305824398994446","0.4955521523952484","0.4955521523952484","0.4955521523952484","0.4811968207359314","0.4811968207359314","0.4811968207359314","0.49886050820350647","0.49886050820350647","0.49886050820350647","0.48238086700439453","0.48238086700439453","0.48238086700439453","0.4989851415157318","0.4989851415157318","0.4989851415157318","0.501885175704956","0.501885175704956","0.501885175704956","0.47996434569358826","0.47996434569358826","0.47996434569358826","0.48220303654670715","0.48220303654670715","0.48220303654670715"
"19800","0.49846401810646057","0.49846401810646057","0.49846401810646057","0.4800548255443573","0.4800548255443573","0.4800548255443573","0.4959159791469574","0.4959159791469574","0.4959159791469574","0.481092631816864","0.481092631816864","0.481092631816864","0.49643179774284363","0.49643179774284363","0.49643179774284363","0.48389148712158203","0.48389148712158203","0.48389148712158203","0.5014048218727112","0.5014048218727112","0.5014048218727112","0.49875691533088684","0.49875691533088684","0.49875691533088684","0.4834723174571991","0.4834723174571991","0.4834723174571991","0.4813380837440491","0.4813380837440491","0.4813380837440491"
"19900","0.4972343146800995","0.4972343146800995","0.4972343146800995","0.4809642732143402","0.4809642732143402","0.4809642732143402","0.498392254114151","0.498392254114151","0.498392254114151","0.47687554359436035","0.47687554359436035","0.47687554359436035","0.4987119734287262","0.4987119734287262","0.4987119734287262","0.48026883602142334","0.48026883602142334","0.48026883602142334","0.4986039698123932","0.4986039698123932","0.4986039698123932","0.5011962652206421","0.5011962652206421","0.5011962652206421","0.4801274836063385","0.4801274836063385","0.4801274836063385","0.4802548885345459","0.4802548885345459","0.4802548885345459"
"20000","0.5001562237739563","0.5001562237739563","0.5001562237739563","0.48172253370285034","0.48172253370285034","0.48172253370285034","0.49895423650741577","0.49895423650741577","0.49895423650741577","0.48057234287261963","0.48057234287261963","0.48057234287261963","0.49798351526260376","0.49798351526260376","0.49798351526260376","0.48244911432266235","0.48244911432266235","0.48244911432266235","0.49806761741638184","0.49806761741638184","0.49806761741638184","0.49849972128868103","0.49849972128868103","0.49849972128868103","0.47928956151008606","0.47928956151008606","0.47928956151008606","0.48149365186691284","0.48149365186691284","0.48149365186691284"
"20100","0.49750807881355286","0.49750807881355286","0.49750807881355286","0.47969600558280945","0.47969600558280945","0.47969600558280945","0.49841079115867615","0.49841079115867615","0.49841079115867615","0.48157694935798645","0.48157694935798645","0.48157694935798645","0.49799835681915283","0.49799835681915283","0.49799835681915283","0.47970762848854065","0.47970762848854065","0.47970762848854065","0.4964378774166107","0.4964378774166107","0.4964378774166107","0.49850231409072876","0.49850231409072876","0.49850231409072876","0.4819466769695282","0.4819466769695282","0.4819466769695282","0.4824785888195038","0.4824785888195038","0.4824785888195038"
"20200","0.49901729822158813","0.49901729822158813","0.49901729822158813","0.4812494218349457","0.4812494218349457","0.4812494218349457","0.4994563162326813","0.4994563162326813","0.4994563162326813","0.48150575160980225","0.48150575160980225","0.48150575160980225","0.4964263141155243","0.4964263141155243","0.4964263141155243","0.47997164726257324","0.47997164726257324","0.47997164726257324","0.49743029475212097","0.49743029475212097","0.49743029475212097","0.4985133707523346","0.4985133707523346","0.4985133707523346","0.4814549386501312","0.4814549386501312","0.4814549386501312","0.4815792143344879","0.4815792143344879","0.4815792143344879"
"20300","0.4976845681667328","0.4976845681667328","0.4976845681667328","0.483259916305542","0.483259916305542","0.483259916305542","0.49631285667419434","0.49631285667419434","0.49631285667419434","0.4814060926437378","0.4814060926437378","0.4814060926437378","0.4982709586620331","0.4982709586620331","0.4982709586620331","0.48141661286354065","0.48141661286354065","0.48141661286354065","0.5007331967353821","0.5007331967353821","0.5007331967353821","0.49429306387901306","0.49429306387901306","0.49429306387901306","0.4815516173839569","0.4815516173839569","0.4815516173839569","0.48147815465927124","0.48147815465927124","0.48147815465927124"
"20400","0.4995605945587158","0.4995605945587158","0.4995605945587158","0.4819897711277008","0.4819897711277008","0.4819897711277008","0.49811041355133057","0.49811041355133057","0.49811041355133057","0.48104625940322876","0.48104625940322876","0.48104625940322876","0.49993595480918884","0.49993595480918884","0.49993595480918884","0.48251044750213623","0.48251044750213623","0.48251044750213623","0.49800488352775574","0.49800488352775574","0.49800488352775574","0.49728548526763916","0.49728548526763916","0.49728548526763916","0.48235535621643066","0.48235535621643066","0.48235535621643066","0.48431652784347534","0.48431652784347534","0.48431652784347534"
"20500","0.5005797743797302","0.5005797743797302","0.5005797743797302","0.4786970615386963","0.4786970615386963","0.4786970615386963","0.49987927079200745","0.49987927079200745","0.49987927079200745","0.4813835918903351","0.4813835918903351","0.4813835918903351","0.4999816119670868","0.4999816119670868","0.4999816119670868","0.48165443539619446","0.48165443539619446","0.48165443539619446","0.49816372990608215","0.49816372990608215","0.49816372990608215","0.49736037850379944","0.49736037850379944","0.49736037850379944","0.4835723042488098","0.4835723042488098","0.4835723042488098","0.4829460084438324","0.4829460084438324","0.4829460084438324"
"20600","0.49756163358688354","0.49756163358688354","0.49756163358688354","0.480724573135376","0.480724573135376","0.480724573135376","0.4977603554725647","0.4977603554725647","0.4977603554725647","0.47958752512931824","0.47958752512931824","0.47958752512931824","0.4986360967159271","0.4986360967159271","0.4986360967159271","0.4787702262401581","0.4787702262401581","0.4787702262401581","0.49822482466697693","0.49822482466697693","0.49822482466697693","0.49811434745788574","0.49811434745788574","0.49811434745788574","0.4792414605617523","0.4792414605617523","0.4792414605617523","0.4810769557952881","0.4810769557952881","0.4810769557952881"
"20700","0.497776597738266","0.497776597738266","0.497776597738266","0.48138678073883057","0.48138678073883057","0.48138678073883057","0.4985080063343048","0.4985080063343048","0.4985080063343048","0.4815855026245117","0.4815855026245117","0.4815855026245117","0.4962937831878662","0.4962937831878662","0.4962937831878662","0.48107200860977173","0.48107200860977173","0.48107200860977173","0.4969894289970398","0.4969894289970398","0.4969894289970398","0.49964725971221924","0.49964725971221924","0.49964725971221924","0.48195305466651917","0.48195305466651917","0.48195305466651917","0.48054981231689453","0.48054981231689453","0.48054981231689453"
"20800","0.4955044090747833","0.4955044090747833","0.4955044090747833","0.4795931577682495","0.4795931577682495","0.4795931577682495","0.5001060366630554","0.5001060366630554","0.5001060366630554","0.4817203879356384","0.4817203879356384","0.4817203879356384","0.4989892244338989","0.4989892244338989","0.4989892244338989","0.4812068045139313","0.4812068045139313","0.4812068045139313","0.4942629635334015","0.4942629635334015","0.4942629635334015","0.49705755710601807","0.49705755710601807","0.49705755710601807","0.48146334290504456","0.48146334290504456","0.48146334290504456","0.4819002151489258","0.4819002151489258","0.4819002151489258"
"20900","0.5003467798233032","0.5003467798233032","0.5003467798233032","0.4822641611099243","0.4822641611099243","0.4822641611099243","0.49973633885383606","0.49973633885383606","0.49973633885383606","0.47947919368743896","0.47947919368743896","0.47947919368743896","0.4999277591705322","0.4999277591705322","0.4999277591705322","0.48199790716171265","0.48199790716171265","0.48199790716171265","0.5006277561187744","0.5006277561187744","0.5006277561187744","0.49888184666633606","0.49888184666633606","0.49888184666633606","0.48048126697540283","0.48048126697540283","0.48048126697540283","0.4811508059501648","0.4811508059501648","0.4811508059501648"
"21000","0.49629446864128113","0.49629446864128113","0.49629446864128113","0.48014751076698303","0.48014751076698303","0.48014751076698303","0.49620068073272705","0.49620068073272705","0.49620068073272705","0.47975853085517883","0.47975853085517883","0.47975853085517883","0.4996558129787445","0.4996558129787445","0.4996558129787445","0.4807887673377991","0.4807887673377991","0.4807887673377991","0.49450477957725525","0.49450477957725525","0.49450477957725525","0.4997611343860626","0.4997611343860626","0.4997611343860626","0.4792763590812683","0.4792763590812683","0.4792763590812683","0.4802781939506531","0.4802781939506531","0.4802781939506531"
"21100","0.4972964823246002","0.4972964823246002","0.4972964823246002","0.47839364409446716","0.47839364409446716","0.47839364409446716","0.49574601650238037","0.49574601650238037","0.49574601650238037","0.477990061044693","0.477990061044693","0.477990061044693","0.49797141551971436","0.49797141551971436","0.49797141551971436","0.47848060727119446","0.47848060727119446","0.47848060727119446","0.4964572787284851","0.4964572787284851","0.4964572787284851","0.4981130361557007","0.4981130361557007","0.4981130361557007","0.47956809401512146","0.47956809401512146","0.47956809401512146","0.47871696949005127","0.47871696949005127","0.47871696949005127"
"21200","0.49899590015411377","0.49899590015411377","0.49899590015411377","0.4819190204143524","0.4819190204143524","0.4819190204143524","0.49628201127052307","0.49628201127052307","0.49628201127052307","0.48068469762802124","0.48068469762802124","0.48068469762802124","0.5006327033042908","0.5006327033042908","0.5006327033042908","0.47857430577278137","0.47857430577278137","0.47857430577278137","0.5004280805587769","0.5004280805587769","0.5004280805587769","0.4958813488483429","0.4958813488483429","0.4958813488483429","0.48121875524520874","0.48121875524520874","0.48121875524520874","0.48066866397857666","0.48066866397857666","0.48066866397857666"
"21300","0.49565589427948","0.49565589427948","0.49565589427948","0.4803154468536377","0.4803154468536377","0.4803154468536377","0.4970966577529907","0.4970966577529907","0.4970966577529907","0.47965049743652344","0.47965049743652344","0.47965049743652344","0.4986189305782318","0.4986189305782318","0.4986189305782318","0.47969189286231995","0.47969189286231995","0.47969189286231995","0.4997779428958893","0.4997779428958893","0.4997779428958893","0.49736660718917847","0.49736660718917847","0.49736660718917847","0.48144978284835815","0.48144978284835815","0.48144978284835815","0.4806390702724457","0.4806390702724457","0.4806390702724457"
"21400","0.4993651211261749","0.4993651211261749","0.4993651211261749","0.4825555086135864","0.4825555086135864","0.4825555086135864","0.496992826461792","0.496992826461792","0.496992826461792","0.47857901453971863","0.47857901453971863","0.47857901453971863","0.4982356131076813","0.4982356131076813","0.4982356131076813","0.47948724031448364","0.47948724031448364","0.47948724031448364","0.500211238861084","0.500211238861084","0.500211238861084","0.4987640678882599","0.4987640678882599","0.4987640678882599","0.4805036783218384","0.4805036783218384","0.4805036783218384","0.47995972633361816","0.47995972633361816","0.47995972633361816"
"21500","0.5015619397163391","0.5015619397163391","0.5015619397163391","0.4809354841709137","0.4809354841709137","0.4809354841709137","0.49757370352745056","0.49757370352745056","0.49757370352745056","0.478981614112854","0.478981614112854","0.478981614112854","0.4978545010089874","0.4978545010089874","0.4978545010089874","0.4807184934616089","0.4807184934616089","0.4807184934616089","0.4981110394001007","0.4981110394001007","0.4981110394001007","0.4954850375652313","0.4954850375652313","0.4954850375652313","0.48275870084762573","0.48275870084762573","0.48275870084762573","0.48046380281448364","0.48046380281448364","0.48046380281448364"
"21600","0.4966129660606384","0.4966129660606384","0.4966129660606384","0.4796110987663269","0.4796110987663269","0.4796110987663269","0.4983920753002167","0.4983920753002167","0.4983920753002167","0.47885623574256897","0.47885623574256897","0.47885623574256897","0.4987630546092987","0.4987630546092987","0.4987630546092987","0.4798334538936615","0.4798334538936615","0.4798334538936615","0.4963473975658417","0.4963473975658417","0.4963473975658417","0.5018080472946167","0.5018080472946167","0.5018080472946167","0.4814537465572357","0.4814537465572357","0.4814537465572357","0.4789779782295227","0.4789779782295227","0.4789779782295227"
"21700","0.49833717942237854","0.49833717942237854","0.49833717942237854","0.4811525046825409","0.4811525046825409","0.4811525046825409","0.4973682463169098","0.4973682463169098","0.4973682463169098","0.4800403118133545","0.4800403118133545","0.4800403118133545","0.4965844750404358","0.4965844750404358","0.4965844750404358","0.48176929354667664","0.48176929354667664","0.48176929354667664","0.4978756308555603","0.4978756308555603","0.4978756308555603","0.4969530403614044","0.4969530403614044","0.4969530403614044","0.48006802797317505","0.48006802797317505","0.48006802797317505","0.47935640811920166","0.47935640811920166","0.47935640811920166"
"21800","0.49778082966804504","0.49778082966804504","0.49778082966804504","0.479514479637146","0.479514479637146","0.479514479637146","0.5004677772521973","0.5004677772521973","0.5004677772521973","0.4807790517807007","0.4807790517807007","0.4807790517807007","0.4971081614494324","0.4971081614494324","0.4971081614494324","0.48113006353378296","0.48113006353378296","0.48113006353378296","0.4999111592769623","0.4999111592769623","0.4999111592769623","0.4956144094467163","0.4956144094467163","0.4956144094467163","0.4799672067165375","0.4799672067165375","0.4799672067165375","0.4811898469924927","0.4811898469924927","0.4811898469924927"
"21900","0.49956169724464417","0.49956169724464417","0.49956169724464417","0.4802906811237335","0.4802906811237335","0.4802906811237335","0.49468567967414856","0.49468567967414856","0.49468567967414856","0.4802364706993103","0.4802364706993103","0.4802364706993103","0.49763190746307373","0.49763190746307373","0.49763190746307373","0.478403240442276","0.478403240442276","0.478403240442276","0.5015711784362793","0.5015711784362793","0.5015711784362793","0.49979662895202637","0.49979662895202637","0.49979662895202637","0.4797278344631195","0.4797278344631195","0.4797278344631195","0.4797907769680023","0.4797907769680023","0.4797907769680023"
"22000","0.49453532695770264","0.49453532695770264","0.49453532695770264","0.48093903064727783","0.48093903064727783","0.48093903064727783","0.49701687693595886","0.49701687693595886","0.49701687693595886","0.4814756512641907","0.4814756512641907","0.4814756512641907","0.49816444516181946","0.49816444516181946","0.49816444516181946","0.47733402252197266","0.47733402252197266","0.47733402252197266","0.49998024106025696","0.49998024106025696","0.49998024106025696","0.49770665168762207","0.49770665168762207","0.49770665168762207","0.4797531068325043","0.4797531068325043","0.4797531068325043","0.4809463918209076","0.4809463918209076","0.4809463918209076"
"22100","0.4979873597621918","0.4979873597621918","0.4979873597621918","0.4801096022129059","0.4801096022129059","0.4801096022129059","0.49665576219558716","0.49665576219558716","0.49665576219558716","0.4811292588710785","0.4811292588710785","0.4811292588710785","0.4970240890979767","0.4970240890979767","0.4970240890979767","0.4787113666534424","0.4787113666534424","0.4787113666534424","0.49861231446266174","0.49861231446266174","0.49861231446266174","0.4983776807785034","0.4983776807785034","0.4983776807785034","0.47866085171699524","0.47866085171699524","0.47866085171699524","0.4821225702762604","0.4821225702762604","0.4821225702762604"
"22200","0.49892890453338623","0.49892890453338623","0.49892890453338623","0.48181551694869995","0.48181551694869995","0.48181551694869995","0.49757516384124756","0.49757516384124756","0.49757516384124756","0.4804764986038208","0.4804764986038208","0.4804764986038208","0.49758872389793396","0.49758872389793396","0.49758872389793396","0.47937941551208496","0.47937941551208496","0.47937941551208496","0.4978037178516388","0.4978037178516388","0.4978037178516388","0.49645164608955383","0.49645164608955383","0.49645164608955383","0.47992226481437683","0.47992226481437683","0.47992226481437683","0.47959426045417786","0.47959426045417786","0.47959426045417786"
"22300","0.497394859790802","0.497394859790802","0.497394859790802","0.4795764684677124","0.4795764684677124","0.4795764684677124","0.4951336681842804","0.4951336681842804","0.4951336681842804","0.4802495241165161","0.4802495241165161","0.4802495241165161","0.4961056411266327","0.4961056411266327","0.4961056411266327","0.47839003801345825","0.47839003801345825","0.47839003801345825","0.49669212102890015","0.49669212102890015","0.49669212102890015","0.49741870164871216","0.49741870164871216","0.49741870164871216","0.47884464263916016","0.47884464263916016","0.47884464263916016","0.4793402850627899","0.4793402850627899","0.4793402850627899"
"22400","0.4948023557662964","0.4948023557662964","0.4948023557662964","0.4807334542274475","0.4807334542274475","0.4807334542274475","0.49701762199401855","0.49701762199401855","0.49701762199401855","0.4776844382286072","0.4776844382286072","0.4776844382286072","0.49780765175819397","0.49780765175819397","0.49780765175819397","0.4776993989944458","0.4776993989944458","0.4776993989944458","0.49512654542922974","0.49512654542922974","0.49512654542922974","0.4954437017440796","0.4954437017440796","0.4954437017440796","0.48171746730804443","0.48171746730804443","0.48171746730804443","0.48135077953338623","0.48135077953338623","0.48135077953338623"
"22500","0.4979742765426636","0.4979742765426636","0.4979742765426636","0.48090291023254395","0.48090291023254395","0.48090291023254395","0.4976164698600769","0.4976164698600769","0.4976164698600769","0.480103075504303","0.480103075504303","0.480103075504303","0.49671074748039246","0.49671074748039246","0.49671074748039246","0.4794325530529022","0.4794325530529022","0.4794325530529022","0.49568817019462585","0.49568817019462585","0.49568817019462585","0.4948471784591675","0.4948471784591675","0.4948471784591675","0.4800342321395874","0.4800342321395874","0.4800342321395874","0.479742169380188","0.479742169380188","0.479742169380188"
"22600","0.4954063296318054","0.4954063296318054","0.4954063296318054","0.48123684525489807","0.48123684525489807","0.48123684525489807","0.4975000321865082","0.4975000321865082","0.4975000321865082","0.4793861508369446","0.4793861508369446","0.4793861508369446","0.49834033846855164","0.49834033846855164","0.49834033846855164","0.47885748744010925","0.47885748744010925","0.47885748744010925","0.49669215083122253","0.49669215083122253","0.49669215083122253","0.4974772334098816","0.4974772334098816","0.4974772334098816","0.47801339626312256","0.47801339626312256","0.47801339626312256","0.48033207654953003","0.48033207654953003","0.48033207654953003"
"22700","0.4985944330692291","0.4985944330692291","0.4985944330692291","0.4806194007396698","0.4806194007396698","0.4806194007396698","0.49789875745773315","0.49789875745773315","0.49789875745773315","0.47851279377937317","0.47851279377937317","0.47851279377937317","0.49553489685058594","0.49553489685058594","0.49553489685058594","0.4797086715698242","0.4797086715698242","0.4797086715698242","0.49901339411735535","0.49901339411735535","0.49901339411735535","0.4999230206012726","0.4999230206012726","0.4999230206012726","0.4789170026779175","0.4789170026779175","0.4789170026779175","0.47958382964134216","0.47958382964134216","0.47958382964134216"
"22800","0.49768275022506714","0.49768275022506714","0.49768275022506714","0.4782147705554962","0.4782147705554962","0.4782147705554962","0.4966762959957123","0.4966762959957123","0.4966762959957123","0.47885358333587646","0.47885358333587646","0.47885358333587646","0.4972466230392456","0.4972466230392456","0.4972466230392456","0.47925129532814026","0.47925129532814026","0.47925129532814026","0.4965031147003174","0.4965031147003174","0.4965031147003174","0.4989972710609436","0.4989972710609436","0.4989972710609436","0.47845742106437683","0.47845742106437683","0.47845742106437683","0.47812309861183167","0.47812309861183167","0.47812309861183167"
"22900","0.4961388111114502","0.4961388111114502","0.4961388111114502","0.48096805810928345","0.48096805810928345","0.48096805810928345","0.4960419535636902","0.4960419535636902","0.4960419535636902","0.47920048236846924","0.47920048236846924","0.47920048236846924","0.49725085496902466","0.49725085496902466","0.49725085496902466","0.4794835150241852","0.4794835150241852","0.4794835150241852","0.49629417061805725","0.49629417061805725","0.49629417061805725","0.4993373453617096","0.4993373453617096","0.4993373453617096","0.47978416085243225","0.47978416085243225","0.47978416085243225","0.47820258140563965","0.47820258140563965","0.47820258140563965"
"23000","0.4950023889541626","0.4950023889541626","0.4950023889541626","0.47812479734420776","0.47812479734420776","0.47812479734420776","0.4972575902938843","0.4972575902938843","0.4972575902938843","0.4803540110588074","0.4803540110588074","0.4803540110588074","0.49575275182724","0.49575275182724","0.49575275182724","0.4791916012763977","0.4791916012763977","0.4791916012763977","0.4977571964263916","0.4977571964263916","0.4977571964263916","0.4977226257324219","0.4977226257324219","0.4977226257324219","0.48045238852500916","0.48045238852500916","0.48045238852500916","0.47902676463127136","0.47902676463127136","0.47902676463127136"
"23100","0.4943716824054718","0.4943716824054718","0.4943716824054718","0.47944876551628113","0.47944876551628113","0.47944876551628113","0.49865028262138367","0.49865028262138367","0.49865028262138367","0.4790678918361664","0.4790678918361664","0.4790678918361664","0.4987332224845886","0.4987332224845886","0.4987332224845886","0.4795311689376831","0.4795311689376831","0.4795311689376831","0.4960583448410034","0.4960583448410034","0.4960583448410034","0.4992024898529053","0.4992024898529053","0.4992024898529053","0.47626060247421265","0.47626060247421265","0.47626060247421265","0.4788097143173218","0.4788097143173218","0.4788097143173218"
"23200","0.49536940455436707","0.49536940455436707","0.49536940455436707","0.48110657930374146","0.48110657930374146","0.48110657930374146","0.4965123236179352","0.4965123236179352","0.4965123236179352","0.47944414615631104","0.47944414615631104","0.47944414615631104","0.4973269999027252","0.4973269999027252","0.4973269999027252","0.4795187711715698","0.4795187711715698","0.4795187711715698","0.5013953447341919","0.5013953447341919","0.5013953447341919","0.4985309839248657","0.4985309839248657","0.4985309839248657","0.47853660583496094","0.47853660583496094","0.47853660583496094","0.48003846406936646","0.48003846406936646","0.48003846406936646"
"23300","0.49379289150238037","0.49379289150238037","0.49379289150238037","0.4800702631473541","0.4800702631473541","0.4800702631473541","0.5001863837242126","0.5001863837242126","0.5001863837242126","0.480448454618454","0.480448454618454","0.480448454618454","0.49578192830085754","0.49578192830085754","0.49578192830085754","0.4786984920501709","0.4786984920501709","0.4786984920501709","0.495979905128479","0.495979905128479","0.495979905128479","0.49552926421165466","0.49552926421165466","0.49552926421165466","0.47770941257476807","0.47770941257476807","0.47770941257476807","0.4816247224807739","0.4816247224807739","0.4816247224807739"
"23400","0.49492213129997253","0.49492213129997253","0.49492213129997253","0.4807855486869812","0.4807855486869812","0.4807855486869812","0.4975679814815521","0.4975679814815521","0.4975679814815521","0.47879448533058167","0.47879448533058167","0.47879448533058167","0.49614742398262024","0.49614742398262024","0.49614742398262024","0.47898152470588684","0.47898152470588684","0.47898152470588684","0.49884459376335144","0.49884459376335144","0.49884459376335144","0.4970952570438385","0.4970952570438385","0.4970952570438385","0.4778163433074951","0.4778163433074951","0.4778163433074951","0.4795725345611572","0.4795725345611572","0.4795725345611572"
"23500","0.49604201316833496","0.49604201316833496","0.49604201316833496","0.4795099198818207","0.4795099198818207","0.4795099198818207","0.49835941195487976","0.49835941195487976","0.49835941195487976","0.4787338972091675","0.4787338972091675","0.4787338972091675","0.4996795654296875","0.4996795654296875","0.4996795654296875","0.4791322350502014","0.4791322350502014","0.4791322350502014","0.4964810609817505","0.4964810609817505","0.4964810609817505","0.49513357877731323","0.49513357877731323","0.49513357877731323","0.47890591621398926","0.47890591621398926","0.47890591621398926","0.4784803092479706","0.4784803092479706","0.4784803092479706"
"23600","0.5003904700279236","0.5003904700279236","0.5003904700279236","0.4792134761810303","0.4792134761810303","0.4792134761810303","0.495385080575943","0.495385080575943","0.495385080575943","0.48029014468193054","0.48029014468193054","0.48029014468193054","0.4944777190685272","0.4944777190685272","0.4944777190685272","0.47841179370880127","0.47841179370880127","0.47841179370880127","0.4939027726650238","0.4939027726650238","0.4939027726650238","0.49549686908721924","0.49549686908721924","0.49549686908721924","0.47891998291015625","0.47891998291015625","0.47891998291015625","0.47841140627861023","0.47841140627861023","0.47841140627861023"
"23700","0.49576109647750854","0.49576109647750854","0.49576109647750854","0.4795271158218384","0.4795271158218384","0.4795271158218384","0.49824705719947815","0.49824705719947815","0.49824705719947815","0.47923290729522705","0.47923290729522705","0.47923290729522705","0.49538204073905945","0.49538204073905945","0.49538204073905945","0.478479266166687","0.478479266166687","0.478479266166687","0.4967348873615265","0.4967348873615265","0.4967348873615265","0.49778831005096436","0.49778831005096436","0.49778831005096436","0.48020389676094055","0.48020389676094055","0.48020389676094055","0.4783390760421753","0.4783390760421753","0.4783390760421753"
"23800","0.4970734417438507","0.4970734417438507","0.4970734417438507","0.4796583950519562","0.4796583950519562","0.4796583950519562","0.4969882071018219","0.4969882071018219","0.4969882071018219","0.4793676435947418","0.4793676435947418","0.4793676435947418","0.49811771512031555","0.49811771512031555","0.49811771512031555","0.4794166088104248","0.4794166088104248","0.4794166088104248","0.4966326057910919","0.4966326057910919","0.4966326057910919","0.49654731154441833","0.49654731154441833","0.49654731154441833","0.4787307679653168","0.4787307679653168","0.4787307679653168","0.47789424657821655","0.47789424657821655","0.47789424657821655"
"23900","0.497222363948822","0.497222363948822","0.497222363948822","0.4790678322315216","0.4790678322315216","0.4790678322315216","0.49714386463165283","0.49714386463165283","0.49714386463165283","0.4798271059989929","0.4798271059989929","0.4798271059989929","0.49525904655456543","0.49525904655456543","0.49525904655456543","0.479152113199234","0.479152113199234","0.479152113199234","0.4993675947189331","0.4993675947189331","0.4993675947189331","0.49871376156806946","0.49871376156806946","0.49871376156806946","0.4798446595668793","0.4798446595668793","0.4798446595668793","0.47850731015205383","0.47850731015205383","0.47850731015205383"
"24000","0.4972628057003021","0.4972628057003021","0.4972628057003021","0.47956138849258423","0.47956138849258423","0.47956138849258423","0.4968941807746887","0.4968941807746887","0.4968941807746887","0.47850292921066284","0.47850292921066284","0.47850292921066284","0.4961627125740051","0.4961627125740051","0.4961627125740051","0.4789052903652191","0.4789052903652191","0.4789052903652191","0.4994138479232788","0.4994138479232788","0.4994138479232788","0.4974042773246765","0.4974042773246765","0.4974042773246765","0.47952520847320557","0.47952520847320557","0.47952520847320557","0.4799625873565674","0.4799625873565674","0.4799625873565674"
"24100","0.49539631605148315","0.49539631605148315","0.49539631605148315","0.4797522723674774","0.4797522723674774","0.4797522723674774","0.4963425397872925","0.4963425397872925","0.4963425397872925","0.477255642414093","0.477255642414093","0.477255642414093","0.4967464506626129","0.4967464506626129","0.4967464506626129","0.4807114899158478","0.4807114899158478","0.4807114899158478","0.4978839159011841","0.4978839159011841","0.4978839159011841","0.4977867603302002","0.4977867603302002","0.4977867603302002","0.47802096605300903","0.47802096605300903","0.47802096605300903","0.47939616441726685","0.47939616441726685","0.47939616441726685"
"24200","0.49422240257263184","0.49422240257263184","0.49422240257263184","0.4777803122997284","0.4777803122997284","0.4777803122997284","0.4990134537220001","0.4990134537220001","0.4990134537220001","0.47814372181892395","0.47814372181892395","0.47814372181892395","0.49478039145469666","0.49478039145469666","0.49478039145469666","0.48110103607177734","0.48110103607177734","0.48110103607177734","0.4958399832248688","0.4958399832248688","0.4958399832248688","0.4955538511276245","0.4955538511276245","0.4955538511276245","0.48018744587898254","0.48018744587898254","0.48018744587898254","0.4778901934623718","0.4778901934623718","0.4778901934623718"
"24300","0.49748778343200684","0.49748778343200684","0.49748778343200684","0.478586882352829","0.478586882352829","0.478586882352829","0.4949849247932434","0.4949849247932434","0.4949849247932434","0.4781268239021301","0.4781268239021301","0.4781268239021301","0.49863433837890625","0.49863433837890625","0.49863433837890625","0.4792449474334717","0.4792449474334717","0.4792449474334717","0.49601075053215027","0.49601075053215027","0.49601075053215027","0.4924778342247009","0.4924778342247009","0.4924778342247009","0.47822025418281555","0.47822025418281555","0.47822025418281555","0.47763770818710327","0.47763770818710327","0.47763770818710327"
"24400","0.49823078513145447","0.49823078513145447","0.49823078513145447","0.479559987783432","0.479559987783432","0.479559987783432","0.49762675166130066","0.49762675166130066","0.49762675166130066","0.4783165454864502","0.4783165454864502","0.4783165454864502","0.495759516954422","0.495759516954422","0.495759516954422","0.47923529148101807","0.47923529148101807","0.47923529148101807","0.49816787242889404","0.49816787242889404","0.49816787242889404","0.49744781851768494","0.49744781851768494","0.49744781851768494","0.47798630595207214","0.47798630595207214","0.47798630595207214","0.47969821095466614","0.47969821095466614","0.47969821095466614"
"24500","0.4995981454849243","0.4995981454849243","0.4995981454849243","0.48076415061950684","0.48076415061950684","0.48076415061950684","0.4963245093822479","0.4963245093822479","0.4963245093822479","0.47859686613082886","0.47859686613082886","0.47859686613082886","0.4961806833744049","0.4961806833744049","0.4961806833744049","0.4778112769126892","0.4778112769126892","0.4778112769126892","0.5001978278160095","0.5001978278160095","0.5001978278160095","0.4966932535171509","0.4966932535171509","0.4966932535171509","0.47937002778053284","0.47937002778053284","0.47937002778053284","0.4809364676475525","0.4809364676475525","0.4809364676475525"
"24600","0.49701640009880066","0.49701640009880066","0.49701640009880066","0.48175114393234253","0.48175114393234253","0.48175114393234253","0.49617376923561096","0.49617376923561096","0.49617376923561096","0.4780089855194092","0.4780089855194092","0.4780089855194092","0.49723613262176514","0.49723613262176514","0.49723613262176514","0.47929441928863525","0.47929441928863525","0.47929441928863525","0.4972327947616577","0.4972327947616577","0.4972327947616577","0.49633967876434326","0.49633967876434326","0.49633967876434326","0.47761547565460205","0.47761547565460205","0.47761547565460205","0.4785972535610199","0.4785972535610199","0.4785972535610199"
"24700","0.4991900622844696","0.4991900622844696","0.4991900622844696","0.4775455594062805","0.4775455594062805","0.4775455594062805","0.49746808409690857","0.49746808409690857","0.49746808409690857","0.4772396981716156","0.4772396981716156","0.4772396981716156","0.496938019990921","0.496938019990921","0.496938019990921","0.4788821041584015","0.4788821041584015","0.4788821041584015","0.4975603520870209","0.4975603520870209","0.4975603520870209","0.4976978003978729","0.4976978003978729","0.4976978003978729","0.4784044325351715","0.4784044325351715","0.4784044325351715","0.47867056727409363","0.47867056727409363","0.47867056727409363"
"24800","0.4969155192375183","0.4969155192375183","0.4969155192375183","0.4793507754802704","0.4793507754802704","0.4793507754802704","0.49502575397491455","0.49502575397491455","0.49502575397491455","0.47759753465652466","0.47759753465652466","0.47759753465652466","0.49833375215530396","0.49833375215530396","0.49833375215530396","0.4792255461215973","0.4792255461215973","0.4792255461215973","0.4952194094657898","0.4952194094657898","0.4952194094657898","0.5004099607467651","0.5004099607467651","0.5004099607467651","0.4788748621940613","0.4788748621940613","0.4788748621940613","0.4775068759918213","0.4775068759918213","0.4775068759918213"
"24900","0.4962669312953949","0.4962669312953949","0.4962669312953949","0.4781625270843506","0.4781625270843506","0.4781625270843506","0.49670249223709106","0.49670249223709106","0.49670249223709106","0.4793212413787842","0.4793212413787842","0.4793212413787842","0.4966913163661957","0.4966913163661957","0.4966913163661957","0.47852954268455505","0.47852954268455505","0.47852954268455505","0.5001826882362366","0.5001826882362366","0.5001826882362366","0.49436646699905396","0.49436646699905396","0.49436646699905396","0.4787079989910126","0.4787079989910126","0.4787079989910126","0.4777378439903259","0.4777378439903259","0.4777378439903259"
"25000","0.49426066875457764","0.49426066875457764","0.49426066875457764","0.47678887844085693","0.47678887844085693","0.47678887844085693","0.4958505928516388","0.4958505928516388","0.4958505928516388","0.4780905246734619","0.4780905246734619","0.4780905246734619","0.49613329768180847","0.49613329768180847","0.49613329768180847","0.4779217541217804","0.4779217541217804","0.4779217541217804","0.49603331089019775","0.49603331089019775","0.49603331089019775","0.4967055916786194","0.4967055916786194","0.4967055916786194","0.47823402285575867","0.47823402285575867","0.47823402285575867","0.4780142605304718","0.4780142605304718","0.4780142605304718"
"25100","0.49706488847732544","0.49706488847732544","0.49706488847732544","0.4783063530921936","0.4783063530921936","0.4783063530921936","0.4964101016521454","0.4964101016521454","0.4964101016521454","0.47711077332496643","0.47711077332496643","0.47711077332496643","0.49749064445495605","0.49749064445495605","0.49749064445495605","0.4777179956436157","0.4777179956436157","0.4777179956436157","0.49773308634757996","0.49773308634757996","0.49773308634757996","0.4976760447025299","0.4976760447025299","0.4976760447025299","0.4790613651275635","0.4790613651275635","0.4790613651275635","0.4785903990268707","0.4785903990268707","0.4785903990268707"
"25200","0.4964401125907898","0.4964401125907898","0.4964401125907898","0.47777843475341797","0.47777843475341797","0.47777843475341797","0.4968130886554718","0.4968130886554718","0.4968130886554718","0.47811567783355713","0.47811567783355713","0.47811567783355713","0.49794867634773254","0.49794867634773254","0.49794867634773254","0.4782235622406006","0.4782235622406006","0.4782235622406006","0.4986734390258789","0.4986734390258789","0.4986734390258789","0.4978049397468567","0.4978049397468567","0.4978049397468567","0.4794257879257202","0.4794257879257202","0.4794257879257202","0.47837334871292114","0.47837334871292114","0.47837334871292114"
"25300","0.4965686798095703","0.4965686798095703","0.4965686798095703","0.4779607355594635","0.4779607355594635","0.4779607355594635","0.494466632604599","0.494466632604599","0.494466632604599","0.47709664702415466","0.47709664702415466","0.47709664702415466","0.49611690640449524","0.49611690640449524","0.49611690640449524","0.4776270389556885","0.4776270389556885","0.4776270389556885","0.4960702657699585","0.4960702657699585","0.4960702657699585","0.4965327978134155","0.4965327978134155","0.4965327978134155","0.4766947627067566","0.4766947627067566","0.4766947627067566","0.47783663868904114","0.47783663868904114","0.47783663868904114"
"25400","0.49769437313079834","0.49769437313079834","0.49769437313079834","0.47877955436706543","0.47877955436706543","0.47877955436706543","0.49640971422195435","0.49640971422195435","0.49640971422195435","0.47713595628738403","0.47713595628738403","0.47713595628738403","0.49646487832069397","0.49646487832069397","0.49646487832069397","0.4782325327396393","0.4782325327396393","0.4782325327396393","0.4948793351650238","0.4948793351650238","0.4948793351650238","0.4972561299800873","0.4972561299800873","0.4972561299800873","0.4781438708305359","0.4781438708305359","0.4781438708305359","0.47831806540489197","0.47831806540489197","0.47831806540489197"
"25500","0.496010959148407","0.496010959148407","0.496010959148407","0.4792967736721039","0.4792967736721039","0.4792967736721039","0.4970296025276184","0.4970296025276184","0.4970296025276184","0.4780310094356537","0.4780310094356537","0.4780310094356537","0.49730709195137024","0.49730709195137024","0.49730709195137024","0.47659832239151","0.47659832239151","0.47659832239151","0.4967755377292633","0.4967755377292633","0.4967755377292633","0.4963756501674652","0.4963756501674652","0.4963756501674652","0.4773736298084259","0.4773736298084259","0.4773736298084259","0.47856277227401733","0.47856277227401733","0.47856277227401733"
"25600","0.49648216366767883","0.49648216366767883","0.49648216366767883","0.47865334153175354","0.47865334153175354","0.47865334153175354","0.49539658427238464","0.49539658427238464","0.49539658427238464","0.4778398871421814","0.4778398871421814","0.4778398871421814","0.49628573656082153","0.49628573656082153","0.49628573656082153","0.47636184096336365","0.47636184096336365","0.47636184096336365","0.49672266840934753","0.49672266840934753","0.49672266840934753","0.49719199538230896","0.49719199538230896","0.49719199538230896","0.478318989276886","0.478318989276886","0.478318989276886","0.47745198011398315","0.47745198011398315","0.47745198011398315"
"25700","0.4977343678474426","0.4977343678474426","0.4977343678474426","0.47782012820243835","0.47782012820243835","0.47782012820243835","0.4965382516384125","0.4965382516384125","0.4965382516384125","0.47838521003723145","0.47838521003723145","0.47838521003723145","0.4967716634273529","0.4967716634273529","0.4967716634273529","0.4773394763469696","0.4773394763469696","0.4773394763469696","0.496862530708313","0.496862530708313","0.496862530708313","0.49541136622428894","0.49541136622428894","0.49541136622428894","0.4783356189727783","0.4783356189727783","0.4783356189727783","0.4783557653427124","0.4783557653427124","0.4783557653427124"
"25800","0.4948708415031433","0.4948708415031433","0.4948708415031433","0.4788058400154114","0.4788058400154114","0.4788058400154114","0.49735161662101746","0.49735161662101746","0.49735161662101746","0.47782790660858154","0.47782790660858154","0.47782790660858154","0.4934963881969452","0.4934963881969452","0.4934963881969452","0.4785301983356476","0.4785301983356476","0.4785301983356476","0.4972943365573883","0.4972943365573883","0.4972943365573883","0.4980728030204773","0.4980728030204773","0.4980728030204773","0.47955435514450073","0.47955435514450073","0.47955435514450073","0.4777839183807373","0.4777839183807373","0.4777839183807373"
"25900","0.4974384009838104","0.4974384009838104","0.4974384009838104","0.4780927002429962","0.4780927002429962","0.4780927002429962","0.49827203154563904","0.49827203154563904","0.49827203154563904","0.4783148467540741","0.4783148467540741","0.4783148467540741","0.495926171541214","0.495926171541214","0.495926171541214","0.4780975580215454","0.4780975580215454","0.4780975580215454","0.4974938929080963","0.4974938929080963","0.4974938929080963","0.4954358637332916","0.4954358637332916","0.4954358637332916","0.4776732921600342","0.4776732921600342","0.4776732921600342","0.47806939482688904","0.47806939482688904","0.47806939482688904"
"26000","0.49549445509910583","0.49549445509910583","0.49549445509910583","0.477492094039917","0.477492094039917","0.477492094039917","0.4965626001358032","0.4965626001358032","0.4965626001358032","0.47794654965400696","0.47794654965400696","0.47794654965400696","0.49518758058547974","0.49518758058547974","0.49518758058547974","0.47718167304992676","0.47718167304992676","0.47718167304992676","0.4945296347141266","0.4945296347141266","0.4945296347141266","0.4970720708370209","0.4970720708370209","0.4970720708370209","0.4795584976673126","0.4795584976673126","0.4795584976673126","0.47810256481170654","0.47810256481170654","0.47810256481170654"
"26100","0.4980984032154083","0.4980984032154083","0.4980984032154083","0.4772704243659973","0.4772704243659973","0.4772704243659973","0.49644988775253296","0.49644988775253296","0.49644988775253296","0.47668948769569397","0.47668948769569397","0.47668948769569397","0.4950982928276062","0.4950982928276062","0.4950982928276062","0.47785264253616333","0.47785264253616333","0.47785264253616333","0.49588871002197266","0.49588871002197266","0.49588871002197266","0.49435701966285706","0.49435701966285706","0.49435701966285706","0.4782082438468933","0.4782082438468933","0.4782082438468933","0.47871947288513184","0.47871947288513184","0.47871947288513184"
"26200","0.5003496408462524","0.5003496408462524","0.5003496408462524","0.4795656204223633","0.4795656204223633","0.4795656204223633","0.4960096478462219","0.4960096478462219","0.4960096478462219","0.47748133540153503","0.47748133540153503","0.47748133540153503","0.4948809742927551","0.4948809742927551","0.4948809742927551","0.4769415259361267","0.4769415259361267","0.4769415259361267","0.49544551968574524","0.49544551968574524","0.49544551968574524","0.4971826672554016","0.4971826672554016","0.4971826672554016","0.47789502143859863","0.47789502143859863","0.47789502143859863","0.4780949056148529","0.4780949056148529","0.4780949056148529"
"26300","0.49597805738449097","0.49597805738449097","0.49597805738449097","0.47801363468170166","0.47801363468170166","0.47801363468170166","0.49643030762672424","0.49643030762672424","0.49643030762672424","0.47921231389045715","0.47921231389045715","0.47921231389045715","0.4945674240589142","0.4945674240589142","0.4945674240589142","0.47604748606681824","0.47604748606681824","0.47604748606681824","0.49491065740585327","0.49491065740585327","0.49491065740585327","0.4970834255218506","0.4970834255218506","0.4970834255218506","0.47779983282089233","0.47779983282089233","0.47779983282089233","0.47928547859191895","0.47928547859191895","0.47928547859191895"
"26400","0.496066689491272","0.496066689491272","0.496066689491272","0.4785863161087036","0.4785863161087036","0.4785863161087036","0.4964900612831116","0.4964900612831116","0.4964900612831116","0.4782915413379669","0.4782915413379669","0.4782915413379669","0.4968428313732147","0.4968428313732147","0.4968428313732147","0.477497398853302","0.477497398853302","0.477497398853302","0.49691036343574524","0.49691036343574524","0.49691036343574524","0.4978083670139313","0.4978083670139313","0.4978083670139313","0.47798529267311096","0.47798529267311096","0.47798529267311096","0.47714993357658386","0.47714993357658386","0.47714993357658386"
"26500","0.4954465627670288","0.4954465627670288","0.4954465627670288","0.47908690571784973","0.47908690571784973","0.47908690571784973","0.49616891145706177","0.49616891145706177","0.49616891145706177","0.47772419452667236","0.47772419452667236","0.47772419452667236","0.4961766302585602","0.4961766302585602","0.4961766302585602","0.47764527797698975","0.47764527797698975","0.47764527797698975","0.496952086687088","0.496952086687088","0.496952086687088","0.49584728479385376","0.49584728479385376","0.49584728479385376","0.4788025915622711","0.4788025915622711","0.4788025915622711","0.4784766733646393","0.4784766733646393","0.4784766733646393"
"26600","0.4963241219520569","0.4963241219520569","0.4963241219520569","0.47607213258743286","0.47607213258743286","0.47607213258743286","0.4961106777191162","0.4961106777191162","0.4961106777191162","0.47827649116516113","0.47827649116516113","0.47827649116516113","0.49723437428474426","0.49723437428474426","0.49723437428474426","0.4783381521701813","0.4783381521701813","0.4783381521701813","0.49434521794319153","0.49434521794319153","0.49434521794319153","0.49398067593574524","0.49398067593574524","0.49398067593574524","0.474127858877182","0.474127858877182","0.474127858877182","0.4776040017604828","0.4776040017604828","0.4776040017604828"
"26700","0.4966559112071991","0.4966559112071991","0.4966559112071991","0.4781922399997711","0.4781922399997711","0.4781922399997711","0.49794724583625793","0.49794724583625793","0.49794724583625793","0.4776204824447632","0.4776204824447632","0.4776204824447632","0.4957197606563568","0.4957197606563568","0.4957197606563568","0.47765377163887024","0.47765377163887024","0.47765377163887024","0.49529603123664856","0.49529603123664856","0.49529603123664856","0.4964132010936737","0.4964132010936737","0.4964132010936737","0.4789782464504242","0.4789782464504242","0.4789782464504242","0.47809940576553345","0.47809940576553345","0.47809940576553345"
"26800","0.4955810308456421","0.4955810308456421","0.4955810308456421","0.47829845547676086","0.47829845547676086","0.47829845547676086","0.4948406517505646","0.4948406517505646","0.4948406517505646","0.47660568356513977","0.47660568356513977","0.47660568356513977","0.4945039451122284","0.4945039451122284","0.4945039451122284","0.47677186131477356","0.47677186131477356","0.47677186131477356","0.4943050742149353","0.4943050742149353","0.4943050742149353","0.496311753988266","0.496311753988266","0.496311753988266","0.4770713448524475","0.4770713448524475","0.4770713448524475","0.47913044691085815","0.47913044691085815","0.47913044691085815"
"26900","0.49461445212364197","0.49461445212364197","0.49461445212364197","0.4767382740974426","0.4767382740974426","0.4767382740974426","0.4960423707962036","0.4960423707962036","0.4960423707962036","0.4781814515590668","0.4781814515590668","0.4781814515590668","0.4940216839313507","0.4940216839313507","0.4940216839313507","0.4766821265220642","0.4766821265220642","0.4766821265220642","0.49501991271972656","0.49501991271972656","0.49501991271972656","0.49553585052490234","0.49553585052490234","0.49553585052490234","0.47764673829078674","0.47764673829078674","0.47764673829078674","0.4770664870738983","0.4770664870738983","0.4770664870738983"
"27000","0.4952007532119751","0.4952007532119751","0.4952007532119751","0.47730666399002075","0.47730666399002075","0.47730666399002075","0.4974937438964844","0.4974937438964844","0.4974937438964844","0.4768073260784149","0.4768073260784149","0.4768073260784149","0.4958249032497406","0.4958249032497406","0.4958249032497406","0.4761113226413727","0.4761113226413727","0.4761113226413727","0.4966835081577301","0.4966835081577301","0.4966835081577301","0.4955454170703888","0.4955454170703888","0.4955454170703888","0.4770650863647461","0.4770650863647461","0.4770650863647461","0.4776521921157837","0.4776521921157837","0.4776521921157837"
"27100","0.49683934450149536","0.49683934450149536","0.49683934450149536","0.4781927466392517","0.4781927466392517","0.4781927466392517","0.49522972106933594","0.49522972106933594","0.49522972106933594","0.4755452275276184","0.4755452275276184","0.4755452275276184","0.49490243196487427","0.49490243196487427","0.49490243196487427","0.47684869170188904","0.47684869170188904","0.47684869170188904","0.49373066425323486","0.49373066425323486","0.49373066425323486","0.49579185247421265","0.49579185247421265","0.49579185247421265","0.47755393385887146","0.47755393385887146","0.47755393385887146","0.47761115431785583","0.47761115431785583","0.47761115431785583"
"27200","0.4940272569656372","0.4940272569656372","0.4940272569656372","0.47761261463165283","0.47761261463165283","0.47761261463165283","0.49690958857536316","0.49690958857536316","0.49690958857536316","0.47628501057624817","0.47628501057624817","0.47628501057624817","0.49394190311431885","0.49394190311431885","0.49394190311431885","0.4777422249317169","0.4777422249317169","0.4777422249317169","0.495931476354599","0.495931476354599","0.495931476354599","0.4978454113006592","0.4978454113006592","0.4978454113006592","0.4769730269908905","0.4769730269908905","0.4769730269908905","0.4776126444339752","0.4776126444339752","0.4776126444339752"
"27300","0.495479017496109","0.495479017496109","0.495479017496109","0.47690677642822266","0.47690677642822266","0.47690677642822266","0.4962214231491089","0.4962214231491089","0.4962214231491089","0.478547066450119","0.478547066450119","0.478547066450119","0.4948638677597046","0.4948638677597046","0.4948638677597046","0.47567635774612427","0.47567635774612427","0.47567635774612427","0.4988451302051544","0.4988451302051544","0.4988451302051544","0.49755167961120605","0.49755167961120605","0.49755167961120605","0.47758251428604126","0.47758251428604126","0.47758251428604126","0.476196825504303","0.476196825504303","0.476196825504303"
"27400","0.494811087846756","0.494811087846756","0.494811087846756","0.4762514531612396","0.4762514531612396","0.4762514531612396","0.4960559606552124","0.4960559606552124","0.4960559606552124","0.4759947657585144","0.4759947657585144","0.4759947657585144","0.4943005442619324","0.4943005442619324","0.4943005442619324","0.4769551455974579","0.4769551455974579","0.4769551455974579","0.49488309025764465","0.49488309025764465","0.49488309025764465","0.4951966106891632","0.4951966106891632","0.4951966106891632","0.477230429649353","0.477230429649353","0.477230429649353","0.47804751992225647","0.47804751992225647","0.47804751992225647"
"27500","0.4951778054237366","0.4951778054237366","0.4951778054237366","0.47650155425071716","0.47650155425071716","0.47650155425071716","0.49547040462493896","0.49547040462493896","0.49547040462493896","0.477893590927124","0.477893590927124","0.477893590927124","0.4979971647262573","0.4979971647262573","0.4979971647262573","0.47732746601104736","0.47732746601104736","0.47732746601104736","0.4973953366279602","0.4973953366279602","0.4973953366279602","0.4977719783782959","0.4977719783782959","0.4977719783782959","0.4776389002799988","0.4776389002799988","0.4776389002799988","0.4776339828968048","0.4776339828968048","0.4776339828968048"
"27600","0.4964289367198944","0.4964289367198944","0.4964289367198944","0.47748416662216187","0.47748416662216187","0.47748416662216187","0.4960811138153076","0.4960811138153076","0.4960811138153076","0.4784203767776489","0.4784203767776489","0.4784203767776489","0.49495598673820496","0.49495598673820496","0.49495598673820496","0.4756891131401062","0.4756891131401062","0.4756891131401062","0.4962603747844696","0.4962603747844696","0.4962603747844696","0.49652382731437683","0.49652382731437683","0.49652382731437683","0.4771725535392761","0.4771725535392761","0.4771725535392761","0.4786813259124756","0.4786813259124756","0.4786813259124756"
"27700","0.49495598673820496","0.49495598673820496","0.49495598673820496","0.4787267744541168","0.4787267744541168","0.4787267744541168","0.4956127405166626","0.4956127405166626","0.4956127405166626","0.4761853516101837","0.4761853516101837","0.4761853516101837","0.4966847896575928","0.4966847896575928","0.4966847896575928","0.4754800498485565","0.4754800498485565","0.4754800498485565","0.4966773986816406","0.4966773986816406","0.4966773986816406","0.4955627918243408","0.4955627918243408","0.4955627918243408","0.4777035415172577","0.4777035415172577","0.4777035415172577","0.47860953211784363","0.47860953211784363","0.47860953211784363"
"27800","0.4978238642215729","0.4978238642215729","0.4978238642215729","0.47843992710113525","0.47843992710113525","0.47843992710113525","0.4943704307079315","0.4943704307079315","0.4943704307079315","0.4764634370803833","0.4764634370803833","0.4764634370803833","0.49265968799591064","0.49265968799591064","0.49265968799591064","0.47699904441833496","0.47699904441833496","0.47699904441833496","0.4951879382133484","0.4951879382133484","0.4951879382133484","0.49612271785736084","0.49612271785736084","0.49612271785736084","0.47663673758506775","0.47663673758506775","0.47663673758506775","0.4767051041126251","0.4767051041126251","0.4767051041126251"
"27900","0.49515169858932495","0.49515169858932495","0.49515169858932495","0.478922039270401","0.478922039270401","0.478922039270401","0.49613940715789795","0.49613940715789795","0.49613940715789795","0.47831210494041443","0.47831210494041443","0.47831210494041443","0.49281245470046997","0.49281245470046997","0.49281245470046997","0.4774792194366455","0.4774792194366455","0.4774792194366455","0.4954485297203064","0.4954485297203064","0.4954485297203064","0.4947494864463806","0.4947494864463806","0.4947494864463806","0.47714290022850037","0.47714290022850037","0.47714290022850037","0.4766954481601715","0.4766954481601715","0.4766954481601715"
"28000","0.4957261383533478","0.4957261383533478","0.4957261383533478","0.4772307872772217","0.4772307872772217","0.4772307872772217","0.49687421321868896","0.49687421321868896","0.49687421321868896","0.4776366949081421","0.4776366949081421","0.4776366949081421","0.4973192512989044","0.4973192512989044","0.4973192512989044","0.4758906662464142","0.4758906662464142","0.4758906662464142","0.49431103467941284","0.49431103467941284","0.49431103467941284","0.4952452480792999","0.4952452480792999","0.4952452480792999","0.4759432077407837","0.4759432077407837","0.4759432077407837","0.47787362337112427","0.47787362337112427","0.47787362337112427"
"28100","0.49578678607940674","0.49578678607940674","0.49578678607940674","0.47704070806503296","0.47704070806503296","0.47704070806503296","0.4945727288722992","0.4945727288722992","0.4945727288722992","0.477218896150589","0.477218896150589","0.477218896150589","0.4958777129650116","0.4958777129650116","0.4958777129650116","0.4765372574329376","0.4765372574329376","0.4765372574329376","0.4939126670360565","0.4939126670360565","0.4939126670360565","0.49626824259757996","0.49626824259757996","0.49626824259757996","0.4765993356704712","0.4765993356704712","0.4765993356704712","0.47780442237854004","0.47780442237854004","0.47780442237854004"
"28200","0.4951719045639038","0.4951719045639038","0.4951719045639038","0.475635826587677","0.475635826587677","0.475635826587677","0.4956384003162384","0.4956384003162384","0.4956384003162384","0.4783572852611542","0.4783572852611542","0.4783572852611542","0.49638649821281433","0.49638649821281433","0.49638649821281433","0.475681334733963","0.475681334733963","0.475681334733963","0.4961792230606079","0.4961792230606079","0.4961792230606079","0.49806132912635803","0.49806132912635803","0.49806132912635803","0.47872477769851685","0.47872477769851685","0.47872477769851685","0.47904133796691895","0.47904133796691895","0.47904133796691895"
"28300","0.49570345878601074","0.49570345878601074","0.49570345878601074","0.4770645201206207","0.4770645201206207","0.4770645201206207","0.49473658204078674","0.49473658204078674","0.49473658204078674","0.47669878602027893","0.47669878602027893","0.47669878602027893","0.49568235874176025","0.49568235874176025","0.49568235874176025","0.476430743932724","0.476430743932724","0.476430743932724","0.4970170259475708","0.4970170259475708","0.4970170259475708","0.4966993033885956","0.4966993033885956","0.4966993033885956","0.47721919417381287","0.47721919417381287","0.47721919417381287","0.4754224121570587","0.4754224121570587","0.4754224121570587"
"28400","0.49406322836875916","0.49406322836875916","0.49406322836875916","0.47769665718078613","0.47769665718078613","0.47769665718078613","0.4960000216960907","0.4960000216960907","0.4960000216960907","0.4781891107559204","0.4781891107559204","0.4781891107559204","0.4959120452404022","0.4959120452404022","0.4959120452404022","0.47651490569114685","0.47651490569114685","0.47651490569114685","0.4963749647140503","0.4963749647140503","0.4963749647140503","0.49542996287345886","0.49542996287345886","0.49542996287345886","0.47736600041389465","0.47736600041389465","0.47736600041389465","0.4765373170375824","0.4765373170375824","0.4765373170375824"
"28500","0.49411189556121826","0.49411189556121826","0.49411189556121826","0.4757305383682251","0.4757305383682251","0.4757305383682251","0.4942892789840698","0.4942892789840698","0.4942892789840698","0.4771616458892822","0.4771616458892822","0.4771616458892822","0.4967228174209595","0.4967228174209595","0.4967228174209595","0.4768679738044739","0.4768679738044739","0.4768679738044739","0.49505752325057983","0.49505752325057983","0.49505752325057983","0.49526333808898926","0.49526333808898926","0.49526333808898926","0.47568458318710327","0.47568458318710327","0.47568458318710327","0.47689107060432434","0.47689107060432434","0.47689107060432434"
"28600","0.4915864169597626","0.4915864169597626","0.4915864169597626","0.4761233925819397","0.4761233925819397","0.4761233925819397","0.49843743443489075","0.49843743443489075","0.49843743443489075","0.4773043394088745","0.4773043394088745","0.4773043394088745","0.49644798040390015","0.49644798040390015","0.49644798040390015","0.47609183192253113","0.47609183192253113","0.47609183192253113","0.4948745369911194","0.4948745369911194","0.4948745369911194","0.4961841106414795","0.4961841106414795","0.4961841106414795","0.47737205028533936","0.47737205028533936","0.47737205028533936","0.4770156443119049","0.4770156443119049","0.4770156443119049"
"28700","0.4926229417324066","0.4926229417324066","0.4926229417324066","0.476867139339447","0.476867139339447","0.476867139339447","0.49602752923965454","0.49602752923965454","0.49602752923965454","0.4765687584877014","0.4765687584877014","0.4765687584877014","0.49440068006515503","0.49440068006515503","0.49440068006515503","0.4786156713962555","0.4786156713962555","0.4786156713962555","0.4960985481739044","0.4960985481739044","0.4960985481739044","0.49663716554641724","0.49663716554641724","0.49663716554641724","0.4765722155570984","0.4765722155570984","0.4765722155570984","0.47678104043006897","0.47678104043006897","0.47678104043006897"
"28800","0.4936429262161255","0.4936429262161255","0.4936429262161255","0.47740796208381653","0.47740796208381653","0.47740796208381653","0.49808216094970703","0.49808216094970703","0.49808216094970703","0.47765931487083435","0.47765931487083435","0.47765931487083435","0.49427491426467896","0.49427491426467896","0.49427491426467896","0.477148175239563","0.477148175239563","0.477148175239563","0.49609267711639404","0.49609267711639404","0.49609267711639404","0.49549660086631775","0.49549660086631775","0.49549660086631775","0.47804126143455505","0.47804126143455505","0.47804126143455505","0.4763320982456207","0.4763320982456207","0.4763320982456207"
"28900","0.4973633289337158","0.4973633289337158","0.4973633289337158","0.4770999252796173","0.4770999252796173","0.4770999252796173","0.4942625164985657","0.4942625164985657","0.4942625164985657","0.47584331035614014","0.47584331035614014","0.47584331035614014","0.4955005645751953","0.4955005645751953","0.4955005645751953","0.4779232442378998","0.4779232442378998","0.4779232442378998","0.4959704577922821","0.4959704577922821","0.4959704577922821","0.4934716522693634","0.4934716522693634","0.4934716522693634","0.47581660747528076","0.47581660747528076","0.47581660747528076","0.4781454801559448","0.4781454801559448","0.4781454801559448"
"29000","0.49484896659851074","0.49484896659851074","0.49484896659851074","0.47798070311546326","0.47798070311546326","0.47798070311546326","0.4943723976612091","0.4943723976612091","0.4943723976612091","0.47786086797714233","0.47786086797714233","0.47786086797714233","0.49493831396102905","0.49493831396102905","0.49493831396102905","0.4776573181152344","0.4776573181152344","0.4776573181152344","0.49699997901916504","0.49699997901916504","0.49699997901916504","0.49570387601852417","0.49570387601852417","0.49570387601852417","0.47775593400001526","0.47775593400001526","0.47775593400001526","0.4764222800731659","0.4764222800731659","0.4764222800731659"
"29100","0.49420252442359924","0.49420252442359924","0.49420252442359924","0.47706878185272217","0.47706878185272217","0.47706878185272217","0.4952036738395691","0.4952036738395691","0.4952036738395691","0.4748767912387848","0.4748767912387848","0.4748767912387848","0.49410346150398254","0.49410346150398254","0.49410346150398254","0.4767993092536926","0.4767993092536926","0.4767993092536926","0.49555885791778564","0.49555885791778564","0.49555885791778564","0.49517467617988586","0.49517467617988586","0.49517467617988586","0.4765186011791229","0.4765186011791229","0.4765186011791229","0.4765968322753906","0.4765968322753906","0.4765968322753906"
"29200","0.49302437901496887","0.49302437901496887","0.49302437901496887","0.47662922739982605","0.47662922739982605","0.47662922739982605","0.4939015209674835","0.4939015209674835","0.4939015209674835","0.476999431848526","0.476999431848526","0.476999431848526","0.4948997497558594","0.4948997497558594","0.4948997497558594","0.47485268115997314","0.47485268115997314","0.47485268115997314","0.49632254242897034","0.49632254242897034","0.49632254242897034","0.49478358030319214","0.49478358030319214","0.49478358030319214","0.4767504930496216","0.4767504930496216","0.4767504930496216","0.4772183299064636","0.4772183299064636","0.4772183299064636"
"29300","0.4953470528125763","0.4953470528125763","0.4953470528125763","0.47802430391311646","0.47802430391311646","0.47802430391311646","0.4979373514652252","0.4979373514652252","0.4979373514652252","0.4769250154495239","0.4769250154495239","0.4769250154495239","0.494024395942688","0.494024395942688","0.494024395942688","0.47731372714042664","0.47731372714042664","0.47731372714042664","0.4940800964832306","0.4940800964832306","0.4940800964832306","0.49400511384010315","0.49400511384010315","0.49400511384010315","0.4789902865886688","0.4789902865886688","0.4789902865886688","0.4778273105621338","0.4778273105621338","0.4778273105621338"
"29400","0.49769699573516846","0.49769699573516846","0.49769699573516846","0.4791789650917053","0.4791789650917053","0.4791789650917053","0.49555861949920654","0.49555861949920654","0.49555861949920654","0.4769783020019531","0.4769783020019531","0.4769783020019531","0.49353301525115967","0.49353301525115967","0.49353301525115967","0.47530096769332886","0.47530096769332886","0.47530096769332886","0.49430081248283386","0.49430081248283386","0.49430081248283386","0.49619030952453613","0.49619030952453613","0.49619030952453613","0.47701752185821533","0.47701752185821533","0.47701752185821533","0.4753902852535248","0.4753902852535248","0.4753902852535248"
"29500","0.49700814485549927","0.49700814485549927","0.49700814485549927","0.4783526360988617","0.4783526360988617","0.4783526360988617","0.49528321623802185","0.49528321623802185","0.49528321623802185","0.47522610425949097","0.47522610425949097","0.47522610425949097","0.49478089809417725","0.49478089809417725","0.49478089809417725","0.4762547016143799","0.4762547016143799","0.4762547016143799","0.4975593686103821","0.4975593686103821","0.4975593686103821","0.495781809091568","0.495781809091568","0.495781809091568","0.4769916236400604","0.4769916236400604","0.4769916236400604","0.47767186164855957","0.47767186164855957","0.47767186164855957"
"29600","0.4966970682144165","0.4966970682144165","0.4966970682144165","0.4771248996257782","0.4771248996257782","0.4771248996257782","0.4950982630252838","0.4950982630252838","0.4950982630252838","0.4773145318031311","0.4773145318031311","0.4773145318031311","0.49406173825263977","0.49406173825263977","0.49406173825263977","0.4774025082588196","0.4774025082588196","0.4774025082588196","0.4946785867214203","0.4946785867214203","0.4946785867214203","0.4948922097682953","0.4948922097682953","0.4948922097682953","0.4766085743904114","0.4766085743904114","0.4766085743904114","0.4765157401561737","0.4765157401561737","0.4765157401561737"
"29700","0.4958697259426117","0.4958697259426117","0.4958697259426117","0.4764430522918701","0.4764430522918701","0.4764430522918701","0.4967084228992462","0.4967084228992462","0.4967084228992462","0.4772740304470062","0.4772740304470062","0.4772740304470062","0.49425041675567627","0.49425041675567627","0.49425041675567627","0.47484439611434937","0.47484439611434937","0.47484439611434937","0.4971279203891754","0.4971279203891754","0.4971279203891754","0.4958023428916931","0.4958023428916931","0.4958023428916931","0.4760376214981079","0.4760376214981079","0.4760376214981079","0.47508925199508667","0.47508925199508667","0.47508925199508667"
"29800","0.4965519309043884","0.4965519309043884","0.4965519309043884","0.4773835241794586","0.4773835241794586","0.4773835241794586","0.4964331090450287","0.4964331090450287","0.4964331090450287","0.4776812493801117","0.4776812493801117","0.4776812493801117","0.49547621607780457","0.49547621607780457","0.49547621607780457","0.4769163131713867","0.4769163131713867","0.4769163131713867","0.4955213963985443","0.4955213963985443","0.4955213963985443","0.497915118932724","0.497915118932724","0.497915118932724","0.47625958919525146","0.47625958919525146","0.47625958919525146","0.4774523079395294","0.4774523079395294","0.4774523079395294"
"29900","0.4954530596733093","0.4954530596733093","0.4954530596733093","0.4761389195919037","0.4761389195919037","0.4761389195919037","0.49642640352249146","0.49642640352249146","0.49642640352249146","0.4761340022087097","0.4761340022087097","0.4761340022087097","0.49506619572639465","0.49506619572639465","0.49506619572639465","0.4763416349887848","0.4763416349887848","0.4763416349887848","0.4954235851764679","0.4954235851764679","0.4954235851764679","0.4941745400428772","0.4941745400428772","0.4941745400428772","0.4764465093612671","0.4764465093612671","0.4764465093612671","0.4745132327079773","0.4745132327079773","0.4745132327079773"
"30000","0.49734511971473694","0.49734511971473694","0.49734511971473694","0.4776216745376587","0.4776216745376587","0.4776216745376587","0.4939272403717041","0.4939272403717041","0.4939272403717041","0.4762117862701416","0.4762117862701416","0.4762117862701416","0.4962591826915741","0.4962591826915741","0.4962591826915741","0.4755500555038452","0.4755500555038452","0.4755500555038452","0.4943500757217407","0.4943500757217407","0.4943500757217407","0.4949488341808319","0.4949488341808319","0.4949488341808319","0.47587835788726807","0.47587835788726807","0.47587835788726807","0.47692063450813293","0.47692063450813293","0.47692063450813293"
"30100","0.49531736969947815","0.49531736969947815","0.49531736969947815","0.4764886200428009","0.4764886200428009","0.4764886200428009","0.49554046988487244","0.49554046988487244","0.49554046988487244","0.47765594720840454","0.47765594720840454","0.47765594720840454","0.4940670430660248","0.4940670430660248","0.4940670430660248","0.4770529270172119","0.4770529270172119","0.4770529270172119","0.49483203887939453","0.49483203887939453","0.49483203887939453","0.4948587119579315","0.4948587119579315","0.4948587119579315","0.47606727480888367","0.47606727480888367","0.47606727480888367","0.4760116934776306","0.4760116934776306","0.4760116934776306"
"30200","0.4980595111846924","0.4980595111846924","0.4980595111846924","0.4765273630619049","0.4765273630619049","0.4765273630619049","0.49403053522109985","0.49403053522109985","0.49403053522109985","0.476190447807312","0.476190447807312","0.476190447807312","0.49503180384635925","0.49503180384635925","0.49503180384635925","0.47609564661979675","0.47609564661979675","0.47609564661979675","0.49530264735221863","0.49530264735221863","0.49530264735221863","0.49448662996292114","0.49448662996292114","0.49448662996292114","0.47616177797317505","0.47616177797317505","0.47616177797317505","0.4776639938354492","0.4776639938354492","0.4776639938354492"
"30300","0.4940544366836548","0.4940544366836548","0.4940544366836548","0.47760552167892456","0.47760552167892456","0.47760552167892456","0.49303215742111206","0.49303215742111206","0.49303215742111206","0.4766217768192291","0.4766217768192291","0.4766217768192291","0.49492621421813965","0.49492621421813965","0.49492621421813965","0.4779749810695648","0.4779749810695648","0.4779749810695648","0.49435341358184814","0.49435341358184814","0.49435341358184814","0.4957757890224457","0.4957757890224457","0.4957757890224457","0.4762186110019684","0.4762186110019684","0.4762186110019684","0.4761574864387512","0.4761574864387512","0.4761574864387512"
"30400","0.49440503120422363","0.49440503120422363","0.49440503120422363","0.4767618179321289","0.4767618179321289","0.4767618179321289","0.4953722059726715","0.4953722059726715","0.4953722059726715","0.47729381918907166","0.47729381918907166","0.47729381918907166","0.4965336322784424","0.4965336322784424","0.4965336322784424","0.47754305601119995","0.47754305601119995","0.47754305601119995","0.49603936076164246","0.49603936076164246","0.49603936076164246","0.49619877338409424","0.49619877338409424","0.49619877338409424","0.47642600536346436","0.47642600536346436","0.47642600536346436","0.4762088358402252","0.4762088358402252","0.4762088358402252"
"30500","0.4939395785331726","0.4939395785331726","0.4939395785331726","0.4761334955692291","0.4761334955692291","0.4761334955692291","0.49547553062438965","0.49547553062438965","0.49547553062438965","0.47632738947868347","0.47632738947868347","0.47632738947868347","0.49533629417419434","0.49533629417419434","0.49533629417419434","0.4765091836452484","0.4765091836452484","0.4765091836452484","0.4973146915435791","0.4973146915435791","0.4973146915435791","0.49475517868995667","0.49475517868995667","0.49475517868995667","0.47792643308639526","0.47792643308639526","0.47792643308639526","0.4777718782424927","0.4777718782424927","0.4777718782424927"
"30600","0.49481692910194397","0.49481692910194397","0.49481692910194397","0.4777676463127136","0.4777676463127136","0.4777676463127136","0.4936872124671936","0.4936872124671936","0.4936872124671936","0.4763485789299011","0.4763485789299011","0.4763485789299011","0.4965846538543701","0.4965846538543701","0.4965846538543701","0.4792451560497284","0.4792451560497284","0.4792451560497284","0.4948982000350952","0.4948982000350952","0.4948982000350952","0.4927798807621002","0.4927798807621002","0.4927798807621002","0.4752901792526245","0.4752901792526245","0.4752901792526245","0.4763965606689453","0.4763965606689453","0.4763965606689453"
"30700","0.4939192235469818","0.4939192235469818","0.4939192235469818","0.47726157307624817","0.47726157307624817","0.47726157307624817","0.492911159992218","0.492911159992218","0.492911159992218","0.4772477447986603","0.4772477447986603","0.4772477447986603","0.4967842102050781","0.4967842102050781","0.4967842102050781","0.4763756990432739","0.4763756990432739","0.4763756990432739","0.4961177110671997","0.4961177110671997","0.4961177110671997","0.49567222595214844","0.49567222595214844","0.49567222595214844","0.47581326961517334","0.47581326961517334","0.47581326961517334","0.4759851098060608","0.4759851098060608","0.4759851098060608"
"30800","0.49659717082977295","0.49659717082977295","0.49659717082977295","0.4756375253200531","0.4756375253200531","0.4756375253200531","0.49486908316612244","0.49486908316612244","0.49486908316612244","0.4765692949295044","0.4765692949295044","0.4765692949295044","0.49517878890037537","0.49517878890037537","0.49517878890037537","0.47702670097351074","0.47702670097351074","0.47702670097351074","0.4949100911617279","0.4949100911617279","0.4949100911617279","0.4944989085197449","0.4944989085197449","0.4944989085197449","0.47790423035621643","0.47790423035621643","0.47790423035621643","0.477003812789917","0.477003812789917","0.477003812789917"
"30900","0.4957889914512634","0.4957889914512634","0.4957889914512634","0.4769887626171112","0.4769887626171112","0.4769887626171112","0.49272778630256653","0.49272778630256653","0.49272778630256653","0.47465136647224426","0.47465136647224426","0.47465136647224426","0.49438849091529846","0.49438849091529846","0.49438849091529846","0.4757506251335144","0.4757506251335144","0.4757506251335144","0.49607428908348083","0.49607428908348083","0.49607428908348083","0.4958990216255188","0.4958990216255188","0.4958990216255188","0.4766567349433899","0.4766567349433899","0.4766567349433899","0.4770523011684418","0.4770523011684418","0.4770523011684418"
"31000","0.4952637851238251","0.4952637851238251","0.4952637851238251","0.476227730512619","0.476227730512619","0.476227730512619","0.4939974248409271","0.4939974248409271","0.4939974248409271","0.4768791198730469","0.4768791198730469","0.4768791198730469","0.49461591243743896","0.49461591243743896","0.49461591243743896","0.47800347208976746","0.47800347208976746","0.47800347208976746","0.49380508065223694","0.49380508065223694","0.49380508065223694","0.4955863952636719","0.4955863952636719","0.4955863952636719","0.4777633249759674","0.4777633249759674","0.4777633249759674","0.4774821400642395","0.4774821400642395","0.4774821400642395"
"31100","0.49617019295692444","0.49617019295692444","0.49617019295692444","0.47733035683631897","0.47733035683631897","0.47733035683631897","0.49596232175827026","0.49596232175827026","0.49596232175827026","0.47769543528556824","0.47769543528556824","0.47769543528556824","0.4973828196525574","0.4973828196525574","0.4973828196525574","0.4774555563926697","0.4774555563926697","0.4774555563926697","0.49657008051872253","0.49657008051872253","0.49657008051872253","0.4951638877391815","0.4951638877391815","0.4951638877391815","0.47681137919425964","0.47681137919425964","0.47681137919425964","0.4760417938232422","0.4760417938232422","0.4760417938232422"
"31200","0.494456022977829","0.494456022977829","0.494456022977829","0.4771149456501007","0.4771149456501007","0.4771149456501007","0.4945636987686157","0.4945636987686157","0.4945636987686157","0.4764123558998108","0.4764123558998108","0.4764123558998108","0.49125373363494873","0.49125373363494873","0.49125373363494873","0.4757378101348877","0.4757378101348877","0.4757378101348877","0.4959102272987366","0.4959102272987366","0.4959102272987366","0.49737441539764404","0.49737441539764404","0.49737441539764404","0.47715896368026733","0.47715896368026733","0.47715896368026733","0.4777020514011383","0.4777020514011383","0.4777020514011383"
"31300","0.49469611048698425","0.49469611048698425","0.49469611048698425","0.47679734230041504","0.47679734230041504","0.47679734230041504","0.494903564453125","0.494903564453125","0.494903564453125","0.4773089289665222","0.4773089289665222","0.4773089289665222","0.49328160285949707","0.49328160285949707","0.49328160285949707","0.47730132937431335","0.47730132937431335","0.47730132937431335","0.49821674823760986","0.49821674823760986","0.49821674823760986","0.4970760643482208","0.4970760643482208","0.4970760643482208","0.475646048784256","0.475646048784256","0.475646048784256","0.4768577218055725","0.4768577218055725","0.4768577218055725"
"31400","0.4951997995376587","0.4951997995376587","0.4951997995376587","0.4776431620121002","0.4776431620121002","0.4776431620121002","0.495873361825943","0.495873361825943","0.495873361825943","0.4753863215446472","0.4753863215446472","0.4753863215446472","0.49617111682891846","0.49617111682891846","0.49617111682891846","0.47684940695762634","0.47684940695762634","0.47684940695762634","0.49273818731307983","0.49273818731307983","0.49273818731307983","0.49506959319114685","0.49506959319114685","0.49506959319114685","0.476449191570282","0.476449191570282","0.476449191570282","0.47774386405944824","0.47774386405944824","0.47774386405944824"
"31500","0.4969595670700073","0.4969595670700073","0.4969595670700073","0.47746050357818604","0.47746050357818604","0.47746050357818604","0.4948842227458954","0.4948842227458954","0.4948842227458954","0.4774480164051056","0.4774480164051056","0.4774480164051056","0.4937666654586792","0.4937666654586792","0.4937666654586792","0.47685471177101135","0.47685471177101135","0.47685471177101135","0.49644336104393005","0.49644336104393005","0.49644336104393005","0.4955233335494995","0.4955233335494995","0.4955233335494995","0.47715774178504944","0.47715774178504944","0.47715774178504944","0.47568365931510925","0.47568365931510925","0.47568365931510925"
"31600","0.4961118996143341","0.4961118996143341","0.4961118996143341","0.47543826699256897","0.47543826699256897","0.47543826699256897","0.4955279529094696","0.4955279529094696","0.4955279529094696","0.47680673003196716","0.47680673003196716","0.47680673003196716","0.4940042197704315","0.4940042197704315","0.4940042197704315","0.4766174554824829","0.4766174554824829","0.4766174554824829","0.4968765676021576","0.4968765676021576","0.4968765676021576","0.4950738549232483","0.4950738549232483","0.4950738549232483","0.4749874472618103","0.4749874472618103","0.4749874472618103","0.4772661626338959","0.4772661626338959","0.4772661626338959"
"31700","0.4970824718475342","0.4970824718475342","0.4970824718475342","0.4769696295261383","0.4769696295261383","0.4769696295261383","0.49533408880233765","0.49533408880233765","0.49533408880233765","0.47604095935821533","0.47604095935821533","0.47604095935821533","0.4950779974460602","0.4950779974460602","0.4950779974460602","0.47683826088905334","0.47683826088905334","0.47683826088905334","0.4946262240409851","0.4946262240409851","0.4946262240409851","0.4948151409626007","0.4948151409626007","0.4948151409626007","0.4759840667247772","0.4759840667247772","0.4759840667247772","0.4756697118282318","0.4756697118282318","0.4756697118282318"
"31800","0.495530903339386","0.495530903339386","0.495530903339386","0.47541677951812744","0.47541677951812744","0.47541677951812744","0.4974651336669922","0.4974651336669922","0.4974651336669922","0.4748634099960327","0.4748634099960327","0.4748634099960327","0.496606707572937","0.496606707572937","0.496606707572937","0.4763832092285156","0.4763832092285156","0.4763832092285156","0.49394121766090393","0.49394121766090393","0.49394121766090393","0.4958500266075134","0.4958500266075134","0.4958500266075134","0.47674885392189026","0.47674885392189026","0.47674885392189026","0.4773562550544739","0.4773562550544739","0.4773562550544739"
"31900","0.49544984102249146","0.49544984102249146","0.49544984102249146","0.4770946502685547","0.4770946502685547","0.4770946502685547","0.49554070830345154","0.49554070830345154","0.49554070830345154","0.47627267241477966","0.47627267241477966","0.47627267241477966","0.4945269525051117","0.4945269525051117","0.4945269525051117","0.47619810700416565","0.47619810700416565","0.47619810700416565","0.49493351578712463","0.49493351578712463","0.49493351578712463","0.49582648277282715","0.49582648277282715","0.49582648277282715","0.4762495756149292","0.4762495756149292","0.4762495756149292","0.4757414758205414","0.4757414758205414","0.4757414758205414"
"32000","0.49634453654289246","0.49634453654289246","0.49634453654289246","0.4778294265270233","0.4778294265270233","0.4778294265270233","0.4943966567516327","0.4943966567516327","0.4943966567516327","0.4769204258918762","0.4769204258918762","0.4769204258918762","0.49572670459747314","0.49572670459747314","0.49572670459747314","0.47541218996047974","0.47541218996047974","0.47541218996047974","0.4971960186958313","0.4971960186958313","0.4971960186958313","0.49434569478034973","0.49434569478034973","0.49434569478034973","0.47545722126960754","0.47545722126960754","0.47545722126960754","0.47624361515045166","0.47624361515045166","0.47624361515045166"
"32100","0.49707385897636414","0.49707385897636414","0.49707385897636414","0.4777604341506958","0.4777604341506958","0.4777604341506958","0.4948078393936157","0.4948078393936157","0.4948078393936157","0.4756728708744049","0.4756728708744049","0.4756728708744049","0.4967835545539856","0.4967835545539856","0.4967835545539856","0.477715402841568","0.477715402841568","0.477715402841568","0.496123343706131","0.496123343706131","0.496123343706131","0.49510520696640015","0.49510520696640015","0.49510520696640015","0.47557294368743896","0.47557294368743896","0.47557294368743896","0.47529542446136475","0.47529542446136475","0.47529542446136475"
"32200","0.4925117492675781","0.4925117492675781","0.4925117492675781","0.47517111897468567","0.47517111897468567","0.47517111897468567","0.4932282567024231","0.4932282567024231","0.4932282567024231","0.47641876339912415","0.47641876339912415","0.47641876339912415","0.49478527903556824","0.49478527903556824","0.49478527903556824","0.4770362973213196","0.4770362973213196","0.4770362973213196","0.4937390089035034","0.4937390089035034","0.4937390089035034","0.4939343333244324","0.4939343333244324","0.4939343333244324","0.47726234793663025","0.47726234793663025","0.47726234793663025","0.4761156737804413","0.4761156737804413","0.4761156737804413"
"32300","0.4962194561958313","0.4962194561958313","0.4962194561958313","0.47811558842658997","0.47811558842658997","0.47811558842658997","0.49372464418411255","0.49372464418411255","0.49372464418411255","0.4771946966648102","0.4771946966648102","0.4771946966648102","0.4942640960216522","0.4942640960216522","0.4942640960216522","0.4763863682746887","0.4763863682746887","0.4763863682746887","0.49487191438674927","0.49487191438674927","0.49487191438674927","0.4920211732387543","0.4920211732387543","0.4920211732387543","0.4763188660144806","0.4763188660144806","0.4763188660144806","0.476365327835083","0.476365327835083","0.476365327835083"
"32400","0.49431490898132324","0.49431490898132324","0.49431490898132324","0.47654128074645996","0.47654128074645996","0.47654128074645996","0.4944959878921509","0.4944959878921509","0.4944959878921509","0.4755829870700836","0.4755829870700836","0.4755829870700836","0.495746910572052","0.495746910572052","0.495746910572052","0.47677621245384216","0.47677621245384216","0.47677621245384216","0.4933759272098541","0.4933759272098541","0.4933759272098541","0.49663710594177246","0.49663710594177246","0.49663710594177246","0.47809121012687683","0.47809121012687683","0.47809121012687683","0.47720280289649963","0.47720280289649963","0.47720280289649963"
"32500","0.495527446269989","0.495527446269989","0.495527446269989","0.47631019353866577","0.47631019353866577","0.47631019353866577","0.49340447783470154","0.49340447783470154","0.49340447783470154","0.4747779965400696","0.4747779965400696","0.4747779965400696","0.49464842677116394","0.49464842677116394","0.49464842677116394","0.475311279296875","0.475311279296875","0.475311279296875","0.49682319164276123","0.49682319164276123","0.49682319164276123","0.4937862157821655","0.4937862157821655","0.4937862157821655","0.47410091757774353","0.47410091757774353","0.47410091757774353","0.4760396182537079","0.4760396182537079","0.4760396182537079"
"32600","0.49419960379600525","0.49419960379600525","0.49419960379600525","0.4770927131175995","0.4770927131175995","0.4770927131175995","0.4932895302772522","0.4932895302772522","0.4932895302772522","0.4766792058944702","0.4766792058944702","0.4766792058944702","0.49442097544670105","0.49442097544670105","0.49442097544670105","0.47720909118652344","0.47720909118652344","0.47720909118652344","0.4952965974807739","0.4952965974807739","0.4952965974807739","0.4950377643108368","0.4950377643108368","0.4950377643108368","0.47610923647880554","0.47610923647880554","0.47610923647880554","0.4761660695075989","0.4761660695075989","0.4761660695075989"
"32700","0.494106650352478","0.494106650352478","0.494106650352478","0.47634997963905334","0.47634997963905334","0.47634997963905334","0.4928137958049774","0.4928137958049774","0.4928137958049774","0.4760402739048004","0.4760402739048004","0.4760402739048004","0.49406367540359497","0.49406367540359497","0.49406367540359497","0.4766329526901245","0.4766329526901245","0.4766329526901245","0.49353939294815063","0.49353939294815063","0.49353939294815063","0.4944254755973816","0.4944254755973816","0.4944254755973816","0.4756796658039093","0.4756796658039093","0.4756796658039093","0.4770556390285492","0.4770556390285492","0.4770556390285492"
"32800","0.4947558343410492","0.4947558343410492","0.4947558343410492","0.4776792824268341","0.4776792824268341","0.4776792824268341","0.495168000459671","0.495168000459671","0.495168000459671","0.4753880798816681","0.4753880798816681","0.4753880798816681","0.495769202709198","0.495769202709198","0.495769202709198","0.4766978323459625","0.4766978323459625","0.4766978323459625","0.49616408348083496","0.49616408348083496","0.49616408348083496","0.4959692060947418","0.4959692060947418","0.4959692060947418","0.4769311547279358","0.4769311547279358","0.4769311547279358","0.4769333600997925","0.4769333600997925","0.4769333600997925"
"32900","0.4936846196651459","0.4936846196651459","0.4936846196651459","0.476513147354126","0.476513147354126","0.476513147354126","0.494596928358078","0.494596928358078","0.494596928358078","0.47638779878616333","0.47638779878616333","0.47638779878616333","0.49494120478630066","0.49494120478630066","0.49494120478630066","0.4772832989692688","0.4772832989692688","0.4772832989692688","0.49917250871658325","0.49917250871658325","0.49917250871658325","0.4946351945400238","0.4946351945400238","0.4946351945400238","0.47585341334342957","0.47585341334342957","0.47585341334342957","0.4746876657009125","0.4746876657009125","0.4746876657009125"
"33000","0.49707210063934326","0.49707210063934326","0.49707210063934326","0.4765107035636902","0.4765107035636902","0.4765107035636902","0.49528568983078003","0.49528568983078003","0.49528568983078003","0.4767705798149109","0.4767705798149109","0.4767705798149109","0.49489134550094604","0.49489134550094604","0.49489134550094604","0.47615280747413635","0.47615280747413635","0.47615280747413635","0.49756404757499695","0.49756404757499695","0.49756404757499695","0.49594181776046753","0.49594181776046753","0.49594181776046753","0.4778110980987549","0.4778110980987549","0.4778110980987549","0.4758417010307312","0.4758417010307312","0.4758417010307312"
"33100","0.4945170283317566","0.4945170283317566","0.4945170283317566","0.4748344123363495","0.4748344123363495","0.4748344123363495","0.4939524829387665","0.4939524829387665","0.4939524829387665","0.4761631488800049","0.4761631488800049","0.4761631488800049","0.49489298462867737","0.49489298462867737","0.49489298462867737","0.47708335518836975","0.47708335518836975","0.47708335518836975","0.49491265416145325","0.49491265416145325","0.49491265416145325","0.4958791434764862","0.4958791434764862","0.4958791434764862","0.47668400406837463","0.47668400406837463","0.47668400406837463","0.47505995631217957","0.47505995631217957","0.47505995631217957"
"33200","0.4964873194694519","0.4964873194694519","0.4964873194694519","0.47383439540863037","0.47383439540863037","0.47383439540863037","0.49580201506614685","0.49580201506614685","0.49580201506614685","0.4755314290523529","0.4755314290523529","0.4755314290523529","0.4940696358680725","0.4940696358680725","0.4940696358680725","0.476283997297287","0.476283997297287","0.476283997297287","0.49299418926239014","0.49299418926239014","0.49299418926239014","0.4952443838119507","0.4952443838119507","0.4952443838119507","0.47745606303215027","0.47745606303215027","0.47745606303215027","0.478286474943161","0.478286474943161","0.478286474943161"
"33300","0.4948224127292633","0.4948224127292633","0.4948224127292633","0.475510835647583","0.475510835647583","0.475510835647583","0.49678847193717957","0.49678847193717957","0.49678847193717957","0.47819995880126953","0.47819995880126953","0.47819995880126953","0.4956212639808655","0.4956212639808655","0.4956212639808655","0.4766339957714081","0.4766339957714081","0.4766339957714081","0.49441730976104736","0.49441730976104736","0.49441730976104736","0.49426183104515076","0.49426183104515076","0.49426183104515076","0.4770820736885071","0.4770820736885071","0.4770820736885071","0.47642117738723755","0.47642117738723755","0.47642117738723755"
"33400","0.49403437972068787","0.49403437972068787","0.49403437972068787","0.47739338874816895","0.47739338874816895","0.47739338874816895","0.49582546949386597","0.49582546949386597","0.49582546949386597","0.4772213399410248","0.4772213399410248","0.4772213399410248","0.49369966983795166","0.49369966983795166","0.49369966983795166","0.4766932427883148","0.4766932427883148","0.4766932427883148","0.49657607078552246","0.49657607078552246","0.49657607078552246","0.4956941604614258","0.4956941604614258","0.4956941604614258","0.4781852662563324","0.4781852662563324","0.4781852662563324","0.47644519805908203","0.47644519805908203","0.47644519805908203"
"33500","0.49576327204704285","0.49576327204704285","0.49576327204704285","0.4774142801761627","0.4774142801761627","0.4774142801761627","0.4961589574813843","0.4961589574813843","0.4961589574813843","0.47556254267692566","0.47556254267692566","0.47556254267692566","0.4937196373939514","0.4937196373939514","0.4937196373939514","0.47505831718444824","0.47505831718444824","0.47505831718444824","0.495962530374527","0.495962530374527","0.495962530374527","0.49514010548591614","0.49514010548591614","0.49514010548591614","0.47665566205978394","0.47665566205978394","0.47665566205978394","0.47696539759635925","0.47696539759635925","0.47696539759635925"
"33600","0.49683380126953125","0.49683380126953125","0.49683380126953125","0.4752673804759979","0.4752673804759979","0.4752673804759979","0.49413028359413147","0.49413028359413147","0.49413028359413147","0.4785744845867157","0.4785744845867157","0.4785744845867157","0.4936813712120056","0.4936813712120056","0.4936813712120056","0.4777325689792633","0.4777325689792633","0.4777325689792633","0.4963586926460266","0.4963586926460266","0.4963586926460266","0.4957925081253052","0.4957925081253052","0.4957925081253052","0.4739125967025757","0.4739125967025757","0.4739125967025757","0.4769732654094696","0.4769732654094696","0.4769732654094696"
"33700","0.4934406280517578","0.4934406280517578","0.4934406280517578","0.4760032296180725","0.4760032296180725","0.4760032296180725","0.4952532947063446","0.4952532947063446","0.4952532947063446","0.47655320167541504","0.47655320167541504","0.47655320167541504","0.4940613806247711","0.4940613806247711","0.4940613806247711","0.4745592176914215","0.4745592176914215","0.4745592176914215","0.49730849266052246","0.49730849266052246","0.49730849266052246","0.49349093437194824","0.49349093437194824","0.49349093437194824","0.4756408631801605","0.4756408631801605","0.4756408631801605","0.4764102101325989","0.4764102101325989","0.4764102101325989"
"33800","0.49610406160354614","0.49610406160354614","0.49610406160354614","0.476241797208786","0.476241797208786","0.476241797208786","0.49543246626853943","0.49543246626853943","0.49543246626853943","0.4755571782588959","0.4755571782588959","0.4755571782588959","0.4966816306114197","0.4966816306114197","0.4966816306114197","0.4759576916694641","0.4759576916694641","0.4759576916694641","0.4962562918663025","0.4962562918663025","0.4962562918663025","0.4940430819988251","0.4940430819988251","0.4940430819988251","0.47631001472473145","0.47631001472473145","0.47631001472473145","0.475559264421463","0.475559264421463","0.475559264421463"
"33900","0.494917631149292","0.494917631149292","0.494917631149292","0.4753294885158539","0.4753294885158539","0.4753294885158539","0.49481400847435","0.49481400847435","0.49481400847435","0.4757435619831085","0.4757435619831085","0.4757435619831085","0.49462613463401794","0.49462613463401794","0.49462613463401794","0.476135790348053","0.476135790348053","0.476135790348053","0.49622631072998047","0.49622631072998047","0.49622631072998047","0.4935492277145386","0.4935492277145386","0.4935492277145386","0.475169837474823","0.475169837474823","0.475169837474823","0.47544142603874207","0.47544142603874207","0.47544142603874207"
"34000","0.49517810344696045","0.49517810344696045","0.49517810344696045","0.4749051034450531","0.4749051034450531","0.4749051034450531","0.4955861568450928","0.4955861568450928","0.4955861568450928","0.4763370156288147","0.4763370156288147","0.4763370156288147","0.49669474363327026","0.49669474363327026","0.49669474363327026","0.4766298532485962","0.4766298532485962","0.4766298532485962","0.4948669373989105","0.4948669373989105","0.4948669373989105","0.4940400719642639","0.4940400719642639","0.4940400719642639","0.47712212800979614","0.47712212800979614","0.47712212800979614","0.4760637581348419","0.4760637581348419","0.4760637581348419"
"34100","0.4981255829334259","0.4981255829334259","0.4981255829334259","0.4763127565383911","0.4763127565383911","0.4763127565383911","0.4938153326511383","0.4938153326511383","0.4938153326511383","0.4743496775627136","0.4743496775627136","0.4743496775627136","0.4975624084472656","0.4975624084472656","0.4975624084472656","0.47710755467414856","0.47710755467414856","0.47710755467414856","0.49550682306289673","0.49550682306289673","0.49550682306289673","0.4961734116077423","0.4961734116077423","0.4961734116077423","0.4763413667678833","0.4763413667678833","0.4763413667678833","0.4766624867916107","0.4766624867916107","0.4766624867916107"
"34200","0.4947811961174011","0.4947811961174011","0.4947811961174011","0.4782586395740509","0.4782586395740509","0.4782586395740509","0.4936184287071228","0.4936184287071228","0.4936184287071228","0.4752707779407501","0.4752707779407501","0.4752707779407501","0.49328091740608215","0.49328091740608215","0.49328091740608215","0.4779336452484131","0.4779336452484131","0.4779336452484131","0.49581074714660645","0.49581074714660645","0.49581074714660645","0.49701255559921265","0.49701255559921265","0.49701255559921265","0.47636178135871887","0.47636178135871887","0.47636178135871887","0.4760313034057617","0.4760313034057617","0.4760313034057617"
"34300","0.49730029702186584","0.49730029702186584","0.49730029702186584","0.4762955605983734","0.4762955605983734","0.4762955605983734","0.4920693635940552","0.4920693635940552","0.4920693635940552","0.47634562849998474","0.47634562849998474","0.47634562849998474","0.4949127435684204","0.4949127435684204","0.4949127435684204","0.4762168526649475","0.4762168526649475","0.4762168526649475","0.49796268343925476","0.49796268343925476","0.49796268343925476","0.49634483456611633","0.49634483456611633","0.49634483456611633","0.4757275879383087","0.4757275879383087","0.4757275879383087","0.4765964150428772","0.4765964150428772","0.4765964150428772"
"34400","0.4948037266731262","0.4948037266731262","0.4948037266731262","0.4755057394504547","0.4755057394504547","0.4755057394504547","0.49391937255859375","0.49391937255859375","0.49391937255859375","0.47476524114608765","0.47476524114608765","0.47476524114608765","0.49497875571250916","0.49497875571250916","0.49497875571250916","0.4766792953014374","0.4766792953014374","0.4766792953014374","0.49451202154159546","0.49451202154159546","0.49451202154159546","0.4943869411945343","0.4943869411945343","0.4943869411945343","0.4753829538822174","0.4753829538822174","0.4753829538822174","0.4755449593067169","0.4755449593067169","0.4755449593067169"
"34500","0.49748092889785767","0.49748092889785767","0.49748092889785767","0.47666606307029724","0.47666606307029724","0.47666606307029724","0.4955012798309326","0.4955012798309326","0.4955012798309326","0.4765130281448364","0.4765130281448364","0.4765130281448364","0.4962899684906006","0.4962899684906006","0.4962899684906006","0.4763133227825165","0.4763133227825165","0.4763133227825165","0.49483722448349","0.49483722448349","0.49483722448349","0.4933914244174957","0.4933914244174957","0.4933914244174957","0.4752179682254791","0.4752179682254791","0.4752179682254791","0.4787851572036743","0.4787851572036743","0.4787851572036743"
"34600","0.4985031485557556","0.4985031485557556","0.4985031485557556","0.47717034816741943","0.47717034816741943","0.47717034816741943","0.49435147643089294","0.49435147643089294","0.49435147643089294","0.474282830953598","0.474282830953598","0.474282830953598","0.49429208040237427","0.49429208040237427","0.49429208040237427","0.47394266724586487","0.47394266724586487","0.47394266724586487","0.49595916271209717","0.49595916271209717","0.49595916271209717","0.4954301416873932","0.4954301416873932","0.4954301416873932","0.47814229130744934","0.47814229130744934","0.47814229130744934","0.4785500764846802","0.4785500764846802","0.4785500764846802"
"34700","0.49686214327812195","0.49686214327812195","0.49686214327812195","0.4765893518924713","0.4765893518924713","0.4765893518924713","0.4968283772468567","0.4968283772468567","0.4968283772468567","0.4775768220424652","0.4775768220424652","0.4775768220424652","0.4955948293209076","0.4955948293209076","0.4955948293209076","0.4771392345428467","0.4771392345428467","0.4771392345428467","0.4964534044265747","0.4964534044265747","0.4964534044265747","0.4961407482624054","0.4961407482624054","0.4961407482624054","0.4769965708255768","0.4769965708255768","0.4769965708255768","0.4762997329235077","0.4762997329235077","0.4762997329235077"
"34800","0.4940187335014343","0.4940187335014343","0.4940187335014343","0.4777909815311432","0.4777909815311432","0.4777909815311432","0.4931235909461975","0.4931235909461975","0.4931235909461975","0.4752018451690674","0.4752018451690674","0.4752018451690674","0.49661511182785034","0.49661511182785034","0.49661511182785034","0.4758623242378235","0.4758623242378235","0.4758623242378235","0.49341028928756714","0.49341028928756714","0.49341028928756714","0.49565592408180237","0.49565592408180237","0.49565592408180237","0.4745578467845917","0.4745578467845917","0.4745578467845917","0.4787653982639313","0.4787653982639313","0.4787653982639313"
"34900","0.49509745836257935","0.49509745836257935","0.49509745836257935","0.47467711567878723","0.47467711567878723","0.47467711567878723","0.4954115152359009","0.4954115152359009","0.4954115152359009","0.47688189148902893","0.47688189148902893","0.47688189148902893","0.49643996357917786","0.49643996357917786","0.49643996357917786","0.4769442677497864","0.4769442677497864","0.4769442677497864","0.49584484100341797","0.49584484100341797","0.49584484100341797","0.49606814980506897","0.49606814980506897","0.49606814980506897","0.47427311539649963","0.47427311539649963","0.47427311539649963","0.47541940212249756","0.47541940212249756","0.47541940212249756"
"35000","0.496699720621109","0.496699720621109","0.496699720621109","0.4740757644176483","0.4740757644176483","0.4740757644176483","0.49524828791618347","0.49524828791618347","0.49524828791618347","0.47703906893730164","0.47703906893730164","0.47703906893730164","0.49720287322998047","0.49720287322998047","0.49720287322998047","0.4771157503128052","0.4771157503128052","0.4771157503128052","0.4935222566127777","0.4935222566127777","0.4935222566127777","0.495260089635849","0.495260089635849","0.495260089635849","0.4767366051673889","0.4767366051673889","0.4767366051673889","0.47533416748046875","0.47533416748046875","0.47533416748046875"
"35100","0.4938771426677704","0.4938771426677704","0.4938771426677704","0.4776145815849304","0.4776145815849304","0.4776145815849304","0.4959524869918823","0.4959524869918823","0.4959524869918823","0.47643426060676575","0.47643426060676575","0.47643426060676575","0.49504363536834717","0.49504363536834717","0.49504363536834717","0.4764413833618164","0.4764413833618164","0.4764413833618164","0.4964483976364136","0.4964483976364136","0.4964483976364136","0.49457302689552307","0.49457302689552307","0.49457302689552307","0.4749268591403961","0.4749268591403961","0.4749268591403961","0.4758811295032501","0.4758811295032501","0.4758811295032501"
"35200","0.49645188450813293","0.49645188450813293","0.49645188450813293","0.4747364819049835","0.4747364819049835","0.4747364819049835","0.4955884516239166","0.4955884516239166","0.4955884516239166","0.47863146662712097","0.47863146662712097","0.47863146662712097","0.49734848737716675","0.49734848737716675","0.49734848737716675","0.4767208397388458","0.4767208397388458","0.4767208397388458","0.4974273443222046","0.4974273443222046","0.4974273443222046","0.4946739971637726","0.4946739971637726","0.4946739971637726","0.47548148036003113","0.47548148036003113","0.47548148036003113","0.4780217409133911","0.4780217409133911","0.4780217409133911"
"35300","0.49690747261047363","0.49690747261047363","0.49690747261047363","0.4761453866958618","0.4761453866958618","0.4761453866958618","0.4945765733718872","0.4945765733718872","0.4945765733718872","0.4766802489757538","0.4766802489757538","0.4766802489757538","0.49481135606765747","0.49481135606765747","0.49481135606765747","0.4759916365146637","0.4759916365146637","0.4759916365146637","0.49626967310905457","0.49626967310905457","0.49626967310905457","0.4932996332645416","0.4932996332645416","0.4932996332645416","0.4759518504142761","0.4759518504142761","0.4759518504142761","0.4766544997692108","0.4766544997692108","0.4766544997692108"